W0524 23:15:54.750000 294 torch/distributed/run.py:852] 
W0524 23:15:54.750000 294 torch/distributed/run.py:852] *****************************************
W0524 23:15:54.750000 294 torch/distributed/run.py:852] Setting OMP_NUM_THREADS environment variable for each process to be 1 in default, to avoid your system being overloaded, please further tune the variable for optimal performance in your application as needed. 
W0524 23:15:54.750000 294 torch/distributed/run.py:852] *****************************************
Trainable parameters: 5,824,664 (5.82M)
/kaggle/working/mss/scripts/train_watch.py:352: FutureWarning: `torch.cuda.amp.GradScaler(args...)` is deprecated. Please use `torch.amp.GradScaler('cuda', args...)` instead.
  scaler = torch.cuda.amp.GradScaler(enabled=amp_enabled)
/kaggle/working/mss/scripts/train_watch.py:352: FutureWarning: `torch.cuda.amp.GradScaler(args...)` is deprecated. Please use `torch.amp.GradScaler('cuda', args...)` instead.
  scaler = torch.cuda.amp.GradScaler(enabled=amp_enabled)
epoch 0 train started total=500
epoch 0 train batch=5/500 elapsed=4.3s
epoch 0 train batch=5/500 elapsed=5.1s loss=3.0213 time=0.3070 stft=4.7078
epoch 0 train batch=10/500 elapsed=8.1s
epoch 0 train batch=10/500 elapsed=8.9s loss=2.8852 time=0.2411 stft=4.6745
epoch 0 train batch=15/500 elapsed=11.9s
epoch 0 train batch=15/500 elapsed=12.6s loss=2.7140 time=0.2125 stft=4.4027
epoch 0 train batch=20/500 elapsed=15.6s
epoch 0 train batch=20/500 elapsed=16.4s loss=2.6915 time=0.2126 stft=4.3622
epoch 0 train batch=25/500 elapsed=19.4s
epoch 0 train batch=25/500 elapsed=20.1s loss=2.6899 time=0.2002 stft=4.3801
epoch 0 train batch=30/500 elapsed=23.2s
epoch 0 train batch=30/500 elapsed=23.9s loss=2.5513 time=0.1875 stft=4.1506
epoch 0 train batch=35/500 elapsed=27.0s
epoch 0 train batch=35/500 elapsed=27.7s loss=2.3840 time=0.1699 stft=3.8719
epoch 0 train batch=40/500 elapsed=30.8s
epoch 0 train batch=40/500 elapsed=31.6s loss=2.2997 time=0.1581 stft=3.7395
epoch 0 train batch=45/500 elapsed=34.7s
epoch 0 train batch=45/500 elapsed=35.4s loss=2.2060 time=0.1469 stft=3.5822
epoch 0 train batch=50/500 elapsed=38.6s
epoch 0 train batch=50/500 elapsed=39.3s loss=2.0965 time=0.1392 stft=3.3813
epoch 0 train batch=55/500 elapsed=42.5s
epoch 0 train batch=55/500 elapsed=43.2s loss=2.0083 time=0.1333 stft=3.2273
epoch 0 train batch=60/500 elapsed=46.4s
epoch 0 train batch=60/500 elapsed=47.2s loss=2.0200 time=0.1257 stft=3.2719
epoch 0 train batch=65/500 elapsed=50.4s
epoch 0 train batch=65/500 elapsed=51.1s loss=1.9590 time=0.1190 stft=3.1746
epoch 0 train batch=70/500 elapsed=54.3s
epoch 0 train batch=70/500 elapsed=55.1s loss=1.9241 time=0.1143 stft=3.1196
epoch 0 train batch=75/500 elapsed=58.4s
epoch 0 train batch=75/500 elapsed=59.2s loss=1.8985 time=0.1104 stft=3.0808
epoch 0 train batch=80/500 elapsed=62.4s
epoch 0 train batch=80/500 elapsed=63.3s loss=1.8404 time=0.1083 stft=2.9715
epoch 0 train batch=85/500 elapsed=66.6s
epoch 0 train batch=85/500 elapsed=67.4s loss=1.7949 time=0.1052 stft=2.8903
epoch 0 train batch=90/500 elapsed=70.7s
epoch 0 train batch=90/500 elapsed=71.6s loss=1.7537 time=0.1014 stft=2.8189
epoch 0 train batch=95/500 elapsed=75.0s
epoch 0 train batch=95/500 elapsed=75.8s loss=1.7147 time=0.0992 stft=2.7497
epoch 0 train batch=100/500 elapsed=79.3s
epoch 0 train batch=100/500 elapsed=80.2s loss=1.6782 time=0.0954 stft=2.6934
epoch 0 train batch=105/500 elapsed=83.7s
epoch 0 train batch=105/500 elapsed=84.6s loss=1.6451 time=0.0930 stft=2.6365
epoch 0 train batch=110/500 elapsed=88.1s
epoch 0 train batch=110/500 elapsed=88.9s loss=1.6110 time=0.0909 stft=2.5784
epoch 0 train batch=115/500 elapsed=92.4s
epoch 0 train batch=115/500 elapsed=93.2s loss=1.5929 time=0.0894 stft=2.5485
epoch 0 train batch=120/500 elapsed=96.5s
epoch 0 train batch=120/500 elapsed=97.4s loss=1.5678 time=0.0880 stft=2.5031
epoch 0 train batch=125/500 elapsed=100.7s
epoch 0 train batch=125/500 elapsed=101.5s loss=1.5501 time=0.0860 stft=2.4756
epoch 0 train batch=130/500 elapsed=104.8s
epoch 0 train batch=130/500 elapsed=105.6s loss=1.5576 time=0.0843 stft=2.4995
epoch 0 train batch=135/500 elapsed=108.9s
epoch 0 train batch=135/500 elapsed=109.7s loss=1.5344 time=0.0830 stft=2.4588
epoch 0 train batch=140/500 elapsed=112.9s
epoch 0 train batch=140/500 elapsed=113.7s loss=1.5127 time=0.0817 stft=2.4205
epoch 0 train batch=145/500 elapsed=116.9s
epoch 0 train batch=145/500 elapsed=117.7s loss=1.4926 time=0.0801 stft=2.3869
epoch 0 train batch=150/500 elapsed=120.9s
epoch 0 train batch=150/500 elapsed=121.7s loss=1.4779 time=0.0789 stft=2.3609
epoch 0 train batch=155/500 elapsed=124.9s
epoch 0 train batch=155/500 elapsed=125.7s loss=1.4669 time=0.0781 stft=2.3432
epoch 0 train batch=160/500 elapsed=128.9s
epoch 0 train batch=160/500 elapsed=129.7s loss=1.4682 time=0.0772 stft=2.3500
epoch 0 train batch=165/500 elapsed=132.9s
epoch 0 train batch=165/500 elapsed=133.7s loss=1.4516 time=0.0766 stft=2.3184
epoch 0 train batch=170/500 elapsed=136.9s
epoch 0 train batch=170/500 elapsed=137.7s loss=1.4461 time=0.0760 stft=2.3101
epoch 0 train batch=175/500 elapsed=140.9s
epoch 0 train batch=175/500 elapsed=141.7s loss=1.4381 time=0.0749 stft=2.2988
epoch 0 train batch=180/500 elapsed=144.9s
epoch 0 train batch=180/500 elapsed=145.7s loss=1.4189 time=0.0744 stft=2.2626
epoch 0 train batch=185/500 elapsed=149.0s
epoch 0 train batch=185/500 elapsed=149.8s loss=1.4011 time=0.0739 stft=2.2290
epoch 0 train batch=190/500 elapsed=153.0s
epoch 0 train batch=190/500 elapsed=153.8s loss=1.3919 time=0.0733 stft=2.2135
epoch 0 train batch=195/500 elapsed=157.1s
epoch 0 train batch=195/500 elapsed=158.0s loss=1.3886 time=0.0723 stft=2.2108
epoch 0 train batch=200/500 elapsed=161.3s
epoch 0 train batch=200/500 elapsed=162.1s loss=1.3918 time=0.0717 stft=2.2197
epoch 0 train batch=205/500 elapsed=165.4s
epoch 0 train batch=205/500 elapsed=166.2s loss=1.3789 time=0.0708 stft=2.1978
epoch 0 train batch=210/500 elapsed=169.6s
epoch 0 train batch=210/500 elapsed=170.4s loss=1.3738 time=0.0699 stft=2.1904
epoch 0 train batch=215/500 elapsed=173.7s
epoch 0 train batch=215/500 elapsed=174.5s loss=1.3583 time=0.0691 stft=2.1627
epoch 0 train batch=220/500 elapsed=177.9s
epoch 0 train batch=220/500 elapsed=178.7s loss=1.3436 time=0.0686 stft=2.1359
epoch 0 train batch=225/500 elapsed=182.0s
epoch 0 train batch=225/500 elapsed=182.8s loss=1.3346 time=0.0681 stft=2.1204
epoch 0 train batch=230/500 elapsed=186.1s
epoch 0 train batch=230/500 elapsed=186.9s loss=1.3230 time=0.0676 stft=2.0991
epoch 0 train batch=235/500 elapsed=190.2s
epoch 0 train batch=235/500 elapsed=191.0s loss=1.3222 time=0.0669 stft=2.0993
epoch 0 train batch=240/500 elapsed=194.3s
epoch 0 train batch=240/500 elapsed=195.1s loss=1.3114 time=0.0667 stft=2.0790
epoch 0 train batch=245/500 elapsed=198.4s
epoch 0 train batch=245/500 elapsed=199.2s loss=1.2988 time=0.0663 stft=2.0562
epoch 0 train batch=250/500 elapsed=202.4s
epoch 0 train batch=250/500 elapsed=203.2s loss=1.2883 time=0.0662 stft=2.0353
epoch 0 train batch=255/500 elapsed=206.5s
epoch 0 train batch=255/500 elapsed=207.3s loss=1.2989 time=0.0656 stft=2.0592
epoch 0 train batch=260/500 elapsed=210.5s
epoch 0 train batch=260/500 elapsed=211.3s loss=1.2965 time=0.0653 stft=2.0558
epoch 0 train batch=265/500 elapsed=214.6s
epoch 0 train batch=265/500 elapsed=215.4s loss=1.2883 time=0.0648 stft=2.0416
epoch 0 train batch=270/500 elapsed=218.6s
epoch 0 train batch=270/500 elapsed=219.4s loss=1.2827 time=0.0641 stft=2.0330
epoch 0 train batch=275/500 elapsed=222.7s
epoch 0 train batch=275/500 elapsed=223.5s loss=1.2702 time=0.0638 stft=2.0105
epoch 0 train batch=280/500 elapsed=226.7s
epoch 0 train batch=280/500 elapsed=227.5s loss=1.2614 time=0.0636 stft=1.9931
epoch 0 train batch=285/500 elapsed=230.8s
epoch 0 train batch=285/500 elapsed=231.6s loss=1.2515 time=0.0631 stft=1.9754
epoch 0 train batch=290/500 elapsed=234.8s
epoch 0 train batch=290/500 elapsed=235.7s loss=1.2546 time=0.0629 stft=1.9825
epoch 0 train batch=295/500 elapsed=238.9s
epoch 0 train batch=295/500 elapsed=239.7s loss=1.2532 time=0.0626 stft=1.9811
epoch 0 train batch=300/500 elapsed=243.0s
epoch 0 train batch=300/500 elapsed=243.8s loss=1.2454 time=0.0624 stft=1.9665
epoch 0 train batch=305/500 elapsed=247.1s
epoch 0 train batch=305/500 elapsed=247.9s loss=1.2481 time=0.0621 stft=1.9728
epoch 0 train batch=310/500 elapsed=251.2s
epoch 0 train batch=310/500 elapsed=252.0s loss=1.2432 time=0.0618 stft=1.9644
epoch 0 train batch=315/500 elapsed=255.3s
epoch 0 train batch=315/500 elapsed=256.1s loss=1.2399 time=0.0615 stft=1.9588
epoch 0 train batch=320/500 elapsed=259.4s
epoch 0 train batch=320/500 elapsed=260.2s loss=1.2358 time=0.0613 stft=1.9514
epoch 0 train batch=325/500 elapsed=263.5s
epoch 0 train batch=325/500 elapsed=264.3s loss=1.2309 time=0.0609 stft=1.9432
epoch 0 train batch=330/500 elapsed=267.6s
epoch 0 train batch=330/500 elapsed=268.4s loss=1.2303 time=0.0605 stft=1.9435
epoch 0 train batch=335/500 elapsed=271.7s
epoch 0 train batch=335/500 elapsed=272.5s loss=1.2299 time=0.0602 stft=1.9431
epoch 0 train batch=340/500 elapsed=275.8s
epoch 0 train batch=340/500 elapsed=276.6s loss=1.2261 time=0.0599 stft=1.9370
epoch 0 train batch=345/500 elapsed=279.9s
epoch 0 train batch=345/500 elapsed=280.7s loss=1.2189 time=0.0597 stft=1.9235
epoch 0 train batch=350/500 elapsed=284.0s
epoch 0 train batch=350/500 elapsed=284.8s loss=1.2134 time=0.0597 stft=1.9124
epoch 0 train batch=355/500 elapsed=288.1s
epoch 0 train batch=355/500 elapsed=288.9s loss=1.2066 time=0.0594 stft=1.8997
epoch 0 train batch=360/500 elapsed=292.2s
epoch 0 train batch=360/500 elapsed=293.0s loss=1.2058 time=0.0591 stft=1.8994
epoch 0 train batch=365/500 elapsed=296.2s
epoch 0 train batch=365/500 elapsed=297.1s loss=1.1991 time=0.0588 stft=1.8869
epoch 0 train batch=370/500 elapsed=300.3s
epoch 0 train batch=370/500 elapsed=301.1s loss=1.2032 time=0.0586 stft=1.8955
epoch 0 train batch=375/500 elapsed=304.4s
epoch 0 train batch=375/500 elapsed=305.2s loss=1.2000 time=0.0585 stft=1.8897
epoch 0 train batch=380/500 elapsed=308.5s
epoch 0 train batch=380/500 elapsed=309.3s loss=1.1958 time=0.0584 stft=1.8814
epoch 0 train batch=385/500 elapsed=312.6s
epoch 0 train batch=385/500 elapsed=313.4s loss=1.1923 time=0.0581 stft=1.8758
epoch 0 train batch=390/500 elapsed=316.6s
epoch 0 train batch=390/500 elapsed=317.4s loss=1.1950 time=0.0580 stft=1.8812
epoch 0 train batch=395/500 elapsed=320.7s
epoch 0 train batch=395/500 elapsed=321.5s loss=1.1975 time=0.0578 stft=1.8869
epoch 0 train batch=400/500 elapsed=324.8s
epoch 0 train batch=400/500 elapsed=325.6s loss=1.1952 time=0.0577 stft=1.8832
epoch 0 train batch=405/500 elapsed=328.9s
epoch 0 train batch=405/500 elapsed=329.7s loss=1.1888 time=0.0574 stft=1.8717
epoch 0 train batch=410/500 elapsed=332.9s
epoch 0 train batch=410/500 elapsed=333.7s loss=1.1843 time=0.0573 stft=1.8627
epoch 0 train batch=415/500 elapsed=337.0s
epoch 0 train batch=415/500 elapsed=337.8s loss=1.1792 time=0.0569 stft=1.8541
epoch 0 train batch=420/500 elapsed=341.1s
epoch 0 train batch=420/500 elapsed=341.9s loss=1.1799 time=0.0570 stft=1.8551
epoch 0 train batch=425/500 elapsed=345.1s
epoch 0 train batch=425/500 elapsed=345.9s loss=1.1769 time=0.0570 stft=1.8483
epoch 0 train batch=430/500 elapsed=349.2s
epoch 0 train batch=430/500 elapsed=350.0s loss=1.1746 time=0.0569 stft=1.8445
epoch 0 train batch=435/500 elapsed=353.3s
epoch 0 train batch=435/500 elapsed=354.1s loss=1.1693 time=0.0567 stft=1.8349
epoch 0 train batch=440/500 elapsed=357.3s
epoch 0 train batch=440/500 elapsed=358.2s loss=1.1639 time=0.0565 stft=1.8248
epoch 0 train batch=445/500 elapsed=361.4s
epoch 0 train batch=445/500 elapsed=362.2s loss=1.1595 time=0.0564 stft=1.8164
epoch 0 train batch=450/500 elapsed=365.5s
epoch 0 train batch=450/500 elapsed=366.3s loss=1.1642 time=0.0561 stft=1.8273
epoch 0 train batch=455/500 elapsed=369.5s
epoch 0 train batch=455/500 elapsed=370.3s loss=1.1606 time=0.0559 stft=1.8209
epoch 0 train batch=460/500 elapsed=373.6s
epoch 0 train batch=460/500 elapsed=374.4s loss=1.1610 time=0.0557 stft=1.8222
epoch 0 train batch=465/500 elapsed=377.7s
epoch 0 train batch=465/500 elapsed=378.5s loss=1.1607 time=0.0556 stft=1.8225
epoch 0 train batch=470/500 elapsed=381.7s
epoch 0 train batch=470/500 elapsed=382.5s loss=1.1565 time=0.0555 stft=1.8147
epoch 0 train batch=475/500 elapsed=385.9s
epoch 0 train batch=475/500 elapsed=386.7s loss=1.1518 time=0.0554 stft=1.8057
epoch 0 train batch=480/500 elapsed=389.9s
epoch 0 train batch=480/500 elapsed=390.7s loss=1.1477 time=0.0555 stft=1.7974
epoch 0 train batch=485/500 elapsed=394.0s
epoch 0 train batch=485/500 elapsed=394.8s loss=1.1495 time=0.0554 stft=1.8020
epoch 0 train batch=490/500 elapsed=398.0s
epoch 0 train batch=490/500 elapsed=398.8s loss=1.1485 time=0.0552 stft=1.8007
epoch 0 train batch=495/500 elapsed=402.1s
epoch 0 train batch=495/500 elapsed=402.9s loss=1.1543 time=0.0551 stft=1.8132
epoch 0 train batch=500/500 elapsed=406.2s
epoch 0 train batch=500/500 elapsed=407.0s loss=1.1503 time=0.0550 stft=1.8055
valid started total=20
valid batch=5/20 elapsed=1.2s
valid batch=10/20 elapsed=2.5s
valid batch=15/20 elapsed=3.9s
valid batch=20/20 elapsed=5.2s
epoch=0 train_loss=1.1627 valid_loss=2.2615 valid_si_sdr=-43.38dB
epoch 1 train started total=500
epoch 1 train batch=5/500 elapsed=3.3s
epoch 1 train batch=5/500 elapsed=4.1s loss=0.7789 time=0.0523 stft=1.0185
epoch 1 train batch=10/500 elapsed=7.4s
epoch 1 train batch=10/500 elapsed=8.2s loss=0.7650 time=0.0476 stft=1.0326
epoch 1 train batch=15/500 elapsed=11.4s
epoch 1 train batch=15/500 elapsed=12.3s loss=0.8420 time=0.0459 stft=1.2085
epoch 1 train batch=20/500 elapsed=15.5s
epoch 1 train batch=20/500 elapsed=16.3s loss=0.8166 time=0.0477 stft=1.1559
epoch 1 train batch=25/500 elapsed=19.6s
epoch 1 train batch=25/500 elapsed=20.4s loss=0.9743 time=0.0461 stft=1.4773
epoch 1 train batch=30/500 elapsed=23.7s
epoch 1 train batch=30/500 elapsed=24.5s loss=0.9676 time=0.0461 stft=1.4695
epoch 1 train batch=35/500 elapsed=27.8s
epoch 1 train batch=35/500 elapsed=28.6s loss=0.9383 time=0.0467 stft=1.4072
epoch 1 train batch=40/500 elapsed=31.8s
epoch 1 train batch=40/500 elapsed=32.7s loss=0.9311 time=0.0453 stft=1.4033
epoch 1 train batch=45/500 elapsed=35.9s
epoch 1 train batch=45/500 elapsed=36.7s loss=0.9056 time=0.0453 stft=1.3556
epoch 1 train batch=50/500 elapsed=40.0s
epoch 1 train batch=50/500 elapsed=40.8s loss=0.8891 time=0.0453 stft=1.3241
epoch 1 train batch=55/500 elapsed=44.1s
epoch 1 train batch=55/500 elapsed=44.9s loss=0.9131 time=0.0451 stft=1.3738
epoch 1 train batch=60/500 elapsed=48.2s
epoch 1 train batch=60/500 elapsed=49.0s loss=0.9339 time=0.0455 stft=1.4145
epoch 1 train batch=65/500 elapsed=52.3s
epoch 1 train batch=65/500 elapsed=53.1s loss=0.9325 time=0.0448 stft=1.4134
epoch 1 train batch=70/500 elapsed=56.4s
epoch 1 train batch=70/500 elapsed=57.2s loss=0.9674 time=0.0443 stft=1.4828
epoch 1 train batch=75/500 elapsed=60.5s
epoch 1 train batch=75/500 elapsed=61.3s loss=0.9795 time=0.0436 stft=1.5105
epoch 1 train batch=80/500 elapsed=64.6s
epoch 1 train batch=80/500 elapsed=65.4s loss=0.9885 time=0.0436 stft=1.5243
epoch 1 train batch=85/500 elapsed=68.7s
epoch 1 train batch=85/500 elapsed=69.5s loss=0.9903 time=0.0444 stft=1.5255
epoch 1 train batch=90/500 elapsed=72.8s
epoch 1 train batch=90/500 elapsed=73.6s loss=1.0048 time=0.0440 stft=1.5594
epoch 1 train batch=95/500 elapsed=76.9s
epoch 1 train batch=95/500 elapsed=77.7s loss=1.0126 time=0.0437 stft=1.5757
epoch 1 train batch=100/500 elapsed=81.0s
epoch 1 train batch=100/500 elapsed=81.8s loss=1.0255 time=0.0434 stft=1.6008
epoch 1 train batch=105/500 elapsed=85.1s
epoch 1 train batch=105/500 elapsed=85.9s loss=1.0215 time=0.0435 stft=1.5915
epoch 1 train batch=110/500 elapsed=89.2s
epoch 1 train batch=110/500 elapsed=90.0s loss=1.0334 time=0.0436 stft=1.6144
epoch 1 train batch=115/500 elapsed=93.3s
epoch 1 train batch=115/500 elapsed=94.1s loss=1.0277 time=0.0436 stft=1.6047
epoch 1 train batch=120/500 elapsed=97.4s
epoch 1 train batch=120/500 elapsed=98.2s loss=1.0253 time=0.0439 stft=1.5987
epoch 1 train batch=125/500 elapsed=101.5s
epoch 1 train batch=125/500 elapsed=102.3s loss=1.0489 time=0.0435 stft=1.6482
epoch 1 train batch=130/500 elapsed=105.6s
epoch 1 train batch=130/500 elapsed=106.4s loss=1.0378 time=0.0437 stft=1.6254
epoch 1 train batch=135/500 elapsed=109.7s
epoch 1 train batch=135/500 elapsed=110.5s loss=1.0721 time=0.0436 stft=1.6922
epoch 1 train batch=140/500 elapsed=113.7s
epoch 1 train batch=140/500 elapsed=114.6s loss=1.0565 time=0.0432 stft=1.6636
epoch 1 train batch=145/500 elapsed=117.8s
epoch 1 train batch=145/500 elapsed=118.6s loss=1.0430 time=0.0429 stft=1.6384
epoch 1 train batch=150/500 elapsed=121.9s
epoch 1 train batch=150/500 elapsed=122.7s loss=1.0409 time=0.0429 stft=1.6356
epoch 1 train batch=155/500 elapsed=126.0s
epoch 1 train batch=155/500 elapsed=126.8s loss=1.0307 time=0.0430 stft=1.6133
epoch 1 train batch=160/500 elapsed=130.1s
epoch 1 train batch=160/500 elapsed=130.9s loss=1.0308 time=0.0429 stft=1.6134
epoch 1 train batch=165/500 elapsed=134.2s
epoch 1 train batch=165/500 elapsed=135.0s loss=1.0314 time=0.0426 stft=1.6169
epoch 1 train batch=170/500 elapsed=138.2s
epoch 1 train batch=170/500 elapsed=139.1s loss=1.0215 time=0.0425 stft=1.5981
epoch 1 train batch=175/500 elapsed=142.3s
epoch 1 train batch=175/500 elapsed=143.1s loss=1.0256 time=0.0425 stft=1.6056
epoch 1 train batch=180/500 elapsed=146.4s
epoch 1 train batch=180/500 elapsed=147.2s loss=1.0164 time=0.0427 stft=1.5873
epoch 1 train batch=185/500 elapsed=150.5s
epoch 1 train batch=185/500 elapsed=151.3s loss=1.0070 time=0.0423 stft=1.5704
epoch 1 train batch=190/500 elapsed=154.5s
epoch 1 train batch=190/500 elapsed=155.3s loss=0.9988 time=0.0424 stft=1.5528
epoch 1 train batch=195/500 elapsed=158.6s
epoch 1 train batch=195/500 elapsed=159.4s loss=0.9918 time=0.0425 stft=1.5387
epoch 1 train batch=200/500 elapsed=162.7s
epoch 1 train batch=200/500 elapsed=163.5s loss=1.0003 time=0.0422 stft=1.5579
epoch 1 train batch=205/500 elapsed=166.8s
epoch 1 train batch=205/500 elapsed=167.6s loss=1.0104 time=0.0420 stft=1.5790
epoch 1 train batch=210/500 elapsed=170.8s
epoch 1 train batch=210/500 elapsed=171.6s loss=1.0097 time=0.0418 stft=1.5791
epoch 1 train batch=215/500 elapsed=174.9s
epoch 1 train batch=215/500 elapsed=175.7s loss=1.0044 time=0.0419 stft=1.5680
epoch 1 train batch=220/500 elapsed=179.0s
epoch 1 train batch=220/500 elapsed=179.8s loss=1.0041 time=0.0420 stft=1.5675
epoch 1 train batch=225/500 elapsed=183.0s
epoch 1 train batch=225/500 elapsed=183.8s loss=1.0036 time=0.0419 stft=1.5674
epoch 1 train batch=230/500 elapsed=187.1s
epoch 1 train batch=230/500 elapsed=187.9s loss=0.9985 time=0.0420 stft=1.5572
epoch 1 train batch=235/500 elapsed=191.2s
epoch 1 train batch=235/500 elapsed=192.0s loss=0.9911 time=0.0419 stft=1.5434
epoch 1 train batch=240/500 elapsed=195.2s
epoch 1 train batch=240/500 elapsed=196.1s loss=0.9956 time=0.0416 stft=1.5528
epoch 1 train batch=245/500 elapsed=199.3s
epoch 1 train batch=245/500 elapsed=200.1s loss=0.9951 time=0.0418 stft=1.5512
epoch 1 train batch=250/500 elapsed=203.4s
epoch 1 train batch=250/500 elapsed=204.2s loss=0.9933 time=0.0419 stft=1.5473
epoch 1 train batch=255/500 elapsed=207.4s
epoch 1 train batch=255/500 elapsed=208.3s loss=0.9966 time=0.0419 stft=1.5540
epoch 1 train batch=260/500 elapsed=211.5s
epoch 1 train batch=260/500 elapsed=212.3s loss=1.0082 time=0.0417 stft=1.5782
epoch 1 train batch=265/500 elapsed=215.6s
epoch 1 train batch=265/500 elapsed=216.4s loss=1.0104 time=0.0418 stft=1.5824
epoch 1 train batch=270/500 elapsed=219.7s
epoch 1 train batch=270/500 elapsed=220.5s loss=1.0099 time=0.0418 stft=1.5810
epoch 1 train batch=275/500 elapsed=223.7s
epoch 1 train batch=275/500 elapsed=224.5s loss=1.0171 time=0.0416 stft=1.5967
epoch 1 train batch=280/500 elapsed=227.8s
epoch 1 train batch=280/500 elapsed=228.6s loss=1.0191 time=0.0415 stft=1.6014
epoch 1 train batch=285/500 elapsed=231.9s
epoch 1 train batch=285/500 elapsed=232.7s loss=1.0215 time=0.0415 stft=1.6060
epoch 1 train batch=290/500 elapsed=235.9s
epoch 1 train batch=290/500 elapsed=236.7s loss=1.0360 time=0.0415 stft=1.6348
epoch 1 train batch=295/500 elapsed=240.0s
epoch 1 train batch=295/500 elapsed=240.8s loss=1.0358 time=0.0414 stft=1.6344
epoch 1 train batch=300/500 elapsed=244.1s
epoch 1 train batch=300/500 elapsed=244.9s loss=1.0302 time=0.0414 stft=1.6233
epoch 1 train batch=305/500 elapsed=248.1s
epoch 1 train batch=305/500 elapsed=248.9s loss=1.0376 time=0.0412 stft=1.6395
epoch 1 train batch=310/500 elapsed=252.2s
epoch 1 train batch=310/500 elapsed=253.0s loss=1.0398 time=0.0414 stft=1.6437
epoch 1 train batch=315/500 elapsed=256.2s
epoch 1 train batch=315/500 elapsed=257.0s loss=1.0438 time=0.0413 stft=1.6522
epoch 1 train batch=320/500 elapsed=260.3s
epoch 1 train batch=320/500 elapsed=261.1s loss=1.0425 time=0.0412 stft=1.6504
epoch 1 train batch=325/500 elapsed=264.4s
epoch 1 train batch=325/500 elapsed=265.2s loss=1.0401 time=0.0410 stft=1.6462
epoch 1 train batch=330/500 elapsed=268.4s
epoch 1 train batch=330/500 elapsed=269.2s loss=1.0546 time=0.0408 stft=1.6760
epoch 1 train batch=335/500 elapsed=272.5s
epoch 1 train batch=335/500 elapsed=273.3s loss=1.0497 time=0.0409 stft=1.6659
epoch 1 train batch=340/500 elapsed=276.6s
epoch 1 train batch=340/500 elapsed=277.4s loss=1.0597 time=0.0408 stft=1.6855
epoch 1 train batch=345/500 elapsed=280.6s
epoch 1 train batch=345/500 elapsed=281.4s loss=1.0618 time=0.0408 stft=1.6897
epoch 1 train batch=350/500 elapsed=284.7s
epoch 1 train batch=350/500 elapsed=285.5s loss=1.0653 time=0.0407 stft=1.6970
epoch 1 train batch=355/500 elapsed=288.7s
epoch 1 train batch=355/500 elapsed=289.5s loss=1.0680 time=0.0408 stft=1.7020
epoch 1 train batch=360/500 elapsed=292.8s
epoch 1 train batch=360/500 elapsed=293.6s loss=1.0717 time=0.0409 stft=1.7091
epoch 1 train batch=365/500 elapsed=296.9s
epoch 1 train batch=365/500 elapsed=297.7s loss=1.0665 time=0.0409 stft=1.6990
epoch 1 train batch=370/500 elapsed=300.9s
epoch 1 train batch=370/500 elapsed=301.7s loss=1.0653 time=0.0412 stft=1.6957
epoch 1 train batch=375/500 elapsed=305.0s
epoch 1 train batch=375/500 elapsed=305.8s loss=1.0639 time=0.0412 stft=1.6924
epoch 1 train batch=380/500 elapsed=309.1s
epoch 1 train batch=380/500 elapsed=309.9s loss=1.0594 time=0.0414 stft=1.6830
epoch 1 train batch=385/500 elapsed=313.1s
epoch 1 train batch=385/500 elapsed=313.9s loss=1.0651 time=0.0414 stft=1.6950
epoch 1 train batch=390/500 elapsed=317.2s
epoch 1 train batch=390/500 elapsed=318.0s loss=1.0686 time=0.0412 stft=1.7025
epoch 1 train batch=395/500 elapsed=321.2s
epoch 1 train batch=395/500 elapsed=322.1s loss=1.0737 time=0.0412 stft=1.7124
epoch 1 train batch=400/500 elapsed=325.3s
epoch 1 train batch=400/500 elapsed=326.1s loss=1.0699 time=0.0413 stft=1.7043
epoch 1 train batch=405/500 elapsed=329.4s
epoch 1 train batch=405/500 elapsed=330.2s loss=1.0662 time=0.0414 stft=1.6962
epoch 1 train batch=410/500 elapsed=333.4s
epoch 1 train batch=410/500 elapsed=334.3s loss=1.0785 time=0.0413 stft=1.7212
epoch 1 train batch=415/500 elapsed=337.5s
epoch 1 train batch=415/500 elapsed=338.3s loss=1.0797 time=0.0414 stft=1.7230
epoch 1 train batch=420/500 elapsed=341.6s
epoch 1 train batch=420/500 elapsed=342.4s loss=1.0784 time=0.0414 stft=1.7208
epoch 1 train batch=425/500 elapsed=345.6s
epoch 1 train batch=425/500 elapsed=346.4s loss=1.0769 time=0.0413 stft=1.7180
epoch 1 train batch=430/500 elapsed=349.7s
epoch 1 train batch=430/500 elapsed=350.5s loss=1.0841 time=0.0412 stft=1.7329
epoch 1 train batch=435/500 elapsed=353.8s
epoch 1 train batch=435/500 elapsed=354.6s loss=1.0845 time=0.0413 stft=1.7336
epoch 1 train batch=440/500 elapsed=357.8s
epoch 1 train batch=440/500 elapsed=358.6s loss=1.0842 time=0.0412 stft=1.7337
epoch 1 train batch=445/500 elapsed=361.9s
epoch 1 train batch=445/500 elapsed=362.7s loss=1.0854 time=0.0412 stft=1.7358
epoch 1 train batch=450/500 elapsed=365.9s
epoch 1 train batch=450/500 elapsed=366.8s loss=1.0903 time=0.0411 stft=1.7460
epoch 1 train batch=455/500 elapsed=370.0s
epoch 1 train batch=455/500 elapsed=370.8s loss=1.0863 time=0.0412 stft=1.7380
epoch 1 train batch=460/500 elapsed=374.1s
epoch 1 train batch=460/500 elapsed=374.9s loss=1.0826 time=0.0411 stft=1.7306
epoch 1 train batch=465/500 elapsed=378.1s
epoch 1 train batch=465/500 elapsed=378.9s loss=1.0814 time=0.0411 stft=1.7280
epoch 1 train batch=470/500 elapsed=382.2s
epoch 1 train batch=470/500 elapsed=383.0s loss=1.0825 time=0.0413 stft=1.7298
epoch 1 train batch=475/500 elapsed=386.2s
epoch 1 train batch=475/500 elapsed=387.0s loss=1.0813 time=0.0412 stft=1.7274
epoch 1 train batch=480/500 elapsed=390.3s
epoch 1 train batch=480/500 elapsed=391.1s loss=1.0818 time=0.0412 stft=1.7286
epoch 1 train batch=485/500 elapsed=394.4s
epoch 1 train batch=485/500 elapsed=395.2s loss=1.0778 time=0.0412 stft=1.7208
epoch 1 train batch=490/500 elapsed=398.4s
epoch 1 train batch=490/500 elapsed=399.2s loss=1.0759 time=0.0411 stft=1.7174
epoch 1 train batch=495/500 elapsed=402.5s
epoch 1 train batch=495/500 elapsed=403.3s loss=1.0728 time=0.0410 stft=1.7119
epoch 1 train batch=500/500 elapsed=406.5s
epoch 1 train batch=500/500 elapsed=407.4s loss=1.0693 time=0.0412 stft=1.7045
valid started total=20
valid batch=5/20 elapsed=1.1s
valid batch=10/20 elapsed=2.4s
valid batch=15/20 elapsed=3.8s
valid batch=20/20 elapsed=5.1s
epoch=1 train_loss=1.0452 valid_loss=1.9622 valid_si_sdr=-43.11dB
epoch 2 train started total=500
epoch 2 train batch=5/500 elapsed=3.3s
epoch 2 train batch=5/500 elapsed=4.1s loss=0.8077 time=0.0355 stft=1.2195
epoch 2 train batch=10/500 elapsed=7.4s
epoch 2 train batch=10/500 elapsed=8.2s loss=0.8043 time=0.0440 stft=1.1862
epoch 2 train batch=15/500 elapsed=11.4s
epoch 2 train batch=15/500 elapsed=12.2s loss=0.8651 time=0.0416 stft=1.3101
epoch 2 train batch=20/500 elapsed=15.5s
epoch 2 train batch=20/500 elapsed=16.3s loss=0.9454 time=0.0383 stft=1.4849
epoch 2 train batch=25/500 elapsed=19.5s
epoch 2 train batch=25/500 elapsed=20.3s loss=0.9126 time=0.0376 stft=1.4207
epoch 2 train batch=30/500 elapsed=23.6s
epoch 2 train batch=30/500 elapsed=24.4s loss=0.8774 time=0.0369 stft=1.3489
epoch 2 train batch=35/500 elapsed=27.6s
epoch 2 train batch=35/500 elapsed=28.5s loss=0.9510 time=0.0364 stft=1.4941
epoch 2 train batch=40/500 elapsed=31.7s
epoch 2 train batch=40/500 elapsed=32.5s loss=0.9182 time=0.0367 stft=1.4273
epoch 2 train batch=45/500 elapsed=35.8s
epoch 2 train batch=45/500 elapsed=36.6s loss=0.9633 time=0.0362 stft=1.5155
epoch 2 train batch=50/500 elapsed=39.9s
epoch 2 train batch=50/500 elapsed=40.7s loss=0.9677 time=0.0387 stft=1.5091
epoch 2 train batch=55/500 elapsed=43.9s
epoch 2 train batch=55/500 elapsed=44.7s loss=0.9839 time=0.0389 stft=1.5421
epoch 2 train batch=60/500 elapsed=48.0s
epoch 2 train batch=60/500 elapsed=48.8s loss=0.9939 time=0.0384 stft=1.5633
epoch 2 train batch=65/500 elapsed=52.1s
epoch 2 train batch=65/500 elapsed=52.9s loss=0.9846 time=0.0405 stft=1.5347
epoch 2 train batch=70/500 elapsed=56.2s
epoch 2 train batch=70/500 elapsed=57.0s loss=0.9878 time=0.0405 stft=1.5415
epoch 2 train batch=75/500 elapsed=60.2s
epoch 2 train batch=75/500 elapsed=61.0s loss=0.9789 time=0.0407 stft=1.5260
epoch 2 train batch=80/500 elapsed=64.3s
epoch 2 train batch=80/500 elapsed=65.1s loss=0.9604 time=0.0404 stft=1.4895
epoch 2 train batch=85/500 elapsed=68.4s
epoch 2 train batch=85/500 elapsed=69.2s loss=0.9517 time=0.0406 stft=1.4735
epoch 2 train batch=90/500 elapsed=72.4s
epoch 2 train batch=90/500 elapsed=73.2s loss=0.9522 time=0.0401 stft=1.4773
epoch 2 train batch=95/500 elapsed=76.5s
epoch 2 train batch=95/500 elapsed=77.3s loss=0.9402 time=0.0409 stft=1.4506
epoch 2 train batch=100/500 elapsed=80.6s
epoch 2 train batch=100/500 elapsed=81.4s loss=0.9296 time=0.0410 stft=1.4298
epoch 2 train batch=105/500 elapsed=84.7s
epoch 2 train batch=105/500 elapsed=85.5s loss=0.9170 time=0.0410 stft=1.4067
epoch 2 train batch=110/500 elapsed=88.8s
epoch 2 train batch=110/500 elapsed=89.6s loss=0.9171 time=0.0411 stft=1.4077
epoch 2 train batch=115/500 elapsed=92.8s
epoch 2 train batch=115/500 elapsed=93.7s loss=0.9174 time=0.0411 stft=1.4085
epoch 2 train batch=120/500 elapsed=96.9s
epoch 2 train batch=120/500 elapsed=97.7s loss=0.9231 time=0.0412 stft=1.4192
epoch 2 train batch=125/500 elapsed=101.0s
epoch 2 train batch=125/500 elapsed=101.8s loss=0.9318 time=0.0410 stft=1.4370
epoch 2 train batch=130/500 elapsed=105.1s
epoch 2 train batch=130/500 elapsed=105.9s loss=0.9497 time=0.0407 stft=1.4727
epoch 2 train batch=135/500 elapsed=109.2s
epoch 2 train batch=135/500 elapsed=110.0s loss=0.9488 time=0.0407 stft=1.4712
epoch 2 train batch=140/500 elapsed=113.3s
epoch 2 train batch=140/500 elapsed=114.1s loss=0.9567 time=0.0409 stft=1.4851
epoch 2 train batch=145/500 elapsed=117.4s
epoch 2 train batch=145/500 elapsed=118.2s loss=0.9478 time=0.0409 stft=1.4680
epoch 2 train batch=150/500 elapsed=121.5s
epoch 2 train batch=150/500 elapsed=122.3s loss=0.9411 time=0.0411 stft=1.4524
epoch 2 train batch=155/500 elapsed=125.6s
epoch 2 train batch=155/500 elapsed=126.4s loss=0.9481 time=0.0411 stft=1.4662
epoch 2 train batch=160/500 elapsed=129.7s
epoch 2 train batch=160/500 elapsed=130.5s loss=0.9433 time=0.0408 stft=1.4566
epoch 2 train batch=165/500 elapsed=133.8s
epoch 2 train batch=165/500 elapsed=134.6s loss=0.9515 time=0.0406 stft=1.4751
epoch 2 train batch=170/500 elapsed=137.9s
epoch 2 train batch=170/500 elapsed=138.7s loss=0.9506 time=0.0406 stft=1.4733
epoch 2 train batch=175/500 elapsed=142.0s
epoch 2 train batch=175/500 elapsed=142.8s loss=0.9447 time=0.0407 stft=1.4613
epoch 2 train batch=180/500 elapsed=146.0s
epoch 2 train batch=180/500 elapsed=146.9s loss=0.9514 time=0.0409 stft=1.4726
epoch 2 train batch=185/500 elapsed=150.1s
epoch 2 train batch=185/500 elapsed=151.0s loss=0.9514 time=0.0404 stft=1.4751
epoch 2 train batch=190/500 elapsed=154.2s
epoch 2 train batch=190/500 elapsed=155.0s loss=0.9475 time=0.0399 stft=1.4690
epoch 2 train batch=195/500 elapsed=158.3s
epoch 2 train batch=195/500 elapsed=159.1s loss=0.9585 time=0.0401 stft=1.4899
epoch 2 train batch=200/500 elapsed=162.4s
epoch 2 train batch=200/500 elapsed=163.2s loss=0.9607 time=0.0402 stft=1.4938
epoch 2 train batch=205/500 elapsed=166.5s
epoch 2 train batch=205/500 elapsed=167.3s loss=0.9648 time=0.0401 stft=1.5017
epoch 2 train batch=210/500 elapsed=170.5s
epoch 2 train batch=210/500 elapsed=171.3s loss=0.9588 time=0.0401 stft=1.4892
epoch 2 train batch=215/500 elapsed=174.6s
epoch 2 train batch=215/500 elapsed=175.4s loss=0.9531 time=0.0400 stft=1.4790
epoch 2 train batch=220/500 elapsed=178.7s
epoch 2 train batch=220/500 elapsed=179.5s loss=0.9533 time=0.0400 stft=1.4788
epoch 2 train batch=225/500 elapsed=182.7s
epoch 2 train batch=225/500 elapsed=183.6s loss=0.9526 time=0.0403 stft=1.4761
epoch 2 train batch=230/500 elapsed=186.8s
epoch 2 train batch=230/500 elapsed=187.6s loss=0.9524 time=0.0404 stft=1.4752
epoch 2 train batch=235/500 elapsed=190.9s
epoch 2 train batch=235/500 elapsed=191.7s loss=0.9481 time=0.0407 stft=1.4653
epoch 2 train batch=240/500 elapsed=194.9s
epoch 2 train batch=240/500 elapsed=195.7s loss=0.9435 time=0.0411 stft=1.4553
epoch 2 train batch=245/500 elapsed=199.0s
epoch 2 train batch=245/500 elapsed=199.8s loss=0.9468 time=0.0411 stft=1.4620
epoch 2 train batch=250/500 elapsed=203.0s
epoch 2 train batch=250/500 elapsed=203.8s loss=0.9483 time=0.0411 stft=1.4653
epoch 2 train batch=255/500 elapsed=207.1s
epoch 2 train batch=255/500 elapsed=207.9s loss=0.9483 time=0.0412 stft=1.4652
epoch 2 train batch=260/500 elapsed=211.1s
epoch 2 train batch=260/500 elapsed=211.9s loss=0.9531 time=0.0411 stft=1.4753
epoch 2 train batch=265/500 elapsed=215.2s
epoch 2 train batch=265/500 elapsed=216.0s loss=0.9572 time=0.0413 stft=1.4832
epoch 2 train batch=270/500 elapsed=219.2s
epoch 2 train batch=270/500 elapsed=220.1s loss=0.9606 time=0.0411 stft=1.4899
epoch 2 train batch=275/500 elapsed=223.3s
epoch 2 train batch=275/500 elapsed=224.1s loss=0.9606 time=0.0410 stft=1.4912
epoch 2 train batch=280/500 elapsed=227.4s
epoch 2 train batch=280/500 elapsed=228.2s loss=0.9751 time=0.0409 stft=1.5203
epoch 2 train batch=285/500 elapsed=231.4s
epoch 2 train batch=285/500 elapsed=232.2s loss=0.9716 time=0.0411 stft=1.5124
epoch 2 train batch=290/500 elapsed=235.5s
epoch 2 train batch=290/500 elapsed=236.3s loss=0.9723 time=0.0410 stft=1.5142
epoch 2 train batch=295/500 elapsed=239.5s
epoch 2 train batch=295/500 elapsed=240.3s loss=0.9741 time=0.0410 stft=1.5176
epoch 2 train batch=300/500 elapsed=243.6s
epoch 2 train batch=300/500 elapsed=244.4s loss=0.9743 time=0.0410 stft=1.5185
epoch 2 train batch=305/500 elapsed=247.6s
epoch 2 train batch=305/500 elapsed=248.4s loss=0.9834 time=0.0409 stft=1.5374
epoch 2 train batch=310/500 elapsed=251.7s
epoch 2 train batch=310/500 elapsed=252.5s loss=0.9783 time=0.0408 stft=1.5282
epoch 2 train batch=315/500 elapsed=255.8s
epoch 2 train batch=315/500 elapsed=256.6s loss=0.9772 time=0.0408 stft=1.5265
epoch 2 train batch=320/500 elapsed=259.8s
epoch 2 train batch=320/500 elapsed=260.6s loss=0.9734 time=0.0408 stft=1.5188
epoch 2 train batch=325/500 elapsed=263.9s
epoch 2 train batch=325/500 elapsed=264.7s loss=0.9915 time=0.0407 stft=1.5551
epoch 2 train batch=330/500 elapsed=267.9s
epoch 2 train batch=330/500 elapsed=268.7s loss=0.9938 time=0.0407 stft=1.5598
epoch 2 train batch=335/500 elapsed=272.0s
epoch 2 train batch=335/500 elapsed=272.8s loss=0.9900 time=0.0407 stft=1.5525
epoch 2 train batch=340/500 elapsed=276.0s
epoch 2 train batch=340/500 elapsed=276.9s loss=0.9890 time=0.0407 stft=1.5504
epoch 2 train batch=345/500 elapsed=280.1s
epoch 2 train batch=345/500 elapsed=280.9s loss=0.9849 time=0.0406 stft=1.5420
epoch 2 train batch=350/500 elapsed=284.2s
epoch 2 train batch=350/500 elapsed=285.0s loss=0.9801 time=0.0405 stft=1.5329
epoch 2 train batch=355/500 elapsed=288.2s
epoch 2 train batch=355/500 elapsed=289.1s loss=0.9793 time=0.0406 stft=1.5313
epoch 2 train batch=360/500 elapsed=292.3s
epoch 2 train batch=360/500 elapsed=293.1s loss=0.9753 time=0.0406 stft=1.5232
epoch 2 train batch=365/500 elapsed=296.4s
epoch 2 train batch=365/500 elapsed=297.2s loss=0.9752 time=0.0406 stft=1.5226
epoch 2 train batch=370/500 elapsed=300.4s
epoch 2 train batch=370/500 elapsed=301.2s loss=0.9708 time=0.0405 stft=1.5145
epoch 2 train batch=375/500 elapsed=304.5s
epoch 2 train batch=375/500 elapsed=305.3s loss=0.9783 time=0.0406 stft=1.5292
epoch 2 train batch=380/500 elapsed=308.6s
epoch 2 train batch=380/500 elapsed=309.4s loss=0.9753 time=0.0407 stft=1.5227
epoch 2 train batch=385/500 elapsed=312.6s
epoch 2 train batch=385/500 elapsed=313.4s loss=0.9783 time=0.0406 stft=1.5286
epoch 2 train batch=390/500 elapsed=316.7s
epoch 2 train batch=390/500 elapsed=317.5s loss=0.9807 time=0.0405 stft=1.5341
epoch 2 train batch=395/500 elapsed=320.8s
epoch 2 train batch=395/500 elapsed=321.6s loss=0.9850 time=0.0404 stft=1.5434
epoch 2 train batch=400/500 elapsed=324.8s
epoch 2 train batch=400/500 elapsed=325.6s loss=0.9816 time=0.0406 stft=1.5363
epoch 2 train batch=405/500 elapsed=328.9s
epoch 2 train batch=405/500 elapsed=329.7s loss=0.9932 time=0.0405 stft=1.5593
epoch 2 train batch=410/500 elapsed=333.0s
epoch 2 train batch=410/500 elapsed=333.8s loss=0.9917 time=0.0406 stft=1.5568
epoch 2 train batch=415/500 elapsed=337.1s
epoch 2 train batch=415/500 elapsed=337.9s loss=0.9922 time=0.0406 stft=1.5573
epoch 2 train batch=420/500 elapsed=341.1s
epoch 2 train batch=420/500 elapsed=341.9s loss=0.9908 time=0.0405 stft=1.5549
epoch 2 train batch=425/500 elapsed=345.2s
epoch 2 train batch=425/500 elapsed=346.0s loss=0.9880 time=0.0406 stft=1.5492
epoch 2 train batch=430/500 elapsed=349.3s
epoch 2 train batch=430/500 elapsed=350.1s loss=0.9873 time=0.0406 stft=1.5476
epoch 2 train batch=435/500 elapsed=353.3s
epoch 2 train batch=435/500 elapsed=354.1s loss=0.9873 time=0.0407 stft=1.5475
epoch 2 train batch=440/500 elapsed=357.4s
epoch 2 train batch=440/500 elapsed=358.2s loss=0.9868 time=0.0409 stft=1.5458
epoch 2 train batch=445/500 elapsed=361.5s
epoch 2 train batch=445/500 elapsed=362.3s loss=0.9858 time=0.0407 stft=1.5452
epoch 2 train batch=450/500 elapsed=365.5s
epoch 2 train batch=450/500 elapsed=366.3s loss=0.9824 time=0.0408 stft=1.5383
epoch 2 train batch=455/500 elapsed=369.6s
epoch 2 train batch=455/500 elapsed=370.4s loss=0.9830 time=0.0407 stft=1.5391
epoch 2 train batch=460/500 elapsed=373.6s
epoch 2 train batch=460/500 elapsed=374.5s loss=0.9823 time=0.0406 stft=1.5384
epoch 2 train batch=465/500 elapsed=377.7s
epoch 2 train batch=465/500 elapsed=378.5s loss=0.9814 time=0.0405 stft=1.5365
epoch 2 train batch=470/500 elapsed=381.8s
epoch 2 train batch=470/500 elapsed=382.6s loss=0.9809 time=0.0405 stft=1.5352
epoch 2 train batch=475/500 elapsed=385.9s
epoch 2 train batch=475/500 elapsed=386.7s loss=0.9817 time=0.0404 stft=1.5374
epoch 2 train batch=480/500 elapsed=389.9s
epoch 2 train batch=480/500 elapsed=390.7s loss=0.9803 time=0.0404 stft=1.5348
epoch 2 train batch=485/500 elapsed=394.0s
epoch 2 train batch=485/500 elapsed=394.8s loss=0.9771 time=0.0405 stft=1.5282
epoch 2 train batch=490/500 elapsed=398.0s
epoch 2 train batch=490/500 elapsed=398.9s loss=0.9782 time=0.0405 stft=1.5298
epoch 2 train batch=495/500 elapsed=402.1s
epoch 2 train batch=495/500 elapsed=402.9s loss=0.9775 time=0.0405 stft=1.5287
epoch 2 train batch=500/500 elapsed=406.2s
epoch 2 train batch=500/500 elapsed=407.0s loss=0.9830 time=0.0404 stft=1.5398
valid started total=20
valid batch=5/20 elapsed=1.1s
valid batch=10/20 elapsed=2.4s
valid batch=15/20 elapsed=3.8s
valid batch=20/20 elapsed=5.1s
epoch=2 train_loss=0.9677 valid_loss=1.7744 valid_si_sdr=-43.18dB
epoch 3 train started total=500
epoch 3 train batch=5/500 elapsed=3.3s
epoch 3 train batch=5/500 elapsed=4.1s loss=0.7219 time=0.0518 stft=0.9579
epoch 3 train batch=10/500 elapsed=7.4s
epoch 3 train batch=10/500 elapsed=8.2s loss=0.7874 time=0.0423 stft=1.1509
epoch 3 train batch=15/500 elapsed=11.4s
epoch 3 train batch=15/500 elapsed=12.3s loss=0.8314 time=0.0404 stft=1.2384
epoch 3 train batch=20/500 elapsed=15.5s
epoch 3 train batch=20/500 elapsed=16.3s loss=0.8015 time=0.0420 stft=1.1738
epoch 3 train batch=25/500 elapsed=19.6s
epoch 3 train batch=25/500 elapsed=20.4s loss=0.9403 time=0.0400 stft=1.4570
epoch 3 train batch=30/500 elapsed=23.7s
epoch 3 train batch=30/500 elapsed=24.5s loss=1.0141 time=0.0387 stft=1.6052
epoch 3 train batch=35/500 elapsed=27.7s
epoch 3 train batch=35/500 elapsed=28.5s loss=1.0194 time=0.0411 stft=1.6107
epoch 3 train batch=40/500 elapsed=31.8s
epoch 3 train batch=40/500 elapsed=32.6s loss=1.0268 time=0.0386 stft=1.6365
epoch 3 train batch=45/500 elapsed=35.9s
epoch 3 train batch=45/500 elapsed=36.7s loss=0.9950 time=0.0406 stft=1.5657
epoch 3 train batch=50/500 elapsed=40.0s
epoch 3 train batch=50/500 elapsed=40.8s loss=0.9680 time=0.0407 stft=1.5150
epoch 3 train batch=55/500 elapsed=44.0s
epoch 3 train batch=55/500 elapsed=44.8s loss=0.9841 time=0.0406 stft=1.5478
epoch 3 train batch=60/500 elapsed=48.1s
epoch 3 train batch=60/500 elapsed=48.9s loss=0.9996 time=0.0412 stft=1.5737
epoch 3 train batch=65/500 elapsed=52.2s
epoch 3 train batch=65/500 elapsed=53.0s loss=0.9755 time=0.0418 stft=1.5244
epoch 3 train batch=70/500 elapsed=56.3s
epoch 3 train batch=70/500 elapsed=57.1s loss=0.9716 time=0.0416 stft=1.5177
epoch 3 train batch=75/500 elapsed=60.3s
epoch 3 train batch=75/500 elapsed=61.2s loss=0.9546 time=0.0415 stft=1.4848
epoch 3 train batch=80/500 elapsed=64.4s
epoch 3 train batch=80/500 elapsed=65.2s loss=0.9381 time=0.0417 stft=1.4499
epoch 3 train batch=85/500 elapsed=68.6s
epoch 3 train batch=85/500 elapsed=69.4s loss=0.9415 time=0.0417 stft=1.4551
epoch 3 train batch=90/500 elapsed=72.6s
epoch 3 train batch=90/500 elapsed=73.4s loss=0.9442 time=0.0417 stft=1.4596
epoch 3 train batch=95/500 elapsed=76.7s
epoch 3 train batch=95/500 elapsed=77.5s loss=0.9389 time=0.0431 stft=1.4441
epoch 3 train batch=100/500 elapsed=80.8s
epoch 3 train batch=100/500 elapsed=81.6s loss=0.9498 time=0.0428 stft=1.4688
epoch 3 train batch=105/500 elapsed=84.8s
epoch 3 train batch=105/500 elapsed=85.6s loss=0.9594 time=0.0417 stft=1.4923
epoch 3 train batch=110/500 elapsed=88.9s
epoch 3 train batch=110/500 elapsed=89.7s loss=0.9754 time=0.0417 stft=1.5224
epoch 3 train batch=115/500 elapsed=93.0s
epoch 3 train batch=115/500 elapsed=93.8s loss=0.9778 time=0.0420 stft=1.5268
epoch 3 train batch=120/500 elapsed=97.0s
epoch 3 train batch=120/500 elapsed=97.8s loss=0.9651 time=0.0419 stft=1.5012
epoch 3 train batch=125/500 elapsed=101.1s
epoch 3 train batch=125/500 elapsed=101.9s loss=0.9958 time=0.0416 stft=1.5640
epoch 3 train batch=130/500 elapsed=105.2s
epoch 3 train batch=130/500 elapsed=106.0s loss=1.0148 time=0.0418 stft=1.6026
epoch 3 train batch=135/500 elapsed=109.2s
epoch 3 train batch=135/500 elapsed=110.0s loss=1.0266 time=0.0413 stft=1.6279
epoch 3 train batch=140/500 elapsed=113.3s
epoch 3 train batch=140/500 elapsed=114.1s loss=1.0125 time=0.0411 stft=1.6023
epoch 3 train batch=145/500 elapsed=117.4s
epoch 3 train batch=145/500 elapsed=118.2s loss=1.0132 time=0.0411 stft=1.6039
epoch 3 train batch=150/500 elapsed=121.4s
epoch 3 train batch=150/500 elapsed=122.2s loss=1.0112 time=0.0412 stft=1.5987
epoch 3 train batch=155/500 elapsed=125.5s
epoch 3 train batch=155/500 elapsed=126.3s loss=1.0181 time=0.0408 stft=1.6153
epoch 3 train batch=160/500 elapsed=129.6s
epoch 3 train batch=160/500 elapsed=130.4s loss=1.0159 time=0.0409 stft=1.6108
epoch 3 train batch=165/500 elapsed=133.6s
epoch 3 train batch=165/500 elapsed=134.4s loss=1.0122 time=0.0408 stft=1.6044
epoch 3 train batch=170/500 elapsed=137.7s
epoch 3 train batch=170/500 elapsed=138.5s loss=1.0091 time=0.0411 stft=1.5982
epoch 3 train batch=175/500 elapsed=141.7s
epoch 3 train batch=175/500 elapsed=142.5s loss=1.0068 time=0.0412 stft=1.5923
epoch 3 train batch=180/500 elapsed=145.8s
epoch 3 train batch=180/500 elapsed=146.6s loss=1.0032 time=0.0410 stft=1.5864
epoch 3 train batch=185/500 elapsed=149.8s
epoch 3 train batch=185/500 elapsed=150.7s loss=1.0168 time=0.0411 stft=1.6139
epoch 3 train batch=190/500 elapsed=153.9s
epoch 3 train batch=190/500 elapsed=154.7s loss=1.0077 time=0.0411 stft=1.5955
epoch 3 train batch=195/500 elapsed=158.0s
epoch 3 train batch=195/500 elapsed=158.8s loss=1.0055 time=0.0412 stft=1.5895
epoch 3 train batch=200/500 elapsed=162.0s
epoch 3 train batch=200/500 elapsed=162.9s loss=1.0146 time=0.0411 stft=1.6070
epoch 3 train batch=205/500 elapsed=166.1s
epoch 3 train batch=205/500 elapsed=166.9s loss=1.0333 time=0.0410 stft=1.6447
epoch 3 train batch=210/500 elapsed=170.2s
epoch 3 train batch=210/500 elapsed=171.0s loss=1.0348 time=0.0408 stft=1.6481
epoch 3 train batch=215/500 elapsed=174.2s
epoch 3 train batch=215/500 elapsed=175.1s loss=1.0418 time=0.0405 stft=1.6638
epoch 3 train batch=220/500 elapsed=178.3s
epoch 3 train batch=220/500 elapsed=179.1s loss=1.0426 time=0.0406 stft=1.6645
epoch 3 train batch=225/500 elapsed=182.4s
epoch 3 train batch=225/500 elapsed=183.2s loss=1.0339 time=0.0405 stft=1.6479
epoch 3 train batch=230/500 elapsed=186.4s
epoch 3 train batch=230/500 elapsed=187.2s loss=1.0449 time=0.0404 stft=1.6711
epoch 3 train batch=235/500 elapsed=190.5s
epoch 3 train batch=235/500 elapsed=191.3s loss=1.0411 time=0.0401 stft=1.6637
epoch 3 train batch=240/500 elapsed=194.6s
epoch 3 train batch=240/500 elapsed=195.4s loss=1.0429 time=0.0400 stft=1.6671
epoch 3 train batch=245/500 elapsed=198.6s
epoch 3 train batch=245/500 elapsed=199.4s loss=1.0349 time=0.0398 stft=1.6532
epoch 3 train batch=250/500 elapsed=202.7s
epoch 3 train batch=250/500 elapsed=203.5s loss=1.0374 time=0.0396 stft=1.6592
epoch 3 train batch=255/500 elapsed=206.8s
epoch 3 train batch=255/500 elapsed=207.6s loss=1.0394 time=0.0397 stft=1.6623
epoch 3 train batch=260/500 elapsed=210.8s
epoch 3 train batch=260/500 elapsed=211.6s loss=1.0323 time=0.0396 stft=1.6479
epoch 3 train batch=265/500 elapsed=214.9s
epoch 3 train batch=265/500 elapsed=215.7s loss=1.0331 time=0.0394 stft=1.6511
epoch 3 train batch=270/500 elapsed=219.0s
epoch 3 train batch=270/500 elapsed=219.8s loss=1.0392 time=0.0393 stft=1.6636
epoch 3 train batch=275/500 elapsed=223.0s
epoch 3 train batch=275/500 elapsed=223.8s loss=1.0532 time=0.0392 stft=1.6911
epoch 3 train batch=280/500 elapsed=227.1s
epoch 3 train batch=280/500 elapsed=227.9s loss=1.0505 time=0.0392 stft=1.6852
epoch 3 train batch=285/500 elapsed=231.2s
epoch 3 train batch=285/500 elapsed=232.0s loss=1.0440 time=0.0394 stft=1.6716
epoch 3 train batch=290/500 elapsed=235.2s
epoch 3 train batch=290/500 elapsed=236.0s loss=1.0472 time=0.0392 stft=1.6779
epoch 3 train batch=295/500 elapsed=239.3s
epoch 3 train batch=295/500 elapsed=240.1s loss=1.0582 time=0.0392 stft=1.6986
epoch 3 train batch=300/500 elapsed=243.3s
epoch 3 train batch=300/500 elapsed=244.1s loss=1.0553 time=0.0394 stft=1.6931
epoch 3 train batch=305/500 elapsed=247.4s
epoch 3 train batch=305/500 elapsed=248.2s loss=1.0512 time=0.0392 stft=1.6861
epoch 3 train batch=310/500 elapsed=251.4s
epoch 3 train batch=310/500 elapsed=252.2s loss=1.0496 time=0.0394 stft=1.6820
epoch 3 train batch=315/500 elapsed=255.5s
epoch 3 train batch=315/500 elapsed=256.3s loss=1.0472 time=0.0395 stft=1.6774
epoch 3 train batch=320/500 elapsed=259.6s
epoch 3 train batch=320/500 elapsed=260.4s loss=1.0431 time=0.0396 stft=1.6684
epoch 3 train batch=325/500 elapsed=263.6s
epoch 3 train batch=325/500 elapsed=264.4s loss=1.0379 time=0.0398 stft=1.6574
epoch 3 train batch=330/500 elapsed=267.7s
epoch 3 train batch=330/500 elapsed=268.5s loss=1.0319 time=0.0397 stft=1.6460
epoch 3 train batch=335/500 elapsed=271.7s
epoch 3 train batch=335/500 elapsed=272.5s loss=1.0280 time=0.0399 stft=1.6379
epoch 3 train batch=340/500 elapsed=275.8s
epoch 3 train batch=340/500 elapsed=276.6s loss=1.0316 time=0.0398 stft=1.6449
epoch 3 train batch=345/500 elapsed=279.9s
epoch 3 train batch=345/500 elapsed=280.7s loss=1.0395 time=0.0398 stft=1.6610
epoch 3 train batch=350/500 elapsed=283.9s
epoch 3 train batch=350/500 elapsed=284.7s loss=1.0345 time=0.0398 stft=1.6508
epoch 3 train batch=355/500 elapsed=288.0s
epoch 3 train batch=355/500 elapsed=288.8s loss=1.0354 time=0.0397 stft=1.6533
epoch 3 train batch=360/500 elapsed=292.1s
epoch 3 train batch=360/500 elapsed=292.9s loss=1.0399 time=0.0397 stft=1.6628
epoch 3 train batch=365/500 elapsed=296.1s
epoch 3 train batch=365/500 elapsed=296.9s loss=1.0390 time=0.0396 stft=1.6614
epoch 3 train batch=370/500 elapsed=300.2s
epoch 3 train batch=370/500 elapsed=301.0s loss=1.0459 time=0.0395 stft=1.6756
epoch 3 train batch=375/500 elapsed=304.2s
epoch 3 train batch=375/500 elapsed=305.1s loss=1.0407 time=0.0394 stft=1.6654
epoch 3 train batch=380/500 elapsed=308.3s
epoch 3 train batch=380/500 elapsed=309.1s loss=1.0420 time=0.0394 stft=1.6677
epoch 3 train batch=385/500 elapsed=312.4s
epoch 3 train batch=385/500 elapsed=313.2s loss=1.0374 time=0.0395 stft=1.6578
epoch 3 train batch=390/500 elapsed=316.4s
epoch 3 train batch=390/500 elapsed=317.2s loss=1.0327 time=0.0395 stft=1.6486
epoch 3 train batch=395/500 elapsed=320.5s
epoch 3 train batch=395/500 elapsed=321.3s loss=1.0345 time=0.0395 stft=1.6521
epoch 3 train batch=400/500 elapsed=324.6s
epoch 3 train batch=400/500 elapsed=325.4s loss=1.0358 time=0.0397 stft=1.6537
epoch 3 train batch=405/500 elapsed=328.6s
epoch 3 train batch=405/500 elapsed=329.4s loss=1.0372 time=0.0397 stft=1.6564
epoch 3 train batch=410/500 elapsed=332.7s
epoch 3 train batch=410/500 elapsed=333.5s loss=1.0336 time=0.0397 stft=1.6485
epoch 3 train batch=415/500 elapsed=336.8s
epoch 3 train batch=415/500 elapsed=337.6s loss=1.0291 time=0.0397 stft=1.6395
epoch 3 train batch=420/500 elapsed=340.8s
epoch 3 train batch=420/500 elapsed=341.6s loss=1.0251 time=0.0398 stft=1.6312
epoch 3 train batch=425/500 elapsed=344.9s
epoch 3 train batch=425/500 elapsed=345.7s loss=1.0209 time=0.0398 stft=1.6227
epoch 3 train batch=430/500 elapsed=348.9s
epoch 3 train batch=430/500 elapsed=349.7s loss=1.0194 time=0.0399 stft=1.6197
epoch 3 train batch=435/500 elapsed=353.0s
epoch 3 train batch=435/500 elapsed=353.8s loss=1.0204 time=0.0399 stft=1.6218
epoch 3 train batch=440/500 elapsed=357.1s
epoch 3 train batch=440/500 elapsed=357.9s loss=1.0214 time=0.0399 stft=1.6244
epoch 3 train batch=445/500 elapsed=361.1s
epoch 3 train batch=445/500 elapsed=361.9s loss=1.0175 time=0.0398 stft=1.6169
epoch 3 train batch=450/500 elapsed=365.2s
epoch 3 train batch=450/500 elapsed=366.0s loss=1.0172 time=0.0398 stft=1.6162
epoch 3 train batch=455/500 elapsed=369.2s
epoch 3 train batch=455/500 elapsed=370.0s loss=1.0158 time=0.0398 stft=1.6136
epoch 3 train batch=460/500 elapsed=373.3s
epoch 3 train batch=460/500 elapsed=374.1s loss=1.0217 time=0.0397 stft=1.6259
epoch 3 train batch=465/500 elapsed=377.4s
epoch 3 train batch=465/500 elapsed=378.2s loss=1.0223 time=0.0398 stft=1.6271
epoch 3 train batch=470/500 elapsed=381.4s
epoch 3 train batch=470/500 elapsed=382.3s loss=1.0261 time=0.0398 stft=1.6344
epoch 3 train batch=475/500 elapsed=385.5s
epoch 3 train batch=475/500 elapsed=386.3s loss=1.0224 time=0.0399 stft=1.6270
epoch 3 train batch=480/500 elapsed=389.5s
epoch 3 train batch=480/500 elapsed=390.3s loss=1.0213 time=0.0399 stft=1.6244
epoch 3 train batch=485/500 elapsed=393.6s
epoch 3 train batch=485/500 elapsed=394.4s loss=1.0206 time=0.0401 stft=1.6224
epoch 3 train batch=490/500 elapsed=397.7s
epoch 3 train batch=490/500 elapsed=398.5s loss=1.0237 time=0.0401 stft=1.6290
epoch 3 train batch=495/500 elapsed=401.7s
epoch 3 train batch=495/500 elapsed=402.5s loss=1.0235 time=0.0400 stft=1.6287
epoch 3 train batch=500/500 elapsed=405.8s
epoch 3 train batch=500/500 elapsed=406.6s loss=1.0247 time=0.0402 stft=1.6309
valid started total=20
valid batch=5/20 elapsed=1.1s
valid batch=10/20 elapsed=2.4s
valid batch=15/20 elapsed=3.8s
valid batch=20/20 elapsed=5.1s
epoch=3 train_loss=0.9866 valid_loss=1.7371 valid_si_sdr=-43.72dB
epoch 4 train started total=500
epoch 4 train batch=5/500 elapsed=3.3s
epoch 4 train batch=5/500 elapsed=4.1s loss=0.6267 time=0.0389 stft=0.8915
epoch 4 train batch=10/500 elapsed=7.4s
epoch 4 train batch=10/500 elapsed=8.2s loss=1.1326 time=0.0364 stft=1.8803
epoch 4 train batch=15/500 elapsed=11.4s
epoch 4 train batch=15/500 elapsed=12.2s loss=1.0583 time=0.0387 stft=1.7109
epoch 4 train batch=20/500 elapsed=15.5s
epoch 4 train batch=20/500 elapsed=16.3s loss=0.9634 time=0.0375 stft=1.5322
epoch 4 train batch=25/500 elapsed=19.6s
epoch 4 train batch=25/500 elapsed=20.4s loss=1.0178 time=0.0375 stft=1.6357
epoch 4 train batch=30/500 elapsed=23.6s
epoch 4 train batch=30/500 elapsed=24.4s loss=1.0333 time=0.0363 stft=1.6731
epoch 4 train batch=35/500 elapsed=27.7s
epoch 4 train batch=35/500 elapsed=28.5s loss=1.0498 time=0.0380 stft=1.6989
epoch 4 train batch=40/500 elapsed=31.8s
epoch 4 train batch=40/500 elapsed=32.6s loss=1.0095 time=0.0404 stft=1.6097
epoch 4 train batch=45/500 elapsed=35.8s
epoch 4 train batch=45/500 elapsed=36.6s loss=1.0292 time=0.0421 stft=1.6404
epoch 4 train batch=50/500 elapsed=39.9s
epoch 4 train batch=50/500 elapsed=40.7s loss=1.0107 time=0.0414 stft=1.6109
epoch 4 train batch=55/500 elapsed=44.0s
epoch 4 train batch=55/500 elapsed=44.8s loss=0.9748 time=0.0404 stft=1.5387
epoch 4 train batch=60/500 elapsed=48.0s
epoch 4 train batch=60/500 elapsed=48.8s loss=0.9735 time=0.0404 stft=1.5367
epoch 4 train batch=65/500 elapsed=52.1s
epoch 4 train batch=65/500 elapsed=52.9s loss=0.9735 time=0.0399 stft=1.5350
epoch 4 train batch=70/500 elapsed=56.1s
epoch 4 train batch=70/500 elapsed=57.0s loss=0.9700 time=0.0399 stft=1.5315
epoch 4 train batch=75/500 elapsed=60.2s
epoch 4 train batch=75/500 elapsed=61.0s loss=0.9669 time=0.0391 stft=1.5273
epoch 4 train batch=80/500 elapsed=64.3s
epoch 4 train batch=80/500 elapsed=65.1s loss=0.9624 time=0.0389 stft=1.5181
epoch 4 train batch=85/500 elapsed=68.4s
epoch 4 train batch=85/500 elapsed=69.2s loss=0.9435 time=0.0386 stft=1.4812
epoch 4 train batch=90/500 elapsed=72.4s
epoch 4 train batch=90/500 elapsed=73.2s loss=0.9278 time=0.0388 stft=1.4493
epoch 4 train batch=95/500 elapsed=76.5s
epoch 4 train batch=95/500 elapsed=77.3s loss=0.9452 time=0.0382 stft=1.4848
epoch 4 train batch=100/500 elapsed=80.6s
epoch 4 train batch=100/500 elapsed=81.4s loss=0.9535 time=0.0379 stft=1.5013
epoch 4 train batch=105/500 elapsed=84.6s
epoch 4 train batch=105/500 elapsed=85.4s loss=0.9563 time=0.0380 stft=1.5065
epoch 4 train batch=110/500 elapsed=88.7s
epoch 4 train batch=110/500 elapsed=89.5s loss=0.9639 time=0.0380 stft=1.5204
epoch 4 train batch=115/500 elapsed=92.7s
epoch 4 train batch=115/500 elapsed=93.6s loss=0.9750 time=0.0378 stft=1.5425
epoch 4 train batch=120/500 elapsed=96.8s
epoch 4 train batch=120/500 elapsed=97.6s loss=0.9642 time=0.0380 stft=1.5187
epoch 4 train batch=125/500 elapsed=100.9s
epoch 4 train batch=125/500 elapsed=101.7s loss=0.9603 time=0.0378 stft=1.5123
epoch 4 train batch=130/500 elapsed=104.9s
epoch 4 train batch=130/500 elapsed=105.8s loss=0.9803 time=0.0378 stft=1.5510
epoch 4 train batch=135/500 elapsed=109.0s
epoch 4 train batch=135/500 elapsed=109.8s loss=0.9764 time=0.0377 stft=1.5443
epoch 4 train batch=140/500 elapsed=113.1s
epoch 4 train batch=140/500 elapsed=113.9s loss=0.9668 time=0.0381 stft=1.5226
epoch 4 train batch=145/500 elapsed=117.2s
epoch 4 train batch=145/500 elapsed=118.0s loss=0.9585 time=0.0381 stft=1.5055
epoch 4 train batch=150/500 elapsed=121.2s
epoch 4 train batch=150/500 elapsed=122.0s loss=0.9630 time=0.0380 stft=1.5158
epoch 4 train batch=155/500 elapsed=125.3s
epoch 4 train batch=155/500 elapsed=126.1s loss=0.9748 time=0.0377 stft=1.5415
epoch 4 train batch=160/500 elapsed=129.3s
epoch 4 train batch=160/500 elapsed=130.1s loss=0.9652 time=0.0378 stft=1.5217
epoch 4 train batch=165/500 elapsed=133.4s
epoch 4 train batch=165/500 elapsed=134.2s loss=0.9756 time=0.0380 stft=1.5413
epoch 4 train batch=170/500 elapsed=137.5s
epoch 4 train batch=170/500 elapsed=138.3s loss=0.9693 time=0.0379 stft=1.5293
epoch 4 train batch=175/500 elapsed=141.5s
epoch 4 train batch=175/500 elapsed=142.3s loss=0.9662 time=0.0377 stft=1.5239
epoch 4 train batch=180/500 elapsed=145.6s
epoch 4 train batch=180/500 elapsed=146.4s loss=0.9647 time=0.0380 stft=1.5197
epoch 4 train batch=185/500 elapsed=149.7s
epoch 4 train batch=185/500 elapsed=150.5s loss=0.9618 time=0.0379 stft=1.5144
epoch 4 train batch=190/500 elapsed=153.7s
epoch 4 train batch=190/500 elapsed=154.5s loss=0.9548 time=0.0385 stft=1.4993
epoch 4 train batch=195/500 elapsed=157.8s
epoch 4 train batch=195/500 elapsed=158.6s loss=0.9659 time=0.0384 stft=1.5215
epoch 4 train batch=200/500 elapsed=161.9s
epoch 4 train batch=200/500 elapsed=162.7s loss=0.9781 time=0.0381 stft=1.5467
epoch 4 train batch=205/500 elapsed=165.9s
epoch 4 train batch=205/500 elapsed=166.8s loss=0.9775 time=0.0387 stft=1.5427
epoch 4 train batch=210/500 elapsed=170.0s
epoch 4 train batch=210/500 elapsed=170.8s loss=0.9716 time=0.0388 stft=1.5300
epoch 4 train batch=215/500 elapsed=174.1s
epoch 4 train batch=215/500 elapsed=174.9s loss=0.9638 time=0.0387 stft=1.5152
epoch 4 train batch=220/500 elapsed=178.1s
epoch 4 train batch=220/500 elapsed=179.0s loss=0.9689 time=0.0387 stft=1.5255
epoch 4 train batch=225/500 elapsed=182.2s
epoch 4 train batch=225/500 elapsed=183.0s loss=0.9738 time=0.0387 stft=1.5352
epoch 4 train batch=230/500 elapsed=186.3s
epoch 4 train batch=230/500 elapsed=187.1s loss=0.9729 time=0.0390 stft=1.5325
epoch 4 train batch=235/500 elapsed=190.4s
epoch 4 train batch=235/500 elapsed=191.2s loss=0.9772 time=0.0389 stft=1.5397
epoch 4 train batch=240/500 elapsed=194.4s
epoch 4 train batch=240/500 elapsed=195.2s loss=0.9717 time=0.0390 stft=1.5279
epoch 4 train batch=245/500 elapsed=198.5s
epoch 4 train batch=245/500 elapsed=199.3s loss=0.9717 time=0.0393 stft=1.5261
epoch 4 train batch=250/500 elapsed=202.5s
epoch 4 train batch=250/500 elapsed=203.3s loss=0.9715 time=0.0391 stft=1.5269
epoch 4 train batch=255/500 elapsed=206.6s
epoch 4 train batch=255/500 elapsed=207.4s loss=0.9757 time=0.0389 stft=1.5364
epoch 4 train batch=260/500 elapsed=210.7s
epoch 4 train batch=260/500 elapsed=211.5s loss=0.9708 time=0.0386 stft=1.5280
epoch 4 train batch=265/500 elapsed=214.7s
epoch 4 train batch=265/500 elapsed=215.5s loss=0.9689 time=0.0388 stft=1.5248
epoch 4 train batch=270/500 elapsed=218.8s
epoch 4 train batch=270/500 elapsed=219.6s loss=0.9639 time=0.0389 stft=1.5141
epoch 4 train batch=275/500 elapsed=222.8s
epoch 4 train batch=275/500 elapsed=223.6s loss=0.9664 time=0.0389 stft=1.5196
epoch 4 train batch=280/500 elapsed=226.9s
epoch 4 train batch=280/500 elapsed=227.7s loss=0.9609 time=0.0389 stft=1.5086
epoch 4 train batch=285/500 elapsed=231.0s
epoch 4 train batch=285/500 elapsed=231.8s loss=0.9712 time=0.0388 stft=1.5295
epoch 4 train batch=290/500 elapsed=235.0s
epoch 4 train batch=290/500 elapsed=235.8s loss=0.9697 time=0.0388 stft=1.5263
epoch 4 train batch=295/500 elapsed=239.1s
epoch 4 train batch=295/500 elapsed=239.9s loss=0.9670 time=0.0387 stft=1.5209
epoch 4 train batch=300/500 elapsed=243.1s
epoch 4 train batch=300/500 elapsed=244.0s loss=0.9670 time=0.0386 stft=1.5211
epoch 4 train batch=305/500 elapsed=247.2s
epoch 4 train batch=305/500 elapsed=248.0s loss=0.9629 time=0.0387 stft=1.5128
epoch 4 train batch=310/500 elapsed=251.3s
epoch 4 train batch=310/500 elapsed=252.1s loss=0.9666 time=0.0386 stft=1.5198
epoch 4 train batch=315/500 elapsed=255.3s
epoch 4 train batch=315/500 elapsed=256.1s loss=0.9685 time=0.0386 stft=1.5240
epoch 4 train batch=320/500 elapsed=259.4s
epoch 4 train batch=320/500 elapsed=260.2s loss=0.9636 time=0.0386 stft=1.5141
epoch 4 train batch=325/500 elapsed=263.5s
epoch 4 train batch=325/500 elapsed=264.3s loss=0.9586 time=0.0386 stft=1.5039
epoch 4 train batch=330/500 elapsed=267.5s
epoch 4 train batch=330/500 elapsed=268.4s loss=0.9577 time=0.0386 stft=1.5022
epoch 4 train batch=335/500 elapsed=271.6s
epoch 4 train batch=335/500 elapsed=272.4s loss=0.9609 time=0.0386 stft=1.5086
epoch 4 train batch=340/500 elapsed=275.7s
epoch 4 train batch=340/500 elapsed=276.5s loss=0.9672 time=0.0388 stft=1.5203
epoch 4 train batch=345/500 elapsed=279.8s
epoch 4 train batch=345/500 elapsed=280.6s loss=0.9655 time=0.0387 stft=1.5169
epoch 4 train batch=350/500 elapsed=283.8s
epoch 4 train batch=350/500 elapsed=284.6s loss=0.9741 time=0.0387 stft=1.5338
epoch 4 train batch=355/500 elapsed=287.9s
epoch 4 train batch=355/500 elapsed=288.7s loss=0.9774 time=0.0387 stft=1.5406
epoch 4 train batch=360/500 elapsed=292.0s
epoch 4 train batch=360/500 elapsed=292.8s loss=0.9729 time=0.0387 stft=1.5320
epoch 4 train batch=365/500 elapsed=296.0s
epoch 4 train batch=365/500 elapsed=296.8s loss=0.9721 time=0.0388 stft=1.5299
epoch 4 train batch=370/500 elapsed=300.1s
epoch 4 train batch=370/500 elapsed=300.9s loss=0.9714 time=0.0390 stft=1.5278
epoch 4 train batch=375/500 elapsed=304.2s
epoch 4 train batch=375/500 elapsed=305.0s loss=0.9717 time=0.0388 stft=1.5289
epoch 4 train batch=380/500 elapsed=308.3s
epoch 4 train batch=380/500 elapsed=309.1s loss=0.9675 time=0.0387 stft=1.5213
epoch 4 train batch=385/500 elapsed=312.4s
epoch 4 train batch=385/500 elapsed=313.2s loss=0.9728 time=0.0385 stft=1.5327
epoch 4 train batch=390/500 elapsed=316.4s
epoch 4 train batch=390/500 elapsed=317.2s loss=0.9690 time=0.0385 stft=1.5248
epoch 4 train batch=395/500 elapsed=320.5s
epoch 4 train batch=395/500 elapsed=321.3s loss=0.9656 time=0.0387 stft=1.5178
epoch 4 train batch=400/500 elapsed=324.6s
epoch 4 train batch=400/500 elapsed=325.4s loss=0.9699 time=0.0386 stft=1.5272
epoch 4 train batch=405/500 elapsed=328.7s
epoch 4 train batch=405/500 elapsed=329.5s loss=0.9717 time=0.0387 stft=1.5307
epoch 4 train batch=410/500 elapsed=332.8s
epoch 4 train batch=410/500 elapsed=333.6s loss=0.9708 time=0.0387 stft=1.5288
epoch 4 train batch=415/500 elapsed=336.8s
epoch 4 train batch=415/500 elapsed=337.7s loss=0.9670 time=0.0387 stft=1.5208
epoch 4 train batch=420/500 elapsed=340.9s
epoch 4 train batch=420/500 elapsed=341.7s loss=0.9687 time=0.0388 stft=1.5240
epoch 4 train batch=425/500 elapsed=345.0s
epoch 4 train batch=425/500 elapsed=345.8s loss=0.9683 time=0.0387 stft=1.5238
epoch 4 train batch=430/500 elapsed=349.1s
epoch 4 train batch=430/500 elapsed=349.9s loss=0.9673 time=0.0386 stft=1.5215
epoch 4 train batch=435/500 elapsed=353.1s
epoch 4 train batch=435/500 elapsed=354.0s loss=0.9648 time=0.0386 stft=1.5168
epoch 4 train batch=440/500 elapsed=357.2s
epoch 4 train batch=440/500 elapsed=358.0s loss=0.9641 time=0.0386 stft=1.5156
epoch 4 train batch=445/500 elapsed=361.3s
epoch 4 train batch=445/500 elapsed=362.1s loss=0.9604 time=0.0386 stft=1.5085
epoch 4 train batch=450/500 elapsed=365.4s
epoch 4 train batch=450/500 elapsed=366.2s loss=0.9572 time=0.0385 stft=1.5020
epoch 4 train batch=455/500 elapsed=369.4s
epoch 4 train batch=455/500 elapsed=370.3s loss=0.9559 time=0.0385 stft=1.5000
epoch 4 train batch=460/500 elapsed=373.5s
epoch 4 train batch=460/500 elapsed=374.3s loss=0.9529 time=0.0385 stft=1.4935
epoch 4 train batch=465/500 elapsed=377.6s
epoch 4 train batch=465/500 elapsed=378.4s loss=0.9496 time=0.0386 stft=1.4868
epoch 4 train batch=470/500 elapsed=381.7s
epoch 4 train batch=470/500 elapsed=382.5s loss=0.9541 time=0.0386 stft=1.4958
epoch 4 train batch=475/500 elapsed=385.8s
epoch 4 train batch=475/500 elapsed=386.6s loss=0.9583 time=0.0386 stft=1.5042
epoch 4 train batch=480/500 elapsed=389.8s
epoch 4 train batch=480/500 elapsed=390.6s loss=0.9552 time=0.0387 stft=1.4980
epoch 4 train batch=485/500 elapsed=393.9s
epoch 4 train batch=485/500 elapsed=394.7s loss=0.9528 time=0.0388 stft=1.4927
epoch 4 train batch=490/500 elapsed=398.0s
epoch 4 train batch=490/500 elapsed=398.8s loss=0.9526 time=0.0388 stft=1.4923
epoch 4 train batch=495/500 elapsed=402.1s
epoch 4 train batch=495/500 elapsed=402.9s loss=0.9528 time=0.0389 stft=1.4928
epoch 4 train batch=500/500 elapsed=406.1s
epoch 4 train batch=500/500 elapsed=406.9s loss=0.9511 time=0.0389 stft=1.4896
valid started total=20
valid batch=5/20 elapsed=1.1s
valid batch=10/20 elapsed=2.4s
valid batch=15/20 elapsed=3.8s
valid batch=20/20 elapsed=5.1s
epoch=4 train_loss=1.0125 valid_loss=1.6920 valid_si_sdr=-44.54dB
epoch 5 train started total=500
epoch 5 train batch=5/500 elapsed=3.3s
epoch 5 train batch=5/500 elapsed=4.1s loss=0.9613 time=0.0405 stft=1.5066
epoch 5 train batch=10/500 elapsed=7.4s
epoch 5 train batch=10/500 elapsed=8.2s loss=0.8205 time=0.0437 stft=1.2120
epoch 5 train batch=15/500 elapsed=11.5s
epoch 5 train batch=15/500 elapsed=12.3s loss=1.0042 time=0.0452 stft=1.5729
epoch 5 train batch=20/500 elapsed=15.5s
epoch 5 train batch=20/500 elapsed=16.3s loss=1.0467 time=0.0424 stft=1.6692
epoch 5 train batch=25/500 elapsed=19.6s
epoch 5 train batch=25/500 elapsed=20.4s loss=1.0311 time=0.0395 stft=1.6561
epoch 5 train batch=30/500 elapsed=23.7s
epoch 5 train batch=30/500 elapsed=24.5s loss=1.0599 time=0.0383 stft=1.7085
epoch 5 train batch=35/500 elapsed=27.8s
epoch 5 train batch=35/500 elapsed=28.6s loss=1.0044 time=0.0388 stft=1.5971
epoch 5 train batch=40/500 elapsed=31.8s
epoch 5 train batch=40/500 elapsed=32.7s loss=0.9633 time=0.0390 stft=1.5171
epoch 5 train batch=45/500 elapsed=35.9s
epoch 5 train batch=45/500 elapsed=36.7s loss=0.9982 time=0.0383 stft=1.5889
epoch 5 train batch=50/500 elapsed=40.0s
epoch 5 train batch=50/500 elapsed=40.8s loss=0.9623 time=0.0382 stft=1.5183
epoch 5 train batch=55/500 elapsed=44.1s
epoch 5 train batch=55/500 elapsed=44.9s loss=0.9600 time=0.0387 stft=1.5132
epoch 5 train batch=60/500 elapsed=48.2s
epoch 5 train batch=60/500 elapsed=49.0s loss=0.9552 time=0.0393 stft=1.5027
epoch 5 train batch=65/500 elapsed=52.2s
epoch 5 train batch=65/500 elapsed=53.1s loss=1.0069 time=0.0396 stft=1.6035
epoch 5 train batch=70/500 elapsed=56.3s
epoch 5 train batch=70/500 elapsed=57.2s loss=1.0585 time=0.0384 stft=1.7142
epoch 5 train batch=75/500 elapsed=60.4s
epoch 5 train batch=75/500 elapsed=61.2s loss=1.0695 time=0.0381 stft=1.7370
epoch 5 train batch=80/500 elapsed=64.5s
epoch 5 train batch=80/500 elapsed=65.3s loss=1.0577 time=0.0384 stft=1.7120
epoch 5 train batch=85/500 elapsed=68.6s
epoch 5 train batch=85/500 elapsed=69.4s loss=1.0551 time=0.0380 stft=1.7080
epoch 5 train batch=90/500 elapsed=72.7s
epoch 5 train batch=90/500 elapsed=73.5s loss=1.0621 time=0.0378 stft=1.7216
epoch 5 train batch=95/500 elapsed=76.8s
epoch 5 train batch=95/500 elapsed=77.6s loss=1.0808 time=0.0372 stft=1.7604
epoch 5 train batch=100/500 elapsed=80.8s
epoch 5 train batch=100/500 elapsed=81.7s loss=1.0716 time=0.0377 stft=1.7424
epoch 5 train batch=105/500 elapsed=84.9s
epoch 5 train batch=105/500 elapsed=85.7s loss=1.0632 time=0.0375 stft=1.7257
epoch 5 train batch=110/500 elapsed=89.0s
epoch 5 train batch=110/500 elapsed=89.8s loss=1.0566 time=0.0378 stft=1.7103
epoch 5 train batch=115/500 elapsed=93.1s
epoch 5 train batch=115/500 elapsed=93.9s loss=1.0512 time=0.0385 stft=1.6965
epoch 5 train batch=120/500 elapsed=97.2s
epoch 5 train batch=120/500 elapsed=98.0s loss=1.0411 time=0.0389 stft=1.6752
epoch 5 train batch=125/500 elapsed=101.2s
epoch 5 train batch=125/500 elapsed=102.0s loss=1.0356 time=0.0385 stft=1.6638
epoch 5 train batch=130/500 elapsed=105.3s
epoch 5 train batch=130/500 elapsed=106.1s loss=1.0387 time=0.0382 stft=1.6692
epoch 5 train batch=135/500 elapsed=109.4s
epoch 5 train batch=135/500 elapsed=110.2s loss=1.0282 time=0.0383 stft=1.6470
epoch 5 train batch=140/500 elapsed=113.5s
epoch 5 train batch=140/500 elapsed=114.3s loss=1.0243 time=0.0384 stft=1.6389
epoch 5 train batch=145/500 elapsed=117.6s
epoch 5 train batch=145/500 elapsed=118.4s loss=1.0246 time=0.0386 stft=1.6386
epoch 5 train batch=150/500 elapsed=121.6s
epoch 5 train batch=150/500 elapsed=122.4s loss=1.0162 time=0.0383 stft=1.6232
epoch 5 train batch=155/500 elapsed=125.7s
epoch 5 train batch=155/500 elapsed=126.5s loss=1.0051 time=0.0381 stft=1.6031
epoch 5 train batch=160/500 elapsed=129.8s
epoch 5 train batch=160/500 elapsed=130.6s loss=1.0123 time=0.0377 stft=1.6180
epoch 5 train batch=165/500 elapsed=133.9s
epoch 5 train batch=165/500 elapsed=134.7s loss=1.0086 time=0.0377 stft=1.6100
epoch 5 train batch=170/500 elapsed=137.9s
epoch 5 train batch=170/500 elapsed=138.8s loss=1.0038 time=0.0375 stft=1.6005
epoch 5 train batch=175/500 elapsed=142.0s
epoch 5 train batch=175/500 elapsed=142.8s loss=1.0064 time=0.0374 stft=1.6060
epoch 5 train batch=180/500 elapsed=146.1s
epoch 5 train batch=180/500 elapsed=146.9s loss=1.0142 time=0.0372 stft=1.6222
epoch 5 train batch=185/500 elapsed=150.2s
epoch 5 train batch=185/500 elapsed=151.0s loss=1.0189 time=0.0371 stft=1.6318
epoch 5 train batch=190/500 elapsed=154.2s
epoch 5 train batch=190/500 elapsed=155.0s loss=1.0204 time=0.0371 stft=1.6351
epoch 5 train batch=195/500 elapsed=158.3s
epoch 5 train batch=195/500 elapsed=159.1s loss=1.0185 time=0.0370 stft=1.6327
epoch 5 train batch=200/500 elapsed=162.4s
epoch 5 train batch=200/500 elapsed=163.2s loss=1.0131 time=0.0369 stft=1.6232
epoch 5 train batch=205/500 elapsed=166.5s
epoch 5 train batch=205/500 elapsed=167.3s loss=1.0130 time=0.0374 stft=1.6222
epoch 5 train batch=210/500 elapsed=170.5s
epoch 5 train batch=210/500 elapsed=171.3s loss=1.0175 time=0.0373 stft=1.6299
epoch 5 train batch=215/500 elapsed=174.6s
epoch 5 train batch=215/500 elapsed=175.4s loss=1.0214 time=0.0370 stft=1.6399
epoch 5 train batch=220/500 elapsed=178.7s
epoch 5 train batch=220/500 elapsed=179.5s loss=1.0197 time=0.0370 stft=1.6353
epoch 5 train batch=225/500 elapsed=182.7s
epoch 5 train batch=225/500 elapsed=183.5s loss=1.0114 time=0.0368 stft=1.6190
epoch 5 train batch=230/500 elapsed=186.8s
epoch 5 train batch=230/500 elapsed=187.6s loss=1.0091 time=0.0368 stft=1.6142
epoch 5 train batch=235/500 elapsed=190.9s
epoch 5 train batch=235/500 elapsed=191.7s loss=1.0050 time=0.0366 stft=1.6077
epoch 5 train batch=240/500 elapsed=194.9s
epoch 5 train batch=240/500 elapsed=195.7s loss=1.0046 time=0.0365 stft=1.6077
epoch 5 train batch=245/500 elapsed=199.0s
epoch 5 train batch=245/500 elapsed=199.8s loss=1.0056 time=0.0367 stft=1.6084
epoch 5 train batch=250/500 elapsed=203.0s
epoch 5 train batch=250/500 elapsed=203.9s loss=1.0018 time=0.0370 stft=1.5997
epoch 5 train batch=255/500 elapsed=207.1s
epoch 5 train batch=255/500 elapsed=207.9s loss=1.0106 time=0.0368 stft=1.6175
epoch 5 train batch=260/500 elapsed=211.2s
epoch 5 train batch=260/500 elapsed=212.0s loss=1.0083 time=0.0367 stft=1.6130
epoch 5 train batch=265/500 elapsed=215.2s
epoch 5 train batch=265/500 elapsed=216.0s loss=1.0074 time=0.0371 stft=1.6096
epoch 5 train batch=270/500 elapsed=219.3s
epoch 5 train batch=270/500 elapsed=220.1s loss=1.0073 time=0.0372 stft=1.6092
epoch 5 train batch=275/500 elapsed=223.4s
epoch 5 train batch=275/500 elapsed=224.2s loss=1.0130 time=0.0370 stft=1.6208
epoch 5 train batch=280/500 elapsed=227.4s
epoch 5 train batch=280/500 elapsed=228.2s loss=1.0078 time=0.0372 stft=1.6093
epoch 5 train batch=285/500 elapsed=231.5s
epoch 5 train batch=285/500 elapsed=232.3s loss=1.0018 time=0.0373 stft=1.5973
epoch 5 train batch=290/500 elapsed=235.6s
epoch 5 train batch=290/500 elapsed=236.4s loss=0.9969 time=0.0373 stft=1.5875
epoch 5 train batch=295/500 elapsed=239.7s
epoch 5 train batch=295/500 elapsed=240.5s loss=0.9932 time=0.0373 stft=1.5807
epoch 5 train batch=300/500 elapsed=243.7s
epoch 5 train batch=300/500 elapsed=244.5s loss=0.9884 time=0.0375 stft=1.5700
epoch 5 train batch=305/500 elapsed=247.8s
epoch 5 train batch=305/500 elapsed=248.6s loss=0.9915 time=0.0376 stft=1.5760
epoch 5 train batch=310/500 elapsed=251.9s
epoch 5 train batch=310/500 elapsed=252.7s loss=0.9939 time=0.0374 stft=1.5817
epoch 5 train batch=315/500 elapsed=255.9s
epoch 5 train batch=315/500 elapsed=256.7s loss=0.9964 time=0.0376 stft=1.5857
epoch 5 train batch=320/500 elapsed=260.0s
epoch 5 train batch=320/500 elapsed=260.8s loss=0.9982 time=0.0376 stft=1.5895
epoch 5 train batch=325/500 elapsed=264.1s
epoch 5 train batch=325/500 elapsed=264.9s loss=0.9962 time=0.0376 stft=1.5857
epoch 5 train batch=330/500 elapsed=268.1s
epoch 5 train batch=330/500 elapsed=268.9s loss=0.9998 time=0.0378 stft=1.5924
epoch 5 train batch=335/500 elapsed=272.2s
epoch 5 train batch=335/500 elapsed=273.0s loss=0.9962 time=0.0377 stft=1.5851
epoch 5 train batch=340/500 elapsed=276.3s
epoch 5 train batch=340/500 elapsed=277.1s loss=0.9946 time=0.0376 stft=1.5814
epoch 5 train batch=345/500 elapsed=280.4s
epoch 5 train batch=345/500 elapsed=281.2s loss=0.9929 time=0.0376 stft=1.5788
epoch 5 train batch=350/500 elapsed=284.4s
epoch 5 train batch=350/500 elapsed=285.2s loss=0.9964 time=0.0377 stft=1.5845
epoch 5 train batch=355/500 elapsed=288.5s
epoch 5 train batch=355/500 elapsed=289.3s loss=0.9955 time=0.0378 stft=1.5820
epoch 5 train batch=360/500 elapsed=292.6s
epoch 5 train batch=360/500 elapsed=293.4s loss=0.9974 time=0.0378 stft=1.5855
epoch 5 train batch=365/500 elapsed=296.6s
epoch 5 train batch=365/500 elapsed=297.5s loss=0.9938 time=0.0378 stft=1.5786
epoch 5 train batch=370/500 elapsed=300.7s
epoch 5 train batch=370/500 elapsed=301.5s loss=0.9986 time=0.0378 stft=1.5888
epoch 5 train batch=375/500 elapsed=304.8s
epoch 5 train batch=375/500 elapsed=305.6s loss=0.9939 time=0.0377 stft=1.5793
epoch 5 train batch=380/500 elapsed=308.9s
epoch 5 train batch=380/500 elapsed=309.7s loss=0.9904 time=0.0379 stft=1.5717
epoch 5 train batch=385/500 elapsed=313.0s
epoch 5 train batch=385/500 elapsed=313.8s loss=0.9861 time=0.0379 stft=1.5631
epoch 5 train batch=390/500 elapsed=317.0s
epoch 5 train batch=390/500 elapsed=317.9s loss=0.9880 time=0.0378 stft=1.5666
epoch 5 train batch=395/500 elapsed=321.1s
epoch 5 train batch=395/500 elapsed=321.9s loss=0.9842 time=0.0378 stft=1.5585
epoch 5 train batch=400/500 elapsed=325.2s
epoch 5 train batch=400/500 elapsed=326.0s loss=0.9842 time=0.0378 stft=1.5585
epoch 5 train batch=405/500 elapsed=329.3s
epoch 5 train batch=405/500 elapsed=330.1s loss=0.9831 time=0.0376 stft=1.5564
epoch 5 train batch=410/500 elapsed=333.3s
epoch 5 train batch=410/500 elapsed=334.2s loss=0.9803 time=0.0378 stft=1.5495
epoch 5 train batch=415/500 elapsed=337.4s
epoch 5 train batch=415/500 elapsed=338.2s loss=0.9762 time=0.0379 stft=1.5416
epoch 5 train batch=420/500 elapsed=341.5s
epoch 5 train batch=420/500 elapsed=342.3s loss=0.9788 time=0.0379 stft=1.5465
epoch 5 train batch=425/500 elapsed=345.6s
epoch 5 train batch=425/500 elapsed=346.4s loss=0.9807 time=0.0380 stft=1.5500
epoch 5 train batch=430/500 elapsed=349.6s
epoch 5 train batch=430/500 elapsed=350.5s loss=0.9795 time=0.0380 stft=1.5476
epoch 5 train batch=435/500 elapsed=353.7s
epoch 5 train batch=435/500 elapsed=354.5s loss=0.9791 time=0.0380 stft=1.5466
epoch 5 train batch=440/500 elapsed=357.8s
epoch 5 train batch=440/500 elapsed=358.6s loss=0.9810 time=0.0380 stft=1.5502
epoch 5 train batch=445/500 elapsed=361.8s
epoch 5 train batch=445/500 elapsed=362.7s loss=0.9772 time=0.0378 stft=1.5429
epoch 5 train batch=450/500 elapsed=365.9s
epoch 5 train batch=450/500 elapsed=366.7s loss=0.9772 time=0.0377 stft=1.5434
epoch 5 train batch=455/500 elapsed=370.0s
epoch 5 train batch=455/500 elapsed=370.8s loss=0.9758 time=0.0377 stft=1.5408
epoch 5 train batch=460/500 elapsed=374.1s
epoch 5 train batch=460/500 elapsed=374.9s loss=0.9779 time=0.0379 stft=1.5441
epoch 5 train batch=465/500 elapsed=378.1s
epoch 5 train batch=465/500 elapsed=378.9s loss=0.9769 time=0.0378 stft=1.5430
epoch 5 train batch=470/500 elapsed=382.2s
epoch 5 train batch=470/500 elapsed=383.0s loss=0.9765 time=0.0379 stft=1.5418
epoch 5 train batch=475/500 elapsed=386.3s
epoch 5 train batch=475/500 elapsed=387.1s loss=0.9785 time=0.0379 stft=1.5457
epoch 5 train batch=480/500 elapsed=390.3s
epoch 5 train batch=480/500 elapsed=391.2s loss=0.9775 time=0.0379 stft=1.5436
epoch 5 train batch=485/500 elapsed=394.4s
epoch 5 train batch=485/500 elapsed=395.2s loss=0.9818 time=0.0379 stft=1.5525
epoch 5 train batch=490/500 elapsed=398.5s
epoch 5 train batch=490/500 elapsed=399.3s loss=0.9909 time=0.0378 stft=1.5711
epoch 5 train batch=495/500 elapsed=402.6s
epoch 5 train batch=495/500 elapsed=403.4s loss=0.9907 time=0.0378 stft=1.5707
epoch 5 train batch=500/500 elapsed=406.7s
epoch 5 train batch=500/500 elapsed=407.5s loss=0.9919 time=0.0378 stft=1.5730
valid started total=20
valid batch=5/20 elapsed=1.1s
valid batch=10/20 elapsed=2.4s
valid batch=15/20 elapsed=3.8s
valid batch=20/20 elapsed=5.1s
epoch=5 train_loss=0.9951 valid_loss=1.6584 valid_si_sdr=-43.64dB
epoch 6 train started total=500
epoch 6 train batch=5/500 elapsed=3.3s
epoch 6 train batch=5/500 elapsed=4.1s loss=0.8802 time=0.0376 stft=1.3559
epoch 6 train batch=10/500 elapsed=7.4s
epoch 6 train batch=10/500 elapsed=8.2s loss=0.9907 time=0.0380 stft=1.5795
epoch 6 train batch=15/500 elapsed=11.5s
epoch 6 train batch=15/500 elapsed=12.3s loss=0.9832 time=0.0389 stft=1.5606
epoch 6 train batch=20/500 elapsed=15.5s
epoch 6 train batch=20/500 elapsed=16.3s loss=1.0373 time=0.0359 stft=1.6730
epoch 6 train batch=25/500 elapsed=19.6s
epoch 6 train batch=25/500 elapsed=20.4s loss=1.1329 time=0.0339 stft=1.8665
epoch 6 train batch=30/500 elapsed=23.7s
epoch 6 train batch=30/500 elapsed=24.5s loss=1.1735 time=0.0343 stft=1.9433
epoch 6 train batch=35/500 elapsed=27.7s
epoch 6 train batch=35/500 elapsed=28.6s loss=1.2072 time=0.0355 stft=1.9999
epoch 6 train batch=40/500 elapsed=31.8s
epoch 6 train batch=40/500 elapsed=32.6s loss=1.1879 time=0.0360 stft=1.9572
epoch 6 train batch=45/500 elapsed=35.9s
epoch 6 train batch=45/500 elapsed=36.7s loss=1.1579 time=0.0382 stft=1.8914
epoch 6 train batch=50/500 elapsed=40.0s
epoch 6 train batch=50/500 elapsed=40.8s loss=1.1362 time=0.0381 stft=1.8476
epoch 6 train batch=55/500 elapsed=44.1s
epoch 6 train batch=55/500 elapsed=44.9s loss=1.1205 time=0.0370 stft=1.8213
epoch 6 train batch=60/500 elapsed=48.1s
epoch 6 train batch=60/500 elapsed=48.9s loss=1.1394 time=0.0372 stft=1.8602
epoch 6 train batch=65/500 elapsed=52.2s
epoch 6 train batch=65/500 elapsed=53.0s loss=1.1277 time=0.0374 stft=1.8365
epoch 6 train batch=70/500 elapsed=56.2s
epoch 6 train batch=70/500 elapsed=57.1s loss=1.1058 time=0.0384 stft=1.7922
epoch 6 train batch=75/500 elapsed=60.3s
epoch 6 train batch=75/500 elapsed=61.1s loss=1.1065 time=0.0381 stft=1.7988
epoch 6 train batch=80/500 elapsed=64.4s
epoch 6 train batch=80/500 elapsed=65.2s loss=1.1018 time=0.0384 stft=1.7838
epoch 6 train batch=85/500 elapsed=68.5s
epoch 6 train batch=85/500 elapsed=69.3s loss=1.1155 time=0.0387 stft=1.8136
epoch 6 train batch=90/500 elapsed=72.5s
epoch 6 train batch=90/500 elapsed=73.3s loss=1.1044 time=0.0385 stft=1.7892
epoch 6 train batch=95/500 elapsed=76.6s
epoch 6 train batch=95/500 elapsed=77.4s loss=1.1119 time=0.0390 stft=1.8019
epoch 6 train batch=100/500 elapsed=80.7s
epoch 6 train batch=100/500 elapsed=81.5s loss=1.1084 time=0.0388 stft=1.7954
epoch 6 train batch=105/500 elapsed=84.7s
epoch 6 train batch=105/500 elapsed=85.6s loss=1.1059 time=0.0383 stft=1.7945
epoch 6 train batch=110/500 elapsed=88.8s
epoch 6 train batch=110/500 elapsed=89.7s loss=1.1135 time=0.0384 stft=1.8092
epoch 6 train batch=115/500 elapsed=92.9s
epoch 6 train batch=115/500 elapsed=93.7s loss=1.1035 time=0.0394 stft=1.7867
epoch 6 train batch=120/500 elapsed=97.0s
epoch 6 train batch=120/500 elapsed=97.8s loss=1.0958 time=0.0395 stft=1.7687
epoch 6 train batch=125/500 elapsed=101.0s
epoch 6 train batch=125/500 elapsed=101.8s loss=1.0980 time=0.0399 stft=1.7713
epoch 6 train batch=130/500 elapsed=105.1s
epoch 6 train batch=130/500 elapsed=105.9s loss=1.0826 time=0.0400 stft=1.7418
epoch 6 train batch=135/500 elapsed=109.2s
epoch 6 train batch=135/500 elapsed=110.0s loss=1.0882 time=0.0400 stft=1.7511
epoch 6 train batch=140/500 elapsed=113.3s
epoch 6 train batch=140/500 elapsed=114.1s loss=1.0741 time=0.0401 stft=1.7226
epoch 6 train batch=145/500 elapsed=117.3s
epoch 6 train batch=145/500 elapsed=118.1s loss=1.0639 time=0.0405 stft=1.6999
epoch 6 train batch=150/500 elapsed=121.4s
epoch 6 train batch=150/500 elapsed=122.2s loss=1.0495 time=0.0403 stft=1.6731
epoch 6 train batch=155/500 elapsed=125.5s
epoch 6 train batch=155/500 elapsed=126.3s loss=1.0561 time=0.0402 stft=1.6870
epoch 6 train batch=160/500 elapsed=129.5s
epoch 6 train batch=160/500 elapsed=130.3s loss=1.0468 time=0.0398 stft=1.6709
epoch 6 train batch=165/500 elapsed=133.6s
epoch 6 train batch=165/500 elapsed=134.4s loss=1.0369 time=0.0399 stft=1.6505
epoch 6 train batch=170/500 elapsed=137.7s
epoch 6 train batch=170/500 elapsed=138.5s loss=1.0332 time=0.0397 stft=1.6442
epoch 6 train batch=175/500 elapsed=141.7s
epoch 6 train batch=175/500 elapsed=142.5s loss=1.0277 time=0.0396 stft=1.6340
epoch 6 train batch=180/500 elapsed=145.8s
epoch 6 train batch=180/500 elapsed=146.6s loss=1.0202 time=0.0397 stft=1.6207
epoch 6 train batch=185/500 elapsed=149.9s
epoch 6 train batch=185/500 elapsed=150.7s loss=1.0271 time=0.0397 stft=1.6358
epoch 6 train batch=190/500 elapsed=153.9s
epoch 6 train batch=190/500 elapsed=154.7s loss=1.0294 time=0.0398 stft=1.6403
epoch 6 train batch=195/500 elapsed=158.0s
epoch 6 train batch=195/500 elapsed=158.8s loss=1.0199 time=0.0397 stft=1.6212
epoch 6 train batch=200/500 elapsed=162.0s
epoch 6 train batch=200/500 elapsed=162.8s loss=1.0282 time=0.0395 stft=1.6391
epoch 6 train batch=205/500 elapsed=166.1s
epoch 6 train batch=205/500 elapsed=166.9s loss=1.0275 time=0.0392 stft=1.6388
epoch 6 train batch=210/500 elapsed=170.2s
epoch 6 train batch=210/500 elapsed=171.0s loss=1.0195 time=0.0391 stft=1.6230
epoch 6 train batch=215/500 elapsed=174.2s
epoch 6 train batch=215/500 elapsed=175.0s loss=1.0291 time=0.0393 stft=1.6421
epoch 6 train batch=220/500 elapsed=178.3s
epoch 6 train batch=220/500 elapsed=179.1s loss=1.0272 time=0.0390 stft=1.6394
epoch 6 train batch=225/500 elapsed=182.3s
epoch 6 train batch=225/500 elapsed=183.2s loss=1.0242 time=0.0389 stft=1.6344
epoch 6 train batch=230/500 elapsed=186.4s
epoch 6 train batch=230/500 elapsed=187.2s loss=1.0278 time=0.0388 stft=1.6423
epoch 6 train batch=235/500 elapsed=190.5s
epoch 6 train batch=235/500 elapsed=191.3s loss=1.0289 time=0.0390 stft=1.6442
epoch 6 train batch=240/500 elapsed=194.5s
epoch 6 train batch=240/500 elapsed=195.3s loss=1.0301 time=0.0390 stft=1.6472
epoch 6 train batch=245/500 elapsed=198.6s
epoch 6 train batch=245/500 elapsed=199.4s loss=1.0307 time=0.0390 stft=1.6482
epoch 6 train batch=250/500 elapsed=202.6s
epoch 6 train batch=250/500 elapsed=203.4s loss=1.0364 time=0.0391 stft=1.6593
epoch 6 train batch=255/500 elapsed=206.7s
epoch 6 train batch=255/500 elapsed=207.5s loss=1.0330 time=0.0391 stft=1.6524
epoch 6 train batch=260/500 elapsed=210.7s
epoch 6 train batch=260/500 elapsed=211.6s loss=1.0343 time=0.0391 stft=1.6559
epoch 6 train batch=265/500 elapsed=214.8s
epoch 6 train batch=265/500 elapsed=215.6s loss=1.0283 time=0.0394 stft=1.6436
epoch 6 train batch=270/500 elapsed=218.9s
epoch 6 train batch=270/500 elapsed=219.7s loss=1.0252 time=0.0395 stft=1.6375
epoch 6 train batch=275/500 elapsed=222.9s
epoch 6 train batch=275/500 elapsed=223.7s loss=1.0268 time=0.0395 stft=1.6405
epoch 6 train batch=280/500 elapsed=227.0s
epoch 6 train batch=280/500 elapsed=227.8s loss=1.0201 time=0.0394 stft=1.6282
epoch 6 train batch=285/500 elapsed=231.0s
epoch 6 train batch=285/500 elapsed=231.9s loss=1.0202 time=0.0393 stft=1.6282
epoch 6 train batch=290/500 elapsed=235.1s
epoch 6 train batch=290/500 elapsed=235.9s loss=1.0176 time=0.0393 stft=1.6233
epoch 6 train batch=295/500 elapsed=239.2s
epoch 6 train batch=295/500 elapsed=240.0s loss=1.0271 time=0.0394 stft=1.6416
epoch 6 train batch=300/500 elapsed=243.2s
epoch 6 train batch=300/500 elapsed=244.0s loss=1.0210 time=0.0393 stft=1.6297
epoch 6 train batch=305/500 elapsed=247.3s
epoch 6 train batch=305/500 elapsed=248.1s loss=1.0152 time=0.0394 stft=1.6184
epoch 6 train batch=310/500 elapsed=251.3s
epoch 6 train batch=310/500 elapsed=252.2s loss=1.0139 time=0.0392 stft=1.6168
epoch 6 train batch=315/500 elapsed=255.4s
epoch 6 train batch=315/500 elapsed=256.2s loss=1.0148 time=0.0392 stft=1.6183
epoch 6 train batch=320/500 elapsed=259.5s
epoch 6 train batch=320/500 elapsed=260.3s loss=1.0201 time=0.0393 stft=1.6289
epoch 6 train batch=325/500 elapsed=263.5s
epoch 6 train batch=325/500 elapsed=264.3s loss=1.0169 time=0.0392 stft=1.6234
epoch 6 train batch=330/500 elapsed=267.6s
epoch 6 train batch=330/500 elapsed=268.4s loss=1.0199 time=0.0392 stft=1.6292
epoch 6 train batch=335/500 elapsed=271.7s
epoch 6 train batch=335/500 elapsed=272.5s loss=1.0206 time=0.0391 stft=1.6317
epoch 6 train batch=340/500 elapsed=275.7s
epoch 6 train batch=340/500 elapsed=276.5s loss=1.0184 time=0.0391 stft=1.6279
epoch 6 train batch=345/500 elapsed=279.8s
epoch 6 train batch=345/500 elapsed=280.6s loss=1.0213 time=0.0392 stft=1.6338
epoch 6 train batch=350/500 elapsed=283.9s
epoch 6 train batch=350/500 elapsed=284.7s loss=1.0223 time=0.0391 stft=1.6362
epoch 6 train batch=355/500 elapsed=287.9s
epoch 6 train batch=355/500 elapsed=288.7s loss=1.0250 time=0.0390 stft=1.6418
epoch 6 train batch=360/500 elapsed=292.0s
epoch 6 train batch=360/500 elapsed=292.8s loss=1.0231 time=0.0390 stft=1.6381
epoch 6 train batch=365/500 elapsed=296.1s
epoch 6 train batch=365/500 elapsed=296.9s loss=1.0207 time=0.0389 stft=1.6340
epoch 6 train batch=370/500 elapsed=300.1s
epoch 6 train batch=370/500 elapsed=301.0s loss=1.0169 time=0.0391 stft=1.6264
epoch 6 train batch=375/500 elapsed=304.2s
epoch 6 train batch=375/500 elapsed=305.0s loss=1.0147 time=0.0390 stft=1.6226
epoch 6 train batch=380/500 elapsed=308.3s
epoch 6 train batch=380/500 elapsed=309.1s loss=1.0116 time=0.0389 stft=1.6157
epoch 6 train batch=385/500 elapsed=312.3s
epoch 6 train batch=385/500 elapsed=313.2s loss=1.0256 time=0.0387 stft=1.6452
epoch 6 train batch=390/500 elapsed=316.4s
epoch 6 train batch=390/500 elapsed=317.2s loss=1.0248 time=0.0388 stft=1.6429
epoch 6 train batch=395/500 elapsed=320.5s
epoch 6 train batch=395/500 elapsed=321.3s loss=1.0238 time=0.0387 stft=1.6419
epoch 6 train batch=400/500 elapsed=324.5s
epoch 6 train batch=400/500 elapsed=325.4s loss=1.0187 time=0.0386 stft=1.6319
epoch 6 train batch=405/500 elapsed=328.6s
epoch 6 train batch=405/500 elapsed=329.4s loss=1.0233 time=0.0385 stft=1.6415
epoch 6 train batch=410/500 elapsed=332.7s
epoch 6 train batch=410/500 elapsed=333.5s loss=1.0233 time=0.0383 stft=1.6417
epoch 6 train batch=415/500 elapsed=336.8s
epoch 6 train batch=415/500 elapsed=337.6s loss=1.0246 time=0.0383 stft=1.6447
epoch 6 train batch=420/500 elapsed=340.8s
epoch 6 train batch=420/500 elapsed=341.7s loss=1.0229 time=0.0383 stft=1.6415
epoch 6 train batch=425/500 elapsed=344.9s
epoch 6 train batch=425/500 elapsed=345.7s loss=1.0245 time=0.0382 stft=1.6446
epoch 6 train batch=430/500 elapsed=349.0s
epoch 6 train batch=430/500 elapsed=349.8s loss=1.0254 time=0.0384 stft=1.6462
epoch 6 train batch=435/500 elapsed=353.1s
epoch 6 train batch=435/500 elapsed=353.9s loss=1.0213 time=0.0384 stft=1.6378
epoch 6 train batch=440/500 elapsed=357.1s
epoch 6 train batch=440/500 elapsed=358.0s loss=1.0169 time=0.0384 stft=1.6289
epoch 6 train batch=445/500 elapsed=361.2s
epoch 6 train batch=445/500 elapsed=362.0s loss=1.0153 time=0.0384 stft=1.6260
epoch 6 train batch=450/500 elapsed=365.3s
epoch 6 train batch=450/500 elapsed=366.1s loss=1.0143 time=0.0383 stft=1.6243
epoch 6 train batch=455/500 elapsed=369.3s
epoch 6 train batch=455/500 elapsed=370.2s loss=1.0098 time=0.0383 stft=1.6158
epoch 6 train batch=460/500 elapsed=373.4s
epoch 6 train batch=460/500 elapsed=374.2s loss=1.0062 time=0.0384 stft=1.6081
epoch 6 train batch=465/500 elapsed=377.5s
epoch 6 train batch=465/500 elapsed=378.3s loss=1.0045 time=0.0385 stft=1.6046
epoch 6 train batch=470/500 elapsed=381.6s
epoch 6 train batch=470/500 elapsed=382.4s loss=1.0084 time=0.0384 stft=1.6123
epoch 6 train batch=475/500 elapsed=385.7s
epoch 6 train batch=475/500 elapsed=386.5s loss=1.0047 time=0.0386 stft=1.6045
epoch 6 train batch=480/500 elapsed=389.7s
epoch 6 train batch=480/500 elapsed=390.5s loss=1.0032 time=0.0385 stft=1.6017
epoch 6 train batch=485/500 elapsed=393.8s
epoch 6 train batch=485/500 elapsed=394.6s loss=0.9999 time=0.0386 stft=1.5947
epoch 6 train batch=490/500 elapsed=397.8s
epoch 6 train batch=490/500 elapsed=398.7s loss=1.0013 time=0.0385 stft=1.5983
epoch 6 train batch=495/500 elapsed=401.9s
epoch 6 train batch=495/500 elapsed=402.7s loss=1.0014 time=0.0385 stft=1.5988
epoch 6 train batch=500/500 elapsed=406.0s
epoch 6 train batch=500/500 elapsed=406.8s loss=0.9978 time=0.0385 stft=1.5918
valid started total=20
valid batch=5/20 elapsed=1.1s
valid batch=10/20 elapsed=2.4s
valid batch=15/20 elapsed=3.8s
valid batch=20/20 elapsed=5.1s
epoch=6 train_loss=0.9901 valid_loss=1.6391 valid_si_sdr=-43.53dB
epoch 7 train started total=500
epoch 7 train batch=5/500 elapsed=3.3s
epoch 7 train batch=5/500 elapsed=4.1s loss=1.0826 time=0.0444 stft=1.7852
epoch 7 train batch=10/500 elapsed=7.4s
epoch 7 train batch=10/500 elapsed=8.2s loss=0.8821 time=0.0396 stft=1.3836
epoch 7 train batch=15/500 elapsed=11.4s
epoch 7 train batch=15/500 elapsed=12.3s loss=0.9127 time=0.0417 stft=1.4275
epoch 7 train batch=20/500 elapsed=15.5s
epoch 7 train batch=20/500 elapsed=16.3s loss=0.8456 time=0.0416 stft=1.2908
epoch 7 train batch=25/500 elapsed=19.6s
epoch 7 train batch=25/500 elapsed=20.4s loss=0.9753 time=0.0421 stft=1.5459
epoch 7 train batch=30/500 elapsed=23.7s
epoch 7 train batch=30/500 elapsed=24.5s loss=0.9208 time=0.0422 stft=1.4382
epoch 7 train batch=35/500 elapsed=27.8s
epoch 7 train batch=35/500 elapsed=28.6s loss=0.9059 time=0.0411 stft=1.4146
epoch 7 train batch=40/500 elapsed=31.8s
epoch 7 train batch=40/500 elapsed=32.7s loss=0.9154 time=0.0399 stft=1.4343
epoch 7 train batch=45/500 elapsed=35.9s
epoch 7 train batch=45/500 elapsed=36.7s loss=0.9114 time=0.0395 stft=1.4278
epoch 7 train batch=50/500 elapsed=40.0s
epoch 7 train batch=50/500 elapsed=40.8s loss=0.9102 time=0.0401 stft=1.4205
epoch 7 train batch=55/500 elapsed=44.1s
epoch 7 train batch=55/500 elapsed=44.9s loss=0.8851 time=0.0402 stft=1.3714
epoch 7 train batch=60/500 elapsed=48.2s
epoch 7 train batch=60/500 elapsed=49.0s loss=0.8868 time=0.0395 stft=1.3784
epoch 7 train batch=65/500 elapsed=52.3s
epoch 7 train batch=65/500 elapsed=53.1s loss=0.9076 time=0.0389 stft=1.4219
epoch 7 train batch=70/500 elapsed=56.3s
epoch 7 train batch=70/500 elapsed=57.2s loss=0.8986 time=0.0386 stft=1.4047
epoch 7 train batch=75/500 elapsed=60.4s
epoch 7 train batch=75/500 elapsed=61.2s loss=0.9005 time=0.0392 stft=1.4016
epoch 7 train batch=80/500 elapsed=64.5s
epoch 7 train batch=80/500 elapsed=65.3s loss=0.8896 time=0.0396 stft=1.3810
epoch 7 train batch=85/500 elapsed=68.6s
epoch 7 train batch=85/500 elapsed=69.4s loss=0.9002 time=0.0394 stft=1.4047
epoch 7 train batch=90/500 elapsed=72.7s
epoch 7 train batch=90/500 elapsed=73.5s loss=0.8842 time=0.0394 stft=1.3750
epoch 7 train batch=95/500 elapsed=76.7s
epoch 7 train batch=95/500 elapsed=77.6s loss=0.8729 time=0.0397 stft=1.3503
epoch 7 train batch=100/500 elapsed=80.8s
epoch 7 train batch=100/500 elapsed=81.6s loss=0.8922 time=0.0395 stft=1.3879
epoch 7 train batch=105/500 elapsed=84.9s
epoch 7 train batch=105/500 elapsed=85.7s loss=0.9023 time=0.0394 stft=1.4078
epoch 7 train batch=110/500 elapsed=89.0s
epoch 7 train batch=110/500 elapsed=89.8s loss=0.9190 time=0.0389 stft=1.4411
epoch 7 train batch=115/500 elapsed=93.1s
epoch 7 train batch=115/500 elapsed=93.9s loss=0.9107 time=0.0391 stft=1.4228
epoch 7 train batch=120/500 elapsed=97.1s
epoch 7 train batch=120/500 elapsed=97.9s loss=0.9081 time=0.0389 stft=1.4193
epoch 7 train batch=125/500 elapsed=101.2s
epoch 7 train batch=125/500 elapsed=102.0s loss=0.8983 time=0.0387 stft=1.3989
epoch 7 train batch=130/500 elapsed=105.3s
epoch 7 train batch=130/500 elapsed=106.1s loss=0.8819 time=0.0383 stft=1.3697
epoch 7 train batch=135/500 elapsed=109.4s
epoch 7 train batch=135/500 elapsed=110.2s loss=0.8819 time=0.0382 stft=1.3696
epoch 7 train batch=140/500 elapsed=113.4s
epoch 7 train batch=140/500 elapsed=114.2s loss=0.8823 time=0.0381 stft=1.3695
epoch 7 train batch=145/500 elapsed=117.5s
epoch 7 train batch=145/500 elapsed=118.3s loss=0.8731 time=0.0381 stft=1.3522
epoch 7 train batch=150/500 elapsed=121.6s
epoch 7 train batch=150/500 elapsed=122.4s loss=0.8855 time=0.0377 stft=1.3773
epoch 7 train batch=155/500 elapsed=125.6s
epoch 7 train batch=155/500 elapsed=126.4s loss=0.8968 time=0.0374 stft=1.4020
epoch 7 train batch=160/500 elapsed=129.7s
epoch 7 train batch=160/500 elapsed=130.5s loss=0.8999 time=0.0371 stft=1.4101
epoch 7 train batch=165/500 elapsed=133.8s
epoch 7 train batch=165/500 elapsed=134.6s loss=0.9022 time=0.0374 stft=1.4127
epoch 7 train batch=170/500 elapsed=137.9s
epoch 7 train batch=170/500 elapsed=138.7s loss=0.9045 time=0.0373 stft=1.4169
epoch 7 train batch=175/500 elapsed=141.9s
epoch 7 train batch=175/500 elapsed=142.7s loss=0.9004 time=0.0372 stft=1.4083
epoch 7 train batch=180/500 elapsed=146.0s
epoch 7 train batch=180/500 elapsed=146.8s loss=0.9001 time=0.0372 stft=1.4060
epoch 7 train batch=185/500 elapsed=150.1s
epoch 7 train batch=185/500 elapsed=150.9s loss=0.8931 time=0.0373 stft=1.3914
epoch 7 train batch=190/500 elapsed=154.2s
epoch 7 train batch=190/500 elapsed=155.0s loss=0.8889 time=0.0373 stft=1.3833
epoch 7 train batch=195/500 elapsed=158.2s
epoch 7 train batch=195/500 elapsed=159.0s loss=0.8899 time=0.0372 stft=1.3859
epoch 7 train batch=200/500 elapsed=162.3s
epoch 7 train batch=200/500 elapsed=163.1s loss=0.8957 time=0.0374 stft=1.3972
epoch 7 train batch=205/500 elapsed=166.4s
epoch 7 train batch=205/500 elapsed=167.2s loss=0.8958 time=0.0377 stft=1.3963
epoch 7 train batch=210/500 elapsed=170.5s
epoch 7 train batch=210/500 elapsed=171.3s loss=0.8907 time=0.0380 stft=1.3854
epoch 7 train batch=215/500 elapsed=174.5s
epoch 7 train batch=215/500 elapsed=175.3s loss=0.8990 time=0.0379 stft=1.4013
epoch 7 train batch=220/500 elapsed=178.6s
epoch 7 train batch=220/500 elapsed=179.4s loss=0.9118 time=0.0380 stft=1.4253
epoch 7 train batch=225/500 elapsed=182.7s
epoch 7 train batch=225/500 elapsed=183.5s loss=0.9056 time=0.0380 stft=1.4133
epoch 7 train batch=230/500 elapsed=186.8s
epoch 7 train batch=230/500 elapsed=187.6s loss=0.9200 time=0.0380 stft=1.4413
epoch 7 train batch=235/500 elapsed=190.9s
epoch 7 train batch=235/500 elapsed=191.7s loss=0.9187 time=0.0380 stft=1.4392
epoch 7 train batch=240/500 elapsed=194.9s
epoch 7 train batch=240/500 elapsed=195.7s loss=0.9211 time=0.0376 stft=1.4451
epoch 7 train batch=245/500 elapsed=199.0s
epoch 7 train batch=245/500 elapsed=199.8s loss=0.9196 time=0.0376 stft=1.4425
epoch 7 train batch=250/500 elapsed=203.1s
epoch 7 train batch=250/500 elapsed=203.9s loss=0.9256 time=0.0376 stft=1.4543
epoch 7 train batch=255/500 elapsed=207.1s
epoch 7 train batch=255/500 elapsed=207.9s loss=0.9190 time=0.0373 stft=1.4421
epoch 7 train batch=260/500 elapsed=211.2s
epoch 7 train batch=260/500 elapsed=212.0s loss=0.9202 time=0.0374 stft=1.4443
epoch 7 train batch=265/500 elapsed=215.3s
epoch 7 train batch=265/500 elapsed=216.1s loss=0.9213 time=0.0373 stft=1.4477
epoch 7 train batch=270/500 elapsed=219.4s
epoch 7 train batch=270/500 elapsed=220.2s loss=0.9210 time=0.0371 stft=1.4474
epoch 7 train batch=275/500 elapsed=223.4s
epoch 7 train batch=275/500 elapsed=224.2s loss=0.9269 time=0.0369 stft=1.4592
epoch 7 train batch=280/500 elapsed=227.5s
epoch 7 train batch=280/500 elapsed=228.3s loss=0.9219 time=0.0370 stft=1.4496
epoch 7 train batch=285/500 elapsed=231.6s
epoch 7 train batch=285/500 elapsed=232.4s loss=0.9165 time=0.0370 stft=1.4391
epoch 7 train batch=290/500 elapsed=235.6s
epoch 7 train batch=290/500 elapsed=236.4s loss=0.9224 time=0.0368 stft=1.4520
epoch 7 train batch=295/500 elapsed=239.7s
epoch 7 train batch=295/500 elapsed=240.5s loss=0.9215 time=0.0369 stft=1.4502
epoch 7 train batch=300/500 elapsed=243.8s
epoch 7 train batch=300/500 elapsed=244.6s loss=0.9203 time=0.0369 stft=1.4480
epoch 7 train batch=305/500 elapsed=247.8s
epoch 7 train batch=305/500 elapsed=248.6s loss=0.9152 time=0.0370 stft=1.4379
epoch 7 train batch=310/500 elapsed=251.9s
epoch 7 train batch=310/500 elapsed=252.7s loss=0.9116 time=0.0370 stft=1.4300
epoch 7 train batch=315/500 elapsed=256.0s
epoch 7 train batch=315/500 elapsed=256.8s loss=0.9118 time=0.0370 stft=1.4295
epoch 7 train batch=320/500 elapsed=260.1s
epoch 7 train batch=320/500 elapsed=260.9s loss=0.9111 time=0.0370 stft=1.4273
epoch 7 train batch=325/500 elapsed=264.2s
epoch 7 train batch=325/500 elapsed=265.0s loss=0.9066 time=0.0369 stft=1.4179
epoch 7 train batch=330/500 elapsed=268.2s
epoch 7 train batch=330/500 elapsed=269.0s loss=0.9061 time=0.0368 stft=1.4168
epoch 7 train batch=335/500 elapsed=272.3s
epoch 7 train batch=335/500 elapsed=273.1s loss=0.9042 time=0.0370 stft=1.4125
epoch 7 train batch=340/500 elapsed=276.4s
epoch 7 train batch=340/500 elapsed=277.2s loss=0.9123 time=0.0369 stft=1.4292
epoch 7 train batch=345/500 elapsed=280.5s
epoch 7 train batch=345/500 elapsed=281.3s loss=0.9172 time=0.0367 stft=1.4395
epoch 7 train batch=350/500 elapsed=284.5s
epoch 7 train batch=350/500 elapsed=285.4s loss=0.9148 time=0.0368 stft=1.4352
epoch 7 train batch=355/500 elapsed=288.6s
epoch 7 train batch=355/500 elapsed=289.4s loss=0.9276 time=0.0368 stft=1.4601
epoch 7 train batch=360/500 elapsed=292.7s
epoch 7 train batch=360/500 elapsed=293.5s loss=0.9229 time=0.0369 stft=1.4506
epoch 7 train batch=365/500 elapsed=296.8s
epoch 7 train batch=365/500 elapsed=297.6s loss=0.9258 time=0.0369 stft=1.4564
epoch 7 train batch=370/500 elapsed=300.9s
epoch 7 train batch=370/500 elapsed=301.7s loss=0.9252 time=0.0370 stft=1.4549
epoch 7 train batch=375/500 elapsed=304.9s
epoch 7 train batch=375/500 elapsed=305.8s loss=0.9246 time=0.0370 stft=1.4539
epoch 7 train batch=380/500 elapsed=309.0s
epoch 7 train batch=380/500 elapsed=309.8s loss=0.9206 time=0.0369 stft=1.4463
epoch 7 train batch=385/500 elapsed=313.1s
epoch 7 train batch=385/500 elapsed=313.9s loss=0.9225 time=0.0369 stft=1.4502
epoch 7 train batch=390/500 elapsed=317.2s
epoch 7 train batch=390/500 elapsed=318.0s loss=0.9187 time=0.0369 stft=1.4423
epoch 7 train batch=395/500 elapsed=321.3s
epoch 7 train batch=395/500 elapsed=322.1s loss=0.9185 time=0.0371 stft=1.4413
epoch 7 train batch=400/500 elapsed=325.3s
epoch 7 train batch=400/500 elapsed=326.1s loss=0.9233 time=0.0371 stft=1.4509
epoch 7 train batch=405/500 elapsed=329.4s
epoch 7 train batch=405/500 elapsed=330.2s loss=0.9221 time=0.0371 stft=1.4485
epoch 7 train batch=410/500 elapsed=333.5s
epoch 7 train batch=410/500 elapsed=334.3s loss=0.9244 time=0.0372 stft=1.4527
epoch 7 train batch=415/500 elapsed=337.6s
epoch 7 train batch=415/500 elapsed=338.4s loss=0.9213 time=0.0371 stft=1.4465
epoch 7 train batch=420/500 elapsed=341.6s
epoch 7 train batch=420/500 elapsed=342.4s loss=0.9275 time=0.0371 stft=1.4590
epoch 7 train batch=425/500 elapsed=345.7s
epoch 7 train batch=425/500 elapsed=346.5s loss=0.9314 time=0.0372 stft=1.4660
epoch 7 train batch=430/500 elapsed=349.8s
epoch 7 train batch=430/500 elapsed=350.6s loss=0.9307 time=0.0372 stft=1.4644
epoch 7 train batch=435/500 elapsed=353.8s
epoch 7 train batch=435/500 elapsed=354.7s loss=0.9270 time=0.0372 stft=1.4577
epoch 7 train batch=440/500 elapsed=357.9s
epoch 7 train batch=440/500 elapsed=358.7s loss=0.9253 time=0.0372 stft=1.4540
epoch 7 train batch=445/500 elapsed=362.0s
epoch 7 train batch=445/500 elapsed=362.8s loss=0.9236 time=0.0372 stft=1.4511
epoch 7 train batch=450/500 elapsed=366.1s
epoch 7 train batch=450/500 elapsed=366.9s loss=0.9224 time=0.0372 stft=1.4493
epoch 7 train batch=455/500 elapsed=370.2s
epoch 7 train batch=455/500 elapsed=371.0s loss=0.9184 time=0.0370 stft=1.4418
epoch 7 train batch=460/500 elapsed=374.2s
epoch 7 train batch=460/500 elapsed=375.1s loss=0.9187 time=0.0370 stft=1.4418
epoch 7 train batch=465/500 elapsed=378.3s
epoch 7 train batch=465/500 elapsed=379.1s loss=0.9154 time=0.0370 stft=1.4350
epoch 7 train batch=470/500 elapsed=382.4s
epoch 7 train batch=470/500 elapsed=383.2s loss=0.9145 time=0.0370 stft=1.4334
epoch 7 train batch=475/500 elapsed=386.5s
epoch 7 train batch=475/500 elapsed=387.3s loss=0.9181 time=0.0371 stft=1.4406
epoch 7 train batch=480/500 elapsed=390.5s
epoch 7 train batch=480/500 elapsed=391.4s loss=0.9170 time=0.0371 stft=1.4389
epoch 7 train batch=485/500 elapsed=394.6s
epoch 7 train batch=485/500 elapsed=395.4s loss=0.9224 time=0.0369 stft=1.4494
epoch 7 train batch=490/500 elapsed=398.7s
epoch 7 train batch=490/500 elapsed=399.5s loss=0.9249 time=0.0369 stft=1.4552
epoch 7 train batch=495/500 elapsed=402.8s
epoch 7 train batch=495/500 elapsed=403.6s loss=0.9255 time=0.0368 stft=1.4575
epoch 7 train batch=500/500 elapsed=406.9s
epoch 7 train batch=500/500 elapsed=407.7s loss=0.9252 time=0.0367 stft=1.4572
valid started total=20
valid batch=5/20 elapsed=1.1s
valid batch=10/20 elapsed=2.4s
valid batch=15/20 elapsed=3.8s
valid batch=20/20 elapsed=5.1s
epoch=7 train_loss=0.9411 valid_loss=1.6131 valid_si_sdr=-43.99dB
epoch 8 train started total=500
epoch 8 train batch=5/500 elapsed=3.3s
epoch 8 train batch=5/500 elapsed=4.1s loss=1.4069 time=0.0285 stft=2.4666
epoch 8 train batch=10/500 elapsed=7.4s
epoch 8 train batch=10/500 elapsed=8.2s loss=1.1322 time=0.0370 stft=1.8851
epoch 8 train batch=15/500 elapsed=11.5s
epoch 8 train batch=15/500 elapsed=12.3s loss=1.1583 time=0.0400 stft=1.9099
epoch 8 train batch=20/500 elapsed=15.6s
epoch 8 train batch=20/500 elapsed=16.4s loss=1.0170 time=0.0374 stft=1.6486
epoch 8 train batch=25/500 elapsed=19.6s
epoch 8 train batch=25/500 elapsed=20.4s loss=1.0198 time=0.0357 stft=1.6563
epoch 8 train batch=30/500 elapsed=23.7s
epoch 8 train batch=30/500 elapsed=24.5s loss=0.9911 time=0.0363 stft=1.5988
epoch 8 train batch=35/500 elapsed=27.8s
epoch 8 train batch=35/500 elapsed=28.6s loss=0.9839 time=0.0362 stft=1.5884
epoch 8 train batch=40/500 elapsed=31.9s
epoch 8 train batch=40/500 elapsed=32.7s loss=1.0683 time=0.0357 stft=1.7546
epoch 8 train batch=45/500 elapsed=36.0s
epoch 8 train batch=45/500 elapsed=36.8s loss=1.0746 time=0.0354 stft=1.7623
epoch 8 train batch=50/500 elapsed=40.0s
epoch 8 train batch=50/500 elapsed=40.9s loss=1.0380 time=0.0363 stft=1.6851
epoch 8 train batch=55/500 elapsed=44.1s
epoch 8 train batch=55/500 elapsed=44.9s loss=1.0481 time=0.0374 stft=1.7026
epoch 8 train batch=60/500 elapsed=48.2s
epoch 8 train batch=60/500 elapsed=49.0s loss=1.0166 time=0.0384 stft=1.6372
epoch 8 train batch=65/500 elapsed=52.3s
epoch 8 train batch=65/500 elapsed=53.1s loss=1.0259 time=0.0380 stft=1.6604
epoch 8 train batch=70/500 elapsed=56.4s
epoch 8 train batch=70/500 elapsed=57.2s loss=1.0246 time=0.0383 stft=1.6538
epoch 8 train batch=75/500 elapsed=60.4s
epoch 8 train batch=75/500 elapsed=61.3s loss=1.0135 time=0.0383 stft=1.6331
epoch 8 train batch=80/500 elapsed=64.5s
epoch 8 train batch=80/500 elapsed=65.3s loss=1.0097 time=0.0382 stft=1.6251
epoch 8 train batch=85/500 elapsed=68.6s
epoch 8 train batch=85/500 elapsed=69.4s loss=1.0136 time=0.0376 stft=1.6356
epoch 8 train batch=90/500 elapsed=72.7s
epoch 8 train batch=90/500 elapsed=73.5s loss=1.0091 time=0.0371 stft=1.6274
epoch 8 train batch=95/500 elapsed=76.8s
epoch 8 train batch=95/500 elapsed=77.6s loss=1.0169 time=0.0372 stft=1.6412
epoch 8 train batch=100/500 elapsed=80.8s
epoch 8 train batch=100/500 elapsed=81.6s loss=1.0140 time=0.0370 stft=1.6354
epoch 8 train batch=105/500 elapsed=84.9s
epoch 8 train batch=105/500 elapsed=85.7s loss=0.9975 time=0.0372 stft=1.6023
epoch 8 train batch=110/500 elapsed=89.0s
epoch 8 train batch=110/500 elapsed=89.8s loss=1.0017 time=0.0366 stft=1.6116
epoch 8 train batch=115/500 elapsed=93.1s
epoch 8 train batch=115/500 elapsed=93.9s loss=0.9993 time=0.0370 stft=1.6051
epoch 8 train batch=120/500 elapsed=97.1s
epoch 8 train batch=120/500 elapsed=98.0s loss=1.0026 time=0.0370 stft=1.6127
epoch 8 train batch=125/500 elapsed=101.2s
epoch 8 train batch=125/500 elapsed=102.0s loss=1.0119 time=0.0366 stft=1.6343
epoch 8 train batch=130/500 elapsed=105.3s
epoch 8 train batch=130/500 elapsed=106.1s loss=1.0056 time=0.0368 stft=1.6225
epoch 8 train batch=135/500 elapsed=109.4s
epoch 8 train batch=135/500 elapsed=110.2s loss=1.0161 time=0.0365 stft=1.6459
epoch 8 train batch=140/500 elapsed=113.4s
epoch 8 train batch=140/500 elapsed=114.3s loss=1.0184 time=0.0366 stft=1.6494
epoch 8 train batch=145/500 elapsed=117.5s
epoch 8 train batch=145/500 elapsed=118.3s loss=1.0204 time=0.0364 stft=1.6539
epoch 8 train batch=150/500 elapsed=121.6s
epoch 8 train batch=150/500 elapsed=122.4s loss=1.0106 time=0.0367 stft=1.6316
epoch 8 train batch=155/500 elapsed=125.7s
epoch 8 train batch=155/500 elapsed=126.5s loss=0.9984 time=0.0364 stft=1.6088
epoch 8 train batch=160/500 elapsed=129.8s
epoch 8 train batch=160/500 elapsed=130.6s loss=0.9939 time=0.0362 stft=1.5987
epoch 8 train batch=165/500 elapsed=133.8s
epoch 8 train batch=165/500 elapsed=134.6s loss=0.9921 time=0.0360 stft=1.5954
epoch 8 train batch=170/500 elapsed=137.9s
epoch 8 train batch=170/500 elapsed=138.7s loss=0.9948 time=0.0365 stft=1.5984
epoch 8 train batch=175/500 elapsed=142.0s
epoch 8 train batch=175/500 elapsed=142.8s loss=0.9941 time=0.0366 stft=1.5943
epoch 8 train batch=180/500 elapsed=146.1s
epoch 8 train batch=180/500 elapsed=146.9s loss=1.0000 time=0.0365 stft=1.6063
epoch 8 train batch=185/500 elapsed=150.2s
epoch 8 train batch=185/500 elapsed=151.0s loss=1.0083 time=0.0366 stft=1.6230
epoch 8 train batch=190/500 elapsed=154.2s
epoch 8 train batch=190/500 elapsed=155.1s loss=1.0120 time=0.0369 stft=1.6301
epoch 8 train batch=195/500 elapsed=158.3s
epoch 8 train batch=195/500 elapsed=159.1s loss=1.0111 time=0.0370 stft=1.6277
epoch 8 train batch=200/500 elapsed=162.4s
epoch 8 train batch=200/500 elapsed=163.2s loss=1.0037 time=0.0372 stft=1.6111
epoch 8 train batch=205/500 elapsed=166.5s
epoch 8 train batch=205/500 elapsed=167.3s loss=0.9947 time=0.0372 stft=1.5933
epoch 8 train batch=210/500 elapsed=170.6s
epoch 8 train batch=210/500 elapsed=171.4s loss=0.9941 time=0.0371 stft=1.5916
epoch 8 train batch=215/500 elapsed=174.7s
epoch 8 train batch=215/500 elapsed=175.5s loss=0.9904 time=0.0370 stft=1.5848
epoch 8 train batch=220/500 elapsed=178.7s
epoch 8 train batch=220/500 elapsed=179.5s loss=0.9993 time=0.0368 stft=1.6031
epoch 8 train batch=225/500 elapsed=182.8s
epoch 8 train batch=225/500 elapsed=183.6s loss=0.9947 time=0.0366 stft=1.5949
epoch 8 train batch=230/500 elapsed=186.9s
epoch 8 train batch=230/500 elapsed=187.7s loss=0.9981 time=0.0365 stft=1.6018
epoch 8 train batch=235/500 elapsed=191.0s
epoch 8 train batch=235/500 elapsed=191.8s loss=1.0145 time=0.0364 stft=1.6357
epoch 8 train batch=240/500 elapsed=195.1s
epoch 8 train batch=240/500 elapsed=195.9s loss=1.0252 time=0.0363 stft=1.6583
epoch 8 train batch=245/500 elapsed=199.2s
epoch 8 train batch=245/500 elapsed=200.0s loss=1.0174 time=0.0364 stft=1.6430
epoch 8 train batch=250/500 elapsed=203.3s
epoch 8 train batch=250/500 elapsed=204.1s loss=1.0093 time=0.0362 stft=1.6276
epoch 8 train batch=255/500 elapsed=207.3s
epoch 8 train batch=255/500 elapsed=208.2s loss=1.0070 time=0.0364 stft=1.6226
epoch 8 train batch=260/500 elapsed=211.4s
epoch 8 train batch=260/500 elapsed=212.2s loss=1.0154 time=0.0364 stft=1.6378
epoch 8 train batch=265/500 elapsed=215.5s
epoch 8 train batch=265/500 elapsed=216.4s loss=1.0128 time=0.0366 stft=1.6319
epoch 8 train batch=270/500 elapsed=219.6s
epoch 8 train batch=270/500 elapsed=220.4s loss=1.0205 time=0.0365 stft=1.6479
epoch 8 train batch=275/500 elapsed=223.7s
epoch 8 train batch=275/500 elapsed=224.5s loss=1.0189 time=0.0365 stft=1.6446
epoch 8 train batch=280/500 elapsed=227.8s
epoch 8 train batch=280/500 elapsed=228.6s loss=1.0229 time=0.0366 stft=1.6514
epoch 8 train batch=285/500 elapsed=231.9s
epoch 8 train batch=285/500 elapsed=232.7s loss=1.0222 time=0.0367 stft=1.6493
epoch 8 train batch=290/500 elapsed=236.0s
epoch 8 train batch=290/500 elapsed=236.8s loss=1.0144 time=0.0366 stft=1.6348
epoch 8 train batch=295/500 elapsed=240.0s
epoch 8 train batch=295/500 elapsed=240.8s loss=1.0076 time=0.0366 stft=1.6211
epoch 8 train batch=300/500 elapsed=244.1s
epoch 8 train batch=300/500 elapsed=244.9s loss=1.0012 time=0.0366 stft=1.6081
epoch 8 train batch=305/500 elapsed=248.2s
epoch 8 train batch=305/500 elapsed=249.0s loss=0.9993 time=0.0370 stft=1.6039
epoch 8 train batch=310/500 elapsed=252.2s
epoch 8 train batch=310/500 elapsed=253.0s loss=0.9921 time=0.0370 stft=1.5903
epoch 8 train batch=315/500 elapsed=256.3s
epoch 8 train batch=315/500 elapsed=257.1s loss=0.9921 time=0.0370 stft=1.5903
epoch 8 train batch=320/500 elapsed=260.4s
epoch 8 train batch=320/500 elapsed=261.2s loss=0.9893 time=0.0370 stft=1.5846
epoch 8 train batch=325/500 elapsed=264.4s
epoch 8 train batch=325/500 elapsed=265.3s loss=0.9922 time=0.0368 stft=1.5912
epoch 8 train batch=330/500 elapsed=268.5s
epoch 8 train batch=330/500 elapsed=269.3s loss=0.9885 time=0.0369 stft=1.5837
epoch 8 train batch=335/500 elapsed=272.6s
epoch 8 train batch=335/500 elapsed=273.4s loss=0.9914 time=0.0370 stft=1.5888
epoch 8 train batch=340/500 elapsed=276.6s
epoch 8 train batch=340/500 elapsed=277.4s loss=0.9903 time=0.0369 stft=1.5873
epoch 8 train batch=345/500 elapsed=280.7s
epoch 8 train batch=345/500 elapsed=281.5s loss=0.9881 time=0.0368 stft=1.5832
epoch 8 train batch=350/500 elapsed=284.8s
epoch 8 train batch=350/500 elapsed=285.6s loss=0.9858 time=0.0367 stft=1.5791
epoch 8 train batch=355/500 elapsed=288.8s
epoch 8 train batch=355/500 elapsed=289.7s loss=0.9876 time=0.0367 stft=1.5830
epoch 8 train batch=360/500 elapsed=292.9s
epoch 8 train batch=360/500 elapsed=293.7s loss=0.9894 time=0.0367 stft=1.5876
epoch 8 train batch=365/500 elapsed=297.0s
epoch 8 train batch=365/500 elapsed=297.8s loss=0.9897 time=0.0369 stft=1.5878
epoch 8 train batch=370/500 elapsed=301.0s
epoch 8 train batch=370/500 elapsed=301.8s loss=0.9858 time=0.0369 stft=1.5797
epoch 8 train batch=375/500 elapsed=305.1s
epoch 8 train batch=375/500 elapsed=305.9s loss=0.9833 time=0.0370 stft=1.5743
epoch 8 train batch=380/500 elapsed=309.2s
epoch 8 train batch=380/500 elapsed=310.0s loss=0.9791 time=0.0373 stft=1.5647
epoch 8 train batch=385/500 elapsed=313.3s
epoch 8 train batch=385/500 elapsed=314.1s loss=0.9806 time=0.0371 stft=1.5689
epoch 8 train batch=390/500 elapsed=317.3s
epoch 8 train batch=390/500 elapsed=318.1s loss=0.9762 time=0.0371 stft=1.5603
epoch 8 train batch=395/500 elapsed=321.4s
epoch 8 train batch=395/500 elapsed=322.2s loss=0.9833 time=0.0371 stft=1.5748
epoch 8 train batch=400/500 elapsed=325.4s
epoch 8 train batch=400/500 elapsed=326.2s loss=0.9803 time=0.0371 stft=1.5680
epoch 8 train batch=405/500 elapsed=329.5s
epoch 8 train batch=405/500 elapsed=330.3s loss=0.9759 time=0.0371 stft=1.5596
epoch 8 train batch=410/500 elapsed=333.5s
epoch 8 train batch=410/500 elapsed=334.3s loss=0.9815 time=0.0371 stft=1.5710
epoch 8 train batch=415/500 elapsed=337.6s
epoch 8 train batch=415/500 elapsed=338.4s loss=0.9773 time=0.0370 stft=1.5629
epoch 8 train batch=420/500 elapsed=341.7s
epoch 8 train batch=420/500 elapsed=342.5s loss=0.9733 time=0.0371 stft=1.5550
epoch 8 train batch=425/500 elapsed=345.7s
epoch 8 train batch=425/500 elapsed=346.5s loss=0.9724 time=0.0371 stft=1.5525
epoch 8 train batch=430/500 elapsed=349.8s
epoch 8 train batch=430/500 elapsed=350.6s loss=0.9691 time=0.0372 stft=1.5448
epoch 8 train batch=435/500 elapsed=353.8s
epoch 8 train batch=435/500 elapsed=354.6s loss=0.9672 time=0.0372 stft=1.5408
epoch 8 train batch=440/500 elapsed=357.9s
epoch 8 train batch=440/500 elapsed=358.7s loss=0.9630 time=0.0372 stft=1.5329
epoch 8 train batch=445/500 elapsed=361.9s
epoch 8 train batch=445/500 elapsed=362.7s loss=0.9616 time=0.0372 stft=1.5303
epoch 8 train batch=450/500 elapsed=366.0s
epoch 8 train batch=450/500 elapsed=366.8s loss=0.9653 time=0.0372 stft=1.5375
epoch 8 train batch=455/500 elapsed=370.0s
epoch 8 train batch=455/500 elapsed=370.8s loss=0.9612 time=0.0372 stft=1.5295
epoch 8 train batch=460/500 elapsed=374.1s
epoch 8 train batch=460/500 elapsed=374.9s loss=0.9606 time=0.0373 stft=1.5276
epoch 8 train batch=465/500 elapsed=378.1s
epoch 8 train batch=465/500 elapsed=378.9s loss=0.9596 time=0.0373 stft=1.5259
epoch 8 train batch=470/500 elapsed=382.2s
epoch 8 train batch=470/500 elapsed=383.0s loss=0.9559 time=0.0373 stft=1.5189
epoch 8 train batch=475/500 elapsed=386.2s
epoch 8 train batch=475/500 elapsed=387.0s loss=0.9556 time=0.0373 stft=1.5180
epoch 8 train batch=480/500 elapsed=390.3s
epoch 8 train batch=480/500 elapsed=391.1s loss=0.9550 time=0.0373 stft=1.5166
epoch 8 train batch=485/500 elapsed=394.3s
epoch 8 train batch=485/500 elapsed=395.1s loss=0.9515 time=0.0374 stft=1.5096
epoch 8 train batch=490/500 elapsed=398.4s
epoch 8 train batch=490/500 elapsed=399.2s loss=0.9489 time=0.0375 stft=1.5039
epoch 8 train batch=495/500 elapsed=402.4s
epoch 8 train batch=495/500 elapsed=403.3s loss=0.9491 time=0.0375 stft=1.5037
epoch 8 train batch=500/500 elapsed=406.5s
epoch 8 train batch=500/500 elapsed=407.3s loss=0.9456 time=0.0375 stft=1.4970
valid started total=20
valid batch=5/20 elapsed=1.1s
valid batch=10/20 elapsed=2.4s
valid batch=15/20 elapsed=3.8s
valid batch=20/20 elapsed=5.1s
epoch=8 train_loss=0.9329 valid_loss=1.5779 valid_si_sdr=-43.03dB
epoch 9 train started total=500
epoch 9 train batch=5/500 elapsed=3.3s
epoch 9 train batch=5/500 elapsed=4.1s loss=1.1580 time=0.0444 stft=1.8548
epoch 9 train batch=10/500 elapsed=7.3s
epoch 9 train batch=10/500 elapsed=8.2s loss=0.9673 time=0.0350 stft=1.5159
epoch 9 train batch=15/500 elapsed=11.4s
epoch 9 train batch=15/500 elapsed=12.2s loss=0.9947 time=0.0317 stft=1.5869
epoch 9 train batch=20/500 elapsed=15.5s
epoch 9 train batch=20/500 elapsed=16.3s loss=0.8992 time=0.0321 stft=1.4004
epoch 9 train batch=25/500 elapsed=19.5s
epoch 9 train batch=25/500 elapsed=20.3s loss=0.9337 time=0.0312 stft=1.4755
epoch 9 train batch=30/500 elapsed=23.5s
epoch 9 train batch=30/500 elapsed=24.3s loss=1.0479 time=0.0309 stft=1.7122
epoch 9 train batch=35/500 elapsed=27.6s
epoch 9 train batch=35/500 elapsed=28.4s loss=1.0570 time=0.0328 stft=1.7235
epoch 9 train batch=40/500 elapsed=31.7s
epoch 9 train batch=40/500 elapsed=32.5s loss=1.0342 time=0.0337 stft=1.6762
epoch 9 train batch=45/500 elapsed=35.7s
epoch 9 train batch=45/500 elapsed=36.5s loss=1.0188 time=0.0343 stft=1.6420
epoch 9 train batch=50/500 elapsed=39.8s
epoch 9 train batch=50/500 elapsed=40.6s loss=1.0375 time=0.0342 stft=1.6807
epoch 9 train batch=55/500 elapsed=43.9s
epoch 9 train batch=55/500 elapsed=44.7s loss=1.0039 time=0.0357 stft=1.6061
epoch 9 train batch=60/500 elapsed=47.9s
epoch 9 train batch=60/500 elapsed=48.7s loss=0.9738 time=0.0365 stft=1.5414
epoch 9 train batch=65/500 elapsed=52.0s
epoch 9 train batch=65/500 elapsed=52.8s loss=0.9728 time=0.0364 stft=1.5383
epoch 9 train batch=70/500 elapsed=56.0s
epoch 9 train batch=70/500 elapsed=56.8s loss=0.9491 time=0.0373 stft=1.4891
epoch 9 train batch=75/500 elapsed=60.1s
epoch 9 train batch=75/500 elapsed=60.9s loss=0.9500 time=0.0372 stft=1.4904
epoch 9 train batch=80/500 elapsed=64.2s
epoch 9 train batch=80/500 elapsed=65.0s loss=0.9576 time=0.0369 stft=1.5100
epoch 9 train batch=85/500 elapsed=68.3s
epoch 9 train batch=85/500 elapsed=69.1s loss=0.9545 time=0.0363 stft=1.5067
epoch 9 train batch=90/500 elapsed=72.3s
epoch 9 train batch=90/500 elapsed=73.1s loss=0.9528 time=0.0370 stft=1.5005
epoch 9 train batch=95/500 elapsed=76.4s
epoch 9 train batch=95/500 elapsed=77.2s loss=0.9375 time=0.0374 stft=1.4678
epoch 9 train batch=100/500 elapsed=80.5s
epoch 9 train batch=100/500 elapsed=81.3s loss=0.9386 time=0.0373 stft=1.4726
epoch 9 train batch=105/500 elapsed=84.5s
epoch 9 train batch=105/500 elapsed=85.3s loss=0.9424 time=0.0379 stft=1.4787
epoch 9 train batch=110/500 elapsed=88.6s
epoch 9 train batch=110/500 elapsed=89.4s loss=0.9364 time=0.0378 stft=1.4692
epoch 9 train batch=115/500 elapsed=92.7s
epoch 9 train batch=115/500 elapsed=93.5s loss=0.9409 time=0.0374 stft=1.4803
epoch 9 train batch=120/500 elapsed=96.7s
epoch 9 train batch=120/500 elapsed=97.5s loss=0.9526 time=0.0374 stft=1.5051
epoch 9 train batch=125/500 elapsed=100.8s
epoch 9 train batch=125/500 elapsed=101.6s loss=0.9493 time=0.0371 stft=1.4995
epoch 9 train batch=130/500 elapsed=104.8s
epoch 9 train batch=130/500 elapsed=105.7s loss=0.9354 time=0.0372 stft=1.4719
epoch 9 train batch=135/500 elapsed=108.9s
epoch 9 train batch=135/500 elapsed=109.7s loss=0.9231 time=0.0368 stft=1.4495
epoch 9 train batch=140/500 elapsed=113.0s
epoch 9 train batch=140/500 elapsed=113.8s loss=0.9111 time=0.0366 stft=1.4285
epoch 9 train batch=145/500 elapsed=117.1s
epoch 9 train batch=145/500 elapsed=117.9s loss=0.9080 time=0.0364 stft=1.4240
epoch 9 train batch=150/500 elapsed=121.1s
epoch 9 train batch=150/500 elapsed=121.9s loss=0.9180 time=0.0364 stft=1.4455
epoch 9 train batch=155/500 elapsed=125.2s
epoch 9 train batch=155/500 elapsed=126.0s loss=0.9115 time=0.0363 stft=1.4333
epoch 9 train batch=160/500 elapsed=129.2s
epoch 9 train batch=160/500 elapsed=130.1s loss=0.9066 time=0.0362 stft=1.4216
epoch 9 train batch=165/500 elapsed=133.3s
epoch 9 train batch=165/500 elapsed=134.1s loss=0.9085 time=0.0359 stft=1.4265
epoch 9 train batch=170/500 elapsed=137.4s
epoch 9 train batch=170/500 elapsed=138.2s loss=0.9085 time=0.0356 stft=1.4269
epoch 9 train batch=175/500 elapsed=141.5s
epoch 9 train batch=175/500 elapsed=142.3s loss=0.9046 time=0.0359 stft=1.4171
epoch 9 train batch=180/500 elapsed=145.5s
epoch 9 train batch=180/500 elapsed=146.3s loss=0.9225 time=0.0356 stft=1.4534
epoch 9 train batch=185/500 elapsed=149.6s
epoch 9 train batch=185/500 elapsed=150.4s loss=0.9137 time=0.0354 stft=1.4364
epoch 9 train batch=190/500 elapsed=153.7s
epoch 9 train batch=190/500 elapsed=154.5s loss=0.9202 time=0.0357 stft=1.4495
epoch 9 train batch=195/500 elapsed=157.7s
epoch 9 train batch=195/500 elapsed=158.5s loss=0.9191 time=0.0357 stft=1.4463
epoch 9 train batch=200/500 elapsed=161.8s
epoch 9 train batch=200/500 elapsed=162.6s loss=0.9132 time=0.0359 stft=1.4341
epoch 9 train batch=205/500 elapsed=165.9s
epoch 9 train batch=205/500 elapsed=166.7s loss=0.9089 time=0.0360 stft=1.4249
epoch 9 train batch=210/500 elapsed=169.9s
epoch 9 train batch=210/500 elapsed=170.8s loss=0.8984 time=0.0359 stft=1.4057
epoch 9 train batch=215/500 elapsed=174.0s
epoch 9 train batch=215/500 elapsed=174.8s loss=0.9038 time=0.0363 stft=1.4140
epoch 9 train batch=220/500 elapsed=178.1s
epoch 9 train batch=220/500 elapsed=178.9s loss=0.9047 time=0.0363 stft=1.4160
epoch 9 train batch=225/500 elapsed=182.1s
epoch 9 train batch=225/500 elapsed=183.0s loss=0.9084 time=0.0360 stft=1.4265
epoch 9 train batch=230/500 elapsed=186.2s
epoch 9 train batch=230/500 elapsed=187.0s loss=0.9143 time=0.0358 stft=1.4398
epoch 9 train batch=235/500 elapsed=190.3s
epoch 9 train batch=235/500 elapsed=191.1s loss=0.9112 time=0.0356 stft=1.4351
epoch 9 train batch=240/500 elapsed=194.4s
epoch 9 train batch=240/500 elapsed=195.2s loss=0.9094 time=0.0356 stft=1.4316
epoch 9 train batch=245/500 elapsed=198.4s
epoch 9 train batch=245/500 elapsed=199.2s loss=0.9084 time=0.0357 stft=1.4294
epoch 9 train batch=250/500 elapsed=202.5s
epoch 9 train batch=250/500 elapsed=203.3s loss=0.9026 time=0.0357 stft=1.4163
epoch 9 train batch=255/500 elapsed=206.6s
epoch 9 train batch=255/500 elapsed=207.4s loss=0.9048 time=0.0356 stft=1.4211
epoch 9 train batch=260/500 elapsed=210.7s
epoch 9 train batch=260/500 elapsed=211.5s loss=0.8988 time=0.0357 stft=1.4090
epoch 9 train batch=265/500 elapsed=214.8s
epoch 9 train batch=265/500 elapsed=215.6s loss=0.9007 time=0.0357 stft=1.4136
epoch 9 train batch=270/500 elapsed=218.8s
epoch 9 train batch=270/500 elapsed=219.6s loss=0.8955 time=0.0359 stft=1.4028
epoch 9 train batch=275/500 elapsed=222.9s
epoch 9 train batch=275/500 elapsed=223.7s loss=0.8887 time=0.0355 stft=1.3907
epoch 9 train batch=280/500 elapsed=227.0s
epoch 9 train batch=280/500 elapsed=227.8s loss=0.8886 time=0.0356 stft=1.3902
epoch 9 train batch=285/500 elapsed=231.0s
epoch 9 train batch=285/500 elapsed=231.9s loss=0.8870 time=0.0356 stft=1.3879
epoch 9 train batch=290/500 elapsed=235.1s
epoch 9 train batch=290/500 elapsed=235.9s loss=0.8832 time=0.0356 stft=1.3800
epoch 9 train batch=295/500 elapsed=239.2s
epoch 9 train batch=295/500 elapsed=240.0s loss=0.8943 time=0.0355 stft=1.4024
epoch 9 train batch=300/500 elapsed=243.2s
epoch 9 train batch=300/500 elapsed=244.1s loss=0.8902 time=0.0357 stft=1.3934
epoch 9 train batch=305/500 elapsed=247.3s
epoch 9 train batch=305/500 elapsed=248.1s loss=0.8949 time=0.0356 stft=1.4036
epoch 9 train batch=310/500 elapsed=251.4s
epoch 9 train batch=310/500 elapsed=252.2s loss=0.8972 time=0.0357 stft=1.4085
epoch 9 train batch=315/500 elapsed=255.5s
epoch 9 train batch=315/500 elapsed=256.3s loss=0.8954 time=0.0358 stft=1.4054
epoch 9 train batch=320/500 elapsed=259.5s
epoch 9 train batch=320/500 elapsed=260.4s loss=0.8911 time=0.0358 stft=1.3962
epoch 9 train batch=325/500 elapsed=263.6s
epoch 9 train batch=325/500 elapsed=264.4s loss=0.8861 time=0.0358 stft=1.3863
epoch 9 train batch=330/500 elapsed=267.6s
epoch 9 train batch=330/500 elapsed=268.5s loss=0.8851 time=0.0355 stft=1.3856
epoch 9 train batch=335/500 elapsed=271.7s
epoch 9 train batch=335/500 elapsed=272.5s loss=0.8811 time=0.0355 stft=1.3768
epoch 9 train batch=340/500 elapsed=275.8s
epoch 9 train batch=340/500 elapsed=276.6s loss=0.8764 time=0.0355 stft=1.3676
epoch 9 train batch=345/500 elapsed=279.8s
epoch 9 train batch=345/500 elapsed=280.7s loss=0.8783 time=0.0356 stft=1.3712
epoch 9 train batch=350/500 elapsed=283.9s
epoch 9 train batch=350/500 elapsed=284.7s loss=0.8776 time=0.0355 stft=1.3703
epoch 9 train batch=355/500 elapsed=288.0s
epoch 9 train batch=355/500 elapsed=288.8s loss=0.8855 time=0.0355 stft=1.3853
epoch 9 train batch=360/500 elapsed=292.0s
epoch 9 train batch=360/500 elapsed=292.9s loss=0.8881 time=0.0356 stft=1.3900
epoch 9 train batch=365/500 elapsed=296.1s
epoch 9 train batch=365/500 elapsed=296.9s loss=0.8836 time=0.0354 stft=1.3823
epoch 9 train batch=370/500 elapsed=300.2s
epoch 9 train batch=370/500 elapsed=301.0s loss=0.8852 time=0.0352 stft=1.3867
epoch 9 train batch=375/500 elapsed=304.3s
epoch 9 train batch=375/500 elapsed=305.1s loss=0.8853 time=0.0353 stft=1.3858
epoch 9 train batch=380/500 elapsed=308.3s
epoch 9 train batch=380/500 elapsed=309.1s loss=0.8880 time=0.0352 stft=1.3919
epoch 9 train batch=385/500 elapsed=312.4s
epoch 9 train batch=385/500 elapsed=313.2s loss=0.8880 time=0.0353 stft=1.3923
epoch 9 train batch=390/500 elapsed=316.5s
epoch 9 train batch=390/500 elapsed=317.3s loss=0.8880 time=0.0353 stft=1.3928
epoch 9 train batch=395/500 elapsed=320.5s
epoch 9 train batch=395/500 elapsed=321.4s loss=0.8949 time=0.0352 stft=1.4073
epoch 9 train batch=400/500 elapsed=324.6s
epoch 9 train batch=400/500 elapsed=325.4s loss=0.8981 time=0.0351 stft=1.4130
epoch 9 train batch=405/500 elapsed=328.7s
epoch 9 train batch=405/500 elapsed=329.5s loss=0.9102 time=0.0350 stft=1.4370
epoch 9 train batch=410/500 elapsed=332.8s
epoch 9 train batch=410/500 elapsed=333.6s loss=0.9094 time=0.0351 stft=1.4348
epoch 9 train batch=415/500 elapsed=336.8s
epoch 9 train batch=415/500 elapsed=337.6s loss=0.9083 time=0.0351 stft=1.4330
epoch 9 train batch=420/500 elapsed=340.9s
epoch 9 train batch=420/500 elapsed=341.7s loss=0.9066 time=0.0351 stft=1.4303
epoch 9 train batch=425/500 elapsed=344.9s
epoch 9 train batch=425/500 elapsed=345.7s loss=0.9061 time=0.0351 stft=1.4299
epoch 9 train batch=430/500 elapsed=349.0s
epoch 9 train batch=430/500 elapsed=349.8s loss=0.9029 time=0.0351 stft=1.4236
epoch 9 train batch=435/500 elapsed=353.1s
epoch 9 train batch=435/500 elapsed=353.9s loss=0.9001 time=0.0351 stft=1.4179
epoch 9 train batch=440/500 elapsed=357.2s
epoch 9 train batch=440/500 elapsed=358.0s loss=0.9023 time=0.0351 stft=1.4229
epoch 9 train batch=445/500 elapsed=361.2s
epoch 9 train batch=445/500 elapsed=362.0s loss=0.9030 time=0.0351 stft=1.4247
epoch 9 train batch=450/500 elapsed=365.3s
epoch 9 train batch=450/500 elapsed=366.1s loss=0.9024 time=0.0351 stft=1.4231
epoch 9 train batch=455/500 elapsed=369.3s
epoch 9 train batch=455/500 elapsed=370.2s loss=0.9018 time=0.0352 stft=1.4219
epoch 9 train batch=460/500 elapsed=373.4s
epoch 9 train batch=460/500 elapsed=374.2s loss=0.9060 time=0.0352 stft=1.4306
epoch 9 train batch=465/500 elapsed=377.5s
epoch 9 train batch=465/500 elapsed=378.3s loss=0.9092 time=0.0352 stft=1.4364
epoch 9 train batch=470/500 elapsed=381.5s
epoch 9 train batch=470/500 elapsed=382.4s loss=0.9091 time=0.0351 stft=1.4364
epoch 9 train batch=475/500 elapsed=385.6s
epoch 9 train batch=475/500 elapsed=386.4s loss=0.9058 time=0.0352 stft=1.4299
epoch 9 train batch=480/500 elapsed=389.7s
epoch 9 train batch=480/500 elapsed=390.5s loss=0.9032 time=0.0351 stft=1.4249
epoch 9 train batch=485/500 elapsed=393.7s
epoch 9 train batch=485/500 elapsed=394.5s loss=0.9039 time=0.0351 stft=1.4270
epoch 9 train batch=490/500 elapsed=397.8s
epoch 9 train batch=490/500 elapsed=398.6s loss=0.9030 time=0.0350 stft=1.4255
epoch 9 train batch=495/500 elapsed=401.9s
epoch 9 train batch=495/500 elapsed=402.7s loss=0.8996 time=0.0350 stft=1.4187
epoch 9 train batch=500/500 elapsed=405.9s
epoch 9 train batch=500/500 elapsed=406.8s loss=0.8997 time=0.0350 stft=1.4186
valid started total=20
valid batch=5/20 elapsed=1.1s
valid batch=10/20 elapsed=2.4s
valid batch=15/20 elapsed=3.8s
valid batch=20/20 elapsed=5.1s
epoch=9 train_loss=0.9230 valid_loss=1.5331 valid_si_sdr=-41.97dB
epoch 10 train started total=500
epoch 10 train batch=5/500 elapsed=3.3s
epoch 10 train batch=5/500 elapsed=4.1s loss=0.6386 time=0.0347 stft=0.8640
epoch 10 train batch=10/500 elapsed=7.4s
epoch 10 train batch=10/500 elapsed=8.2s loss=0.7820 time=0.0367 stft=1.1599
epoch 10 train batch=15/500 elapsed=11.4s
epoch 10 train batch=15/500 elapsed=12.2s loss=0.7136 time=0.0335 stft=1.0372
epoch 10 train batch=20/500 elapsed=15.5s
epoch 10 train batch=20/500 elapsed=16.3s loss=0.6850 time=0.0311 stft=0.9978
epoch 10 train batch=25/500 elapsed=19.6s
epoch 10 train batch=25/500 elapsed=20.4s loss=0.7568 time=0.0313 stft=1.1430
epoch 10 train batch=30/500 elapsed=23.6s
epoch 10 train batch=30/500 elapsed=24.4s loss=0.8301 time=0.0304 stft=1.2891
epoch 10 train batch=35/500 elapsed=27.7s
epoch 10 train batch=35/500 elapsed=28.5s loss=0.8358 time=0.0304 stft=1.2940
epoch 10 train batch=40/500 elapsed=31.8s
epoch 10 train batch=40/500 elapsed=32.6s loss=0.8315 time=0.0307 stft=1.2884
epoch 10 train batch=45/500 elapsed=35.8s
epoch 10 train batch=45/500 elapsed=36.6s loss=0.8269 time=0.0294 stft=1.2814
epoch 10 train batch=50/500 elapsed=39.9s
epoch 10 train batch=50/500 elapsed=40.7s loss=0.8061 time=0.0301 stft=1.2378
epoch 10 train batch=55/500 elapsed=44.0s
epoch 10 train batch=55/500 elapsed=44.8s loss=0.8019 time=0.0304 stft=1.2305
epoch 10 train batch=60/500 elapsed=48.0s
epoch 10 train batch=60/500 elapsed=48.8s loss=0.7876 time=0.0315 stft=1.2005
epoch 10 train batch=65/500 elapsed=52.1s
epoch 10 train batch=65/500 elapsed=52.9s loss=0.7706 time=0.0312 stft=1.1709
epoch 10 train batch=70/500 elapsed=56.2s
epoch 10 train batch=70/500 elapsed=57.0s loss=0.8056 time=0.0313 stft=1.2440
epoch 10 train batch=75/500 elapsed=60.3s
epoch 10 train batch=75/500 elapsed=61.1s loss=0.8262 time=0.0313 stft=1.2845
epoch 10 train batch=80/500 elapsed=64.3s
epoch 10 train batch=80/500 elapsed=65.1s loss=0.8743 time=0.0305 stft=1.3831
epoch 10 train batch=85/500 elapsed=68.4s
epoch 10 train batch=85/500 elapsed=69.2s loss=0.8576 time=0.0305 stft=1.3500
epoch 10 train batch=90/500 elapsed=72.5s
epoch 10 train batch=90/500 elapsed=73.3s loss=0.8606 time=0.0309 stft=1.3552
epoch 10 train batch=95/500 elapsed=76.5s
epoch 10 train batch=95/500 elapsed=77.3s loss=0.8612 time=0.0309 stft=1.3553
epoch 10 train batch=100/500 elapsed=80.6s
epoch 10 train batch=100/500 elapsed=81.4s loss=0.8470 time=0.0310 stft=1.3267
epoch 10 train batch=105/500 elapsed=84.7s
epoch 10 train batch=105/500 elapsed=85.5s loss=0.8442 time=0.0310 stft=1.3210
epoch 10 train batch=110/500 elapsed=88.7s
epoch 10 train batch=110/500 elapsed=89.5s loss=0.8451 time=0.0316 stft=1.3201
epoch 10 train batch=115/500 elapsed=92.8s
epoch 10 train batch=115/500 elapsed=93.6s loss=0.8592 time=0.0321 stft=1.3462
epoch 10 train batch=120/500 elapsed=96.9s
epoch 10 train batch=120/500 elapsed=97.7s loss=0.8582 time=0.0322 stft=1.3442
epoch 10 train batch=125/500 elapsed=101.0s
epoch 10 train batch=125/500 elapsed=101.8s loss=0.8605 time=0.0322 stft=1.3488
epoch 10 train batch=130/500 elapsed=105.0s
epoch 10 train batch=130/500 elapsed=105.8s loss=0.8812 time=0.0321 stft=1.3913
epoch 10 train batch=135/500 elapsed=109.1s
epoch 10 train batch=135/500 elapsed=109.9s loss=0.8781 time=0.0322 stft=1.3846
epoch 10 train batch=140/500 elapsed=113.2s
epoch 10 train batch=140/500 elapsed=114.0s loss=0.8722 time=0.0325 stft=1.3712
epoch 10 train batch=145/500 elapsed=117.2s
epoch 10 train batch=145/500 elapsed=118.0s loss=0.8770 time=0.0323 stft=1.3825
epoch 10 train batch=150/500 elapsed=121.3s
epoch 10 train batch=150/500 elapsed=122.1s loss=0.8678 time=0.0322 stft=1.3638
epoch 10 train batch=155/500 elapsed=125.4s
epoch 10 train batch=155/500 elapsed=126.2s loss=0.8673 time=0.0321 stft=1.3622
epoch 10 train batch=160/500 elapsed=129.4s
epoch 10 train batch=160/500 elapsed=130.2s loss=0.8600 time=0.0323 stft=1.3461
epoch 10 train batch=165/500 elapsed=133.5s
epoch 10 train batch=165/500 elapsed=134.3s loss=0.8598 time=0.0326 stft=1.3448
epoch 10 train batch=170/500 elapsed=137.5s
epoch 10 train batch=170/500 elapsed=138.3s loss=0.8541 time=0.0328 stft=1.3322
epoch 10 train batch=175/500 elapsed=141.6s
epoch 10 train batch=175/500 elapsed=142.4s loss=0.8535 time=0.0328 stft=1.3314
epoch 10 train batch=180/500 elapsed=145.6s
epoch 10 train batch=180/500 elapsed=146.5s loss=0.8463 time=0.0330 stft=1.3170
epoch 10 train batch=185/500 elapsed=149.7s
epoch 10 train batch=185/500 elapsed=150.5s loss=0.8506 time=0.0329 stft=1.3249
epoch 10 train batch=190/500 elapsed=153.8s
epoch 10 train batch=190/500 elapsed=154.6s loss=0.8436 time=0.0328 stft=1.3116
epoch 10 train batch=195/500 elapsed=157.8s
epoch 10 train batch=195/500 elapsed=158.6s loss=0.8548 time=0.0329 stft=1.3344
epoch 10 train batch=200/500 elapsed=161.9s
epoch 10 train batch=200/500 elapsed=162.7s loss=0.8548 time=0.0329 stft=1.3353
epoch 10 train batch=205/500 elapsed=166.0s
epoch 10 train batch=205/500 elapsed=166.8s loss=0.8494 time=0.0327 stft=1.3251
epoch 10 train batch=210/500 elapsed=170.0s
epoch 10 train batch=210/500 elapsed=170.8s loss=0.8461 time=0.0328 stft=1.3194
epoch 10 train batch=215/500 elapsed=174.1s
epoch 10 train batch=215/500 elapsed=174.9s loss=0.8401 time=0.0326 stft=1.3091
epoch 10 train batch=220/500 elapsed=178.1s
epoch 10 train batch=220/500 elapsed=178.9s loss=0.8335 time=0.0325 stft=1.2960
epoch 10 train batch=225/500 elapsed=182.2s
epoch 10 train batch=225/500 elapsed=183.0s loss=0.8404 time=0.0323 stft=1.3117
epoch 10 train batch=230/500 elapsed=186.2s
epoch 10 train batch=230/500 elapsed=187.1s loss=0.8640 time=0.0326 stft=1.3581
epoch 10 train batch=235/500 elapsed=190.3s
epoch 10 train batch=235/500 elapsed=191.1s loss=0.8582 time=0.0327 stft=1.3465
epoch 10 train batch=240/500 elapsed=194.3s
epoch 10 train batch=240/500 elapsed=195.2s loss=0.8541 time=0.0329 stft=1.3369
epoch 10 train batch=245/500 elapsed=198.4s
epoch 10 train batch=245/500 elapsed=199.2s loss=0.8552 time=0.0328 stft=1.3396
epoch 10 train batch=250/500 elapsed=202.5s
epoch 10 train batch=250/500 elapsed=203.3s loss=0.8583 time=0.0328 stft=1.3443
epoch 10 train batch=255/500 elapsed=206.5s
epoch 10 train batch=255/500 elapsed=207.3s loss=0.8592 time=0.0327 stft=1.3458
epoch 10 train batch=260/500 elapsed=210.6s
epoch 10 train batch=260/500 elapsed=211.4s loss=0.8545 time=0.0328 stft=1.3357
epoch 10 train batch=265/500 elapsed=214.6s
epoch 10 train batch=265/500 elapsed=215.4s loss=0.8562 time=0.0327 stft=1.3390
epoch 10 train batch=270/500 elapsed=218.7s
epoch 10 train batch=270/500 elapsed=219.5s loss=0.8564 time=0.0329 stft=1.3389
epoch 10 train batch=275/500 elapsed=222.7s
epoch 10 train batch=275/500 elapsed=223.5s loss=0.8558 time=0.0327 stft=1.3377
epoch 10 train batch=280/500 elapsed=226.8s
epoch 10 train batch=280/500 elapsed=227.6s loss=0.8599 time=0.0326 stft=1.3470
epoch 10 train batch=285/500 elapsed=230.8s
epoch 10 train batch=285/500 elapsed=231.7s loss=0.8557 time=0.0327 stft=1.3388
epoch 10 train batch=290/500 elapsed=234.9s
epoch 10 train batch=290/500 elapsed=235.7s loss=0.8553 time=0.0327 stft=1.3381
epoch 10 train batch=295/500 elapsed=239.0s
epoch 10 train batch=295/500 elapsed=239.8s loss=0.8582 time=0.0328 stft=1.3440
epoch 10 train batch=300/500 elapsed=243.0s
epoch 10 train batch=300/500 elapsed=243.8s loss=0.8576 time=0.0327 stft=1.3436
epoch 10 train batch=305/500 elapsed=247.1s
epoch 10 train batch=305/500 elapsed=247.9s loss=0.8581 time=0.0326 stft=1.3448
epoch 10 train batch=310/500 elapsed=251.1s
epoch 10 train batch=310/500 elapsed=251.9s loss=0.8601 time=0.0328 stft=1.3477
epoch 10 train batch=315/500 elapsed=255.2s
epoch 10 train batch=315/500 elapsed=256.0s loss=0.8586 time=0.0331 stft=1.3436
epoch 10 train batch=320/500 elapsed=259.3s
epoch 10 train batch=320/500 elapsed=260.1s loss=0.8579 time=0.0332 stft=1.3423
epoch 10 train batch=325/500 elapsed=263.3s
epoch 10 train batch=325/500 elapsed=264.1s loss=0.8690 time=0.0331 stft=1.3653
epoch 10 train batch=330/500 elapsed=267.3s
epoch 10 train batch=330/500 elapsed=268.2s loss=0.8701 time=0.0331 stft=1.3670
epoch 10 train batch=335/500 elapsed=271.4s
epoch 10 train batch=335/500 elapsed=272.2s loss=0.8764 time=0.0332 stft=1.3783
epoch 10 train batch=340/500 elapsed=275.5s
epoch 10 train batch=340/500 elapsed=276.3s loss=0.8753 time=0.0332 stft=1.3762
epoch 10 train batch=345/500 elapsed=279.5s
epoch 10 train batch=345/500 elapsed=280.3s loss=0.8758 time=0.0331 stft=1.3779
epoch 10 train batch=350/500 elapsed=283.6s
epoch 10 train batch=350/500 elapsed=284.4s loss=0.8746 time=0.0330 stft=1.3758
epoch 10 train batch=355/500 elapsed=287.6s
epoch 10 train batch=355/500 elapsed=288.4s loss=0.8754 time=0.0329 stft=1.3774
epoch 10 train batch=360/500 elapsed=291.7s
epoch 10 train batch=360/500 elapsed=292.5s loss=0.8797 time=0.0330 stft=1.3851
epoch 10 train batch=365/500 elapsed=295.7s
epoch 10 train batch=365/500 elapsed=296.5s loss=0.8815 time=0.0328 stft=1.3893
epoch 10 train batch=370/500 elapsed=299.8s
epoch 10 train batch=370/500 elapsed=300.6s loss=0.8785 time=0.0329 stft=1.3827
epoch 10 train batch=375/500 elapsed=303.8s
epoch 10 train batch=375/500 elapsed=304.6s loss=0.8871 time=0.0331 stft=1.3990
epoch 10 train batch=380/500 elapsed=307.9s
epoch 10 train batch=380/500 elapsed=308.7s loss=0.8858 time=0.0330 stft=1.3968
epoch 10 train batch=385/500 elapsed=311.9s
epoch 10 train batch=385/500 elapsed=312.7s loss=0.8857 time=0.0331 stft=1.3957
epoch 10 train batch=390/500 elapsed=316.0s
epoch 10 train batch=390/500 elapsed=316.8s loss=0.8916 time=0.0333 stft=1.4068
epoch 10 train batch=395/500 elapsed=320.0s
epoch 10 train batch=395/500 elapsed=320.8s loss=0.8930 time=0.0333 stft=1.4099
epoch 10 train batch=400/500 elapsed=324.1s
epoch 10 train batch=400/500 elapsed=324.9s loss=0.8930 time=0.0332 stft=1.4094
epoch 10 train batch=405/500 elapsed=328.1s
epoch 10 train batch=405/500 elapsed=328.9s loss=0.8894 time=0.0332 stft=1.4027
epoch 10 train batch=410/500 elapsed=332.2s
epoch 10 train batch=410/500 elapsed=333.0s loss=0.9046 time=0.0332 stft=1.4334
epoch 10 train batch=415/500 elapsed=336.2s
epoch 10 train batch=415/500 elapsed=337.0s loss=0.9036 time=0.0333 stft=1.4310
epoch 10 train batch=420/500 elapsed=340.2s
epoch 10 train batch=420/500 elapsed=341.1s loss=0.9037 time=0.0333 stft=1.4307
epoch 10 train batch=425/500 elapsed=344.3s
epoch 10 train batch=425/500 elapsed=345.1s loss=0.9022 time=0.0334 stft=1.4275
epoch 10 train batch=430/500 elapsed=348.4s
epoch 10 train batch=430/500 elapsed=349.2s loss=0.9009 time=0.0333 stft=1.4251
epoch 10 train batch=435/500 elapsed=352.4s
epoch 10 train batch=435/500 elapsed=353.2s loss=0.9031 time=0.0333 stft=1.4292
epoch 10 train batch=440/500 elapsed=356.5s
epoch 10 train batch=440/500 elapsed=357.3s loss=0.9016 time=0.0333 stft=1.4271
epoch 10 train batch=445/500 elapsed=360.5s
epoch 10 train batch=445/500 elapsed=361.3s loss=0.9007 time=0.0332 stft=1.4255
epoch 10 train batch=450/500 elapsed=364.6s
epoch 10 train batch=450/500 elapsed=365.4s loss=0.9050 time=0.0333 stft=1.4343
epoch 10 train batch=455/500 elapsed=368.6s
epoch 10 train batch=455/500 elapsed=369.5s loss=0.9076 time=0.0331 stft=1.4401
epoch 10 train batch=460/500 elapsed=372.7s
epoch 10 train batch=460/500 elapsed=373.5s loss=0.9155 time=0.0330 stft=1.4567
epoch 10 train batch=465/500 elapsed=376.8s
epoch 10 train batch=465/500 elapsed=377.6s loss=0.9153 time=0.0331 stft=1.4557
epoch 10 train batch=470/500 elapsed=380.8s
epoch 10 train batch=470/500 elapsed=381.6s loss=0.9192 time=0.0332 stft=1.4635
epoch 10 train batch=475/500 elapsed=384.9s
epoch 10 train batch=475/500 elapsed=385.7s loss=0.9219 time=0.0333 stft=1.4684
epoch 10 train batch=480/500 elapsed=389.0s
epoch 10 train batch=480/500 elapsed=389.8s loss=0.9188 time=0.0334 stft=1.4622
epoch 10 train batch=485/500 elapsed=393.0s
epoch 10 train batch=485/500 elapsed=393.8s loss=0.9177 time=0.0334 stft=1.4600
epoch 10 train batch=490/500 elapsed=397.1s
epoch 10 train batch=490/500 elapsed=397.9s loss=0.9210 time=0.0335 stft=1.4657
epoch 10 train batch=495/500 elapsed=401.2s
epoch 10 train batch=495/500 elapsed=402.0s loss=0.9250 time=0.0334 stft=1.4744
epoch 10 train batch=500/500 elapsed=405.2s
epoch 10 train batch=500/500 elapsed=406.0s loss=0.9222 time=0.0336 stft=1.4684
valid started total=20
valid batch=5/20 elapsed=1.1s
valid batch=10/20 elapsed=2.4s
valid batch=15/20 elapsed=3.8s
valid batch=20/20 elapsed=5.1s
epoch=10 train_loss=0.8991 valid_loss=1.5202 valid_si_sdr=-41.96dB
epoch 11 train started total=500
epoch 11 train batch=5/500 elapsed=3.3s
epoch 11 train batch=5/500 elapsed=4.1s loss=0.7890 time=0.0217 stft=1.3069
epoch 11 train batch=10/500 elapsed=7.4s
epoch 11 train batch=10/500 elapsed=8.2s loss=0.7739 time=0.0295 stft=1.2152
epoch 11 train batch=15/500 elapsed=11.4s
epoch 11 train batch=15/500 elapsed=12.2s loss=0.7809 time=0.0329 stft=1.2096
epoch 11 train batch=20/500 elapsed=15.5s
epoch 11 train batch=20/500 elapsed=16.3s loss=0.7806 time=0.0306 stft=1.2263
epoch 11 train batch=25/500 elapsed=19.6s
epoch 11 train batch=25/500 elapsed=20.4s loss=0.7461 time=0.0322 stft=1.1410
epoch 11 train batch=30/500 elapsed=23.6s
epoch 11 train batch=30/500 elapsed=24.5s loss=0.7307 time=0.0326 stft=1.0965
epoch 11 train batch=35/500 elapsed=27.7s
epoch 11 train batch=35/500 elapsed=28.5s loss=0.7419 time=0.0328 stft=1.1225
epoch 11 train batch=40/500 elapsed=31.8s
epoch 11 train batch=40/500 elapsed=32.6s loss=0.7408 time=0.0329 stft=1.1146
epoch 11 train batch=45/500 elapsed=35.9s
epoch 11 train batch=45/500 elapsed=36.7s loss=0.7629 time=0.0329 stft=1.1612
epoch 11 train batch=50/500 elapsed=39.9s
epoch 11 train batch=50/500 elapsed=40.7s loss=0.7446 time=0.0329 stft=1.1280
epoch 11 train batch=55/500 elapsed=44.0s
epoch 11 train batch=55/500 elapsed=44.8s loss=0.7775 time=0.0331 stft=1.1904
epoch 11 train batch=60/500 elapsed=48.1s
epoch 11 train batch=60/500 elapsed=48.9s loss=0.7618 time=0.0332 stft=1.1586
epoch 11 train batch=65/500 elapsed=52.1s
epoch 11 train batch=65/500 elapsed=53.0s loss=0.8112 time=0.0327 stft=1.2601
epoch 11 train batch=70/500 elapsed=56.2s
epoch 11 train batch=70/500 elapsed=57.0s loss=0.8234 time=0.0318 stft=1.2897
epoch 11 train batch=75/500 elapsed=60.3s
epoch 11 train batch=75/500 elapsed=61.1s loss=0.8394 time=0.0322 stft=1.3195
epoch 11 train batch=80/500 elapsed=64.4s
epoch 11 train batch=80/500 elapsed=65.2s loss=0.8375 time=0.0326 stft=1.3161
epoch 11 train batch=85/500 elapsed=68.5s
epoch 11 train batch=85/500 elapsed=69.3s loss=0.8211 time=0.0326 stft=1.2839
epoch 11 train batch=90/500 elapsed=72.5s
epoch 11 train batch=90/500 elapsed=73.3s loss=0.8372 time=0.0327 stft=1.3164
epoch 11 train batch=95/500 elapsed=76.6s
epoch 11 train batch=95/500 elapsed=77.4s loss=0.8623 time=0.0329 stft=1.3657
epoch 11 train batch=100/500 elapsed=80.7s
epoch 11 train batch=100/500 elapsed=81.5s loss=0.8546 time=0.0326 stft=1.3500
epoch 11 train batch=105/500 elapsed=84.7s
epoch 11 train batch=105/500 elapsed=85.6s loss=0.8592 time=0.0324 stft=1.3593
epoch 11 train batch=110/500 elapsed=88.8s
epoch 11 train batch=110/500 elapsed=89.6s loss=0.8626 time=0.0329 stft=1.3647
epoch 11 train batch=115/500 elapsed=92.9s
epoch 11 train batch=115/500 elapsed=93.7s loss=0.8524 time=0.0334 stft=1.3434
epoch 11 train batch=120/500 elapsed=97.0s
epoch 11 train batch=120/500 elapsed=97.8s loss=0.8546 time=0.0334 stft=1.3479
epoch 11 train batch=125/500 elapsed=101.0s
epoch 11 train batch=125/500 elapsed=101.9s loss=0.8428 time=0.0336 stft=1.3246
epoch 11 train batch=130/500 elapsed=105.1s
epoch 11 train batch=130/500 elapsed=105.9s loss=0.8587 time=0.0332 stft=1.3582
epoch 11 train batch=135/500 elapsed=109.2s
epoch 11 train batch=135/500 elapsed=110.0s loss=0.8497 time=0.0331 stft=1.3402
epoch 11 train batch=140/500 elapsed=113.3s
epoch 11 train batch=140/500 elapsed=114.1s loss=0.8474 time=0.0329 stft=1.3370
epoch 11 train batch=145/500 elapsed=117.4s
epoch 11 train batch=145/500 elapsed=118.2s loss=0.8612 time=0.0330 stft=1.3652
epoch 11 train batch=150/500 elapsed=121.4s
epoch 11 train batch=150/500 elapsed=122.2s loss=0.8718 time=0.0326 stft=1.3872
epoch 11 train batch=155/500 elapsed=125.5s
epoch 11 train batch=155/500 elapsed=126.3s loss=0.8689 time=0.0326 stft=1.3819
epoch 11 train batch=160/500 elapsed=129.5s
epoch 11 train batch=160/500 elapsed=130.3s loss=0.8676 time=0.0326 stft=1.3775
epoch 11 train batch=165/500 elapsed=133.6s
epoch 11 train batch=165/500 elapsed=134.4s loss=0.8614 time=0.0324 stft=1.3654
epoch 11 train batch=170/500 elapsed=137.7s
epoch 11 train batch=170/500 elapsed=138.5s loss=0.8535 time=0.0326 stft=1.3484
epoch 11 train batch=175/500 elapsed=141.7s
epoch 11 train batch=175/500 elapsed=142.6s loss=0.8506 time=0.0325 stft=1.3435
epoch 11 train batch=180/500 elapsed=145.8s
epoch 11 train batch=180/500 elapsed=146.6s loss=0.8565 time=0.0324 stft=1.3561
epoch 11 train batch=185/500 elapsed=149.9s
epoch 11 train batch=185/500 elapsed=150.7s loss=0.8660 time=0.0327 stft=1.3717
epoch 11 train batch=190/500 elapsed=154.0s
epoch 11 train batch=190/500 elapsed=154.8s loss=0.8581 time=0.0328 stft=1.3556
epoch 11 train batch=195/500 elapsed=158.1s
epoch 11 train batch=195/500 elapsed=158.9s loss=0.8511 time=0.0329 stft=1.3416
epoch 11 train batch=200/500 elapsed=162.1s
epoch 11 train batch=200/500 elapsed=163.0s loss=0.8513 time=0.0331 stft=1.3408
epoch 11 train batch=205/500 elapsed=166.2s
epoch 11 train batch=205/500 elapsed=167.0s loss=0.8480 time=0.0331 stft=1.3345
epoch 11 train batch=210/500 elapsed=170.3s
epoch 11 train batch=210/500 elapsed=171.1s loss=0.8635 time=0.0331 stft=1.3652
epoch 11 train batch=215/500 elapsed=174.4s
epoch 11 train batch=215/500 elapsed=175.2s loss=0.8620 time=0.0331 stft=1.3615
epoch 11 train batch=220/500 elapsed=178.4s
epoch 11 train batch=220/500 elapsed=179.2s loss=0.8647 time=0.0330 stft=1.3670
epoch 11 train batch=225/500 elapsed=182.5s
epoch 11 train batch=225/500 elapsed=183.3s loss=0.8653 time=0.0329 stft=1.3690
epoch 11 train batch=230/500 elapsed=186.6s
epoch 11 train batch=230/500 elapsed=187.4s loss=0.8614 time=0.0330 stft=1.3598
epoch 11 train batch=235/500 elapsed=190.7s
epoch 11 train batch=235/500 elapsed=191.5s loss=0.8567 time=0.0334 stft=1.3491
epoch 11 train batch=240/500 elapsed=194.7s
epoch 11 train batch=240/500 elapsed=195.5s loss=0.8523 time=0.0333 stft=1.3394
epoch 11 train batch=245/500 elapsed=198.8s
epoch 11 train batch=245/500 elapsed=199.6s loss=0.8493 time=0.0335 stft=1.3325
epoch 11 train batch=250/500 elapsed=202.9s
epoch 11 train batch=250/500 elapsed=203.7s loss=0.8611 time=0.0336 stft=1.3550
epoch 11 train batch=255/500 elapsed=206.9s
epoch 11 train batch=255/500 elapsed=207.8s loss=0.8592 time=0.0334 stft=1.3517
epoch 11 train batch=260/500 elapsed=211.0s
epoch 11 train batch=260/500 elapsed=211.8s loss=0.8589 time=0.0333 stft=1.3500
epoch 11 train batch=265/500 elapsed=215.1s
epoch 11 train batch=265/500 elapsed=215.9s loss=0.8538 time=0.0334 stft=1.3392
epoch 11 train batch=270/500 elapsed=219.2s
epoch 11 train batch=270/500 elapsed=220.0s loss=0.8563 time=0.0332 stft=1.3454
epoch 11 train batch=275/500 elapsed=223.2s
epoch 11 train batch=275/500 elapsed=224.0s loss=0.8576 time=0.0331 stft=1.3481
epoch 11 train batch=280/500 elapsed=227.3s
epoch 11 train batch=280/500 elapsed=228.1s loss=0.8577 time=0.0331 stft=1.3476
epoch 11 train batch=285/500 elapsed=231.4s
epoch 11 train batch=285/500 elapsed=232.2s loss=0.8672 time=0.0330 stft=1.3673
epoch 11 train batch=290/500 elapsed=235.4s
epoch 11 train batch=290/500 elapsed=236.3s loss=0.8658 time=0.0332 stft=1.3643
epoch 11 train batch=295/500 elapsed=239.5s
epoch 11 train batch=295/500 elapsed=240.3s loss=0.8625 time=0.0333 stft=1.3569
epoch 11 train batch=300/500 elapsed=243.6s
epoch 11 train batch=300/500 elapsed=244.4s loss=0.8687 time=0.0333 stft=1.3701
epoch 11 train batch=305/500 elapsed=247.7s
epoch 11 train batch=305/500 elapsed=248.5s loss=0.8680 time=0.0333 stft=1.3685
epoch 11 train batch=310/500 elapsed=251.7s
epoch 11 train batch=310/500 elapsed=252.5s loss=0.8737 time=0.0332 stft=1.3803
epoch 11 train batch=315/500 elapsed=255.8s
epoch 11 train batch=315/500 elapsed=256.6s loss=0.8752 time=0.0334 stft=1.3823
epoch 11 train batch=320/500 elapsed=259.8s
epoch 11 train batch=320/500 elapsed=260.7s loss=0.8699 time=0.0334 stft=1.3719
epoch 11 train batch=325/500 elapsed=263.9s
epoch 11 train batch=325/500 elapsed=264.7s loss=0.8678 time=0.0337 stft=1.3666
epoch 11 train batch=330/500 elapsed=268.0s
epoch 11 train batch=330/500 elapsed=268.8s loss=0.8683 time=0.0337 stft=1.3674
epoch 11 train batch=335/500 elapsed=272.0s
epoch 11 train batch=335/500 elapsed=272.8s loss=0.8753 time=0.0337 stft=1.3818
epoch 11 train batch=340/500 elapsed=276.1s
epoch 11 train batch=340/500 elapsed=276.9s loss=0.8703 time=0.0335 stft=1.3725
epoch 11 train batch=345/500 elapsed=280.1s
epoch 11 train batch=345/500 elapsed=281.0s loss=0.8702 time=0.0337 stft=1.3717
epoch 11 train batch=350/500 elapsed=284.2s
epoch 11 train batch=350/500 elapsed=285.0s loss=0.8722 time=0.0335 stft=1.3762
epoch 11 train batch=355/500 elapsed=288.3s
epoch 11 train batch=355/500 elapsed=289.1s loss=0.8782 time=0.0334 stft=1.3879
epoch 11 train batch=360/500 elapsed=292.3s
epoch 11 train batch=360/500 elapsed=293.1s loss=0.8795 time=0.0334 stft=1.3921
epoch 11 train batch=365/500 elapsed=296.3s
epoch 11 train batch=365/500 elapsed=297.1s loss=0.8748 time=0.0333 stft=1.3833
epoch 11 train batch=370/500 elapsed=300.4s
epoch 11 train batch=370/500 elapsed=301.2s loss=0.8737 time=0.0333 stft=1.3809
epoch 11 train batch=375/500 elapsed=304.5s
epoch 11 train batch=375/500 elapsed=305.3s loss=0.8866 time=0.0334 stft=1.4062
epoch 11 train batch=380/500 elapsed=308.5s
epoch 11 train batch=380/500 elapsed=309.3s loss=0.8876 time=0.0334 stft=1.4081
epoch 11 train batch=385/500 elapsed=312.6s
epoch 11 train batch=385/500 elapsed=313.4s loss=0.8952 time=0.0334 stft=1.4237
epoch 11 train batch=390/500 elapsed=316.6s
epoch 11 train batch=390/500 elapsed=317.4s loss=0.8939 time=0.0334 stft=1.4215
epoch 11 train batch=395/500 elapsed=320.7s
epoch 11 train batch=395/500 elapsed=321.5s loss=0.8992 time=0.0334 stft=1.4319
epoch 11 train batch=400/500 elapsed=324.7s
epoch 11 train batch=400/500 elapsed=325.5s loss=0.8980 time=0.0335 stft=1.4295
epoch 11 train batch=405/500 elapsed=328.8s
epoch 11 train batch=405/500 elapsed=329.6s loss=0.8942 time=0.0334 stft=1.4220
epoch 11 train batch=410/500 elapsed=332.8s
epoch 11 train batch=410/500 elapsed=333.6s loss=0.8986 time=0.0333 stft=1.4314
epoch 11 train batch=415/500 elapsed=336.9s
epoch 11 train batch=415/500 elapsed=337.7s loss=0.9040 time=0.0334 stft=1.4413
epoch 11 train batch=420/500 elapsed=340.9s
epoch 11 train batch=420/500 elapsed=341.7s loss=0.9014 time=0.0333 stft=1.4352
epoch 11 train batch=425/500 elapsed=345.0s
epoch 11 train batch=425/500 elapsed=345.8s loss=0.8977 time=0.0333 stft=1.4282
epoch 11 train batch=430/500 elapsed=349.0s
epoch 11 train batch=430/500 elapsed=349.8s loss=0.8966 time=0.0333 stft=1.4264
epoch 11 train batch=435/500 elapsed=353.1s
epoch 11 train batch=435/500 elapsed=353.9s loss=0.8940 time=0.0333 stft=1.4207
epoch 11 train batch=440/500 elapsed=357.1s
epoch 11 train batch=440/500 elapsed=357.9s loss=0.8949 time=0.0335 stft=1.4216
epoch 11 train batch=445/500 elapsed=361.2s
epoch 11 train batch=445/500 elapsed=362.0s loss=0.8921 time=0.0335 stft=1.4155
epoch 11 train batch=450/500 elapsed=365.2s
epoch 11 train batch=450/500 elapsed=366.1s loss=0.8962 time=0.0334 stft=1.4247
epoch 11 train batch=455/500 elapsed=369.3s
epoch 11 train batch=455/500 elapsed=370.1s loss=0.8942 time=0.0334 stft=1.4204
epoch 11 train batch=460/500 elapsed=373.4s
epoch 11 train batch=460/500 elapsed=374.2s loss=0.8924 time=0.0335 stft=1.4159
epoch 11 train batch=465/500 elapsed=377.4s
epoch 11 train batch=465/500 elapsed=378.2s loss=0.8929 time=0.0337 stft=1.4169
epoch 11 train batch=470/500 elapsed=381.5s
epoch 11 train batch=470/500 elapsed=382.3s loss=0.8907 time=0.0337 stft=1.4122
epoch 11 train batch=475/500 elapsed=385.6s
epoch 11 train batch=475/500 elapsed=386.4s loss=0.8913 time=0.0337 stft=1.4132
epoch 11 train batch=480/500 elapsed=389.6s
epoch 11 train batch=480/500 elapsed=390.4s loss=0.8885 time=0.0336 stft=1.4077
epoch 11 train batch=485/500 elapsed=393.7s
epoch 11 train batch=485/500 elapsed=394.5s loss=0.8907 time=0.0336 stft=1.4124
epoch 11 train batch=490/500 elapsed=397.7s
epoch 11 train batch=490/500 elapsed=398.5s loss=0.8905 time=0.0336 stft=1.4118
epoch 11 train batch=495/500 elapsed=401.8s
epoch 11 train batch=495/500 elapsed=402.6s loss=0.8917 time=0.0336 stft=1.4146
epoch 11 train batch=500/500 elapsed=405.8s
epoch 11 train batch=500/500 elapsed=406.7s loss=0.8883 time=0.0335 stft=1.4081
valid started total=20
valid batch=5/20 elapsed=1.1s
valid batch=10/20 elapsed=2.4s
valid batch=15/20 elapsed=3.8s
valid batch=20/20 elapsed=5.1s
epoch=11 train_loss=0.9023 valid_loss=1.5047 valid_si_sdr=-41.07dB
epoch 12 train started total=500
epoch 12 train batch=5/500 elapsed=3.3s
epoch 12 train batch=5/500 elapsed=4.1s loss=0.6127 time=0.0332 stft=0.8554
epoch 12 train batch=10/500 elapsed=7.3s
epoch 12 train batch=10/500 elapsed=8.2s loss=0.5417 time=0.0285 stft=0.7465
epoch 12 train batch=15/500 elapsed=11.4s
epoch 12 train batch=15/500 elapsed=12.2s loss=0.7344 time=0.0327 stft=1.1000
epoch 12 train batch=20/500 elapsed=15.5s
epoch 12 train batch=20/500 elapsed=16.3s loss=0.7111 time=0.0349 stft=1.0352
epoch 12 train batch=25/500 elapsed=19.5s
epoch 12 train batch=25/500 elapsed=20.3s loss=0.8193 time=0.0328 stft=1.2632
epoch 12 train batch=30/500 elapsed=23.6s
epoch 12 train batch=30/500 elapsed=24.4s loss=0.7916 time=0.0359 stft=1.1910
epoch 12 train batch=35/500 elapsed=27.7s
epoch 12 train batch=35/500 elapsed=28.5s loss=0.7785 time=0.0356 stft=1.1597
epoch 12 train batch=40/500 elapsed=31.7s
epoch 12 train batch=40/500 elapsed=32.5s loss=0.8437 time=0.0368 stft=1.2836
epoch 12 train batch=45/500 elapsed=35.8s
epoch 12 train batch=45/500 elapsed=36.6s loss=0.8374 time=0.0361 stft=1.2758
epoch 12 train batch=50/500 elapsed=39.9s
epoch 12 train batch=50/500 elapsed=40.7s loss=0.8362 time=0.0360 stft=1.2797
epoch 12 train batch=55/500 elapsed=43.9s
epoch 12 train batch=55/500 elapsed=44.7s loss=0.8654 time=0.0369 stft=1.3306
epoch 12 train batch=60/500 elapsed=48.0s
epoch 12 train batch=60/500 elapsed=48.8s loss=0.8647 time=0.0365 stft=1.3303
epoch 12 train batch=65/500 elapsed=52.0s
epoch 12 train batch=65/500 elapsed=52.8s loss=0.8717 time=0.0366 stft=1.3462
epoch 12 train batch=70/500 elapsed=56.1s
epoch 12 train batch=70/500 elapsed=56.9s loss=0.8734 time=0.0361 stft=1.3534
epoch 12 train batch=75/500 elapsed=60.2s
epoch 12 train batch=75/500 elapsed=61.0s loss=0.8705 time=0.0371 stft=1.3452
epoch 12 train batch=80/500 elapsed=64.2s
epoch 12 train batch=80/500 elapsed=65.1s loss=0.8638 time=0.0371 stft=1.3293
epoch 12 train batch=85/500 elapsed=68.3s
epoch 12 train batch=85/500 elapsed=69.1s loss=0.8795 time=0.0361 stft=1.3651
epoch 12 train batch=90/500 elapsed=72.4s
epoch 12 train batch=90/500 elapsed=73.2s loss=0.8634 time=0.0359 stft=1.3348
epoch 12 train batch=95/500 elapsed=76.4s
epoch 12 train batch=95/500 elapsed=77.2s loss=0.8831 time=0.0350 stft=1.3802
epoch 12 train batch=100/500 elapsed=80.5s
epoch 12 train batch=100/500 elapsed=81.3s loss=0.8832 time=0.0352 stft=1.3784
epoch 12 train batch=105/500 elapsed=84.6s
epoch 12 train batch=105/500 elapsed=85.4s loss=0.8802 time=0.0348 stft=1.3746
epoch 12 train batch=110/500 elapsed=88.6s
epoch 12 train batch=110/500 elapsed=89.5s loss=0.9118 time=0.0342 stft=1.4405
epoch 12 train batch=115/500 elapsed=92.7s
epoch 12 train batch=115/500 elapsed=93.5s loss=0.9114 time=0.0341 stft=1.4394
epoch 12 train batch=120/500 elapsed=96.8s
epoch 12 train batch=120/500 elapsed=97.6s loss=0.9400 time=0.0337 stft=1.5013
epoch 12 train batch=125/500 elapsed=100.8s
epoch 12 train batch=125/500 elapsed=101.6s loss=0.9273 time=0.0339 stft=1.4772
epoch 12 train batch=130/500 elapsed=104.9s
epoch 12 train batch=130/500 elapsed=105.7s loss=0.9157 time=0.0339 stft=1.4536
epoch 12 train batch=135/500 elapsed=108.9s
epoch 12 train batch=135/500 elapsed=109.8s loss=0.9053 time=0.0338 stft=1.4326
epoch 12 train batch=140/500 elapsed=113.0s
epoch 12 train batch=140/500 elapsed=113.8s loss=0.8932 time=0.0337 stft=1.4093
epoch 12 train batch=145/500 elapsed=117.1s
epoch 12 train batch=145/500 elapsed=117.9s loss=0.8865 time=0.0345 stft=1.3926
epoch 12 train batch=150/500 elapsed=121.1s
epoch 12 train batch=150/500 elapsed=121.9s loss=0.8773 time=0.0346 stft=1.3728
epoch 12 train batch=155/500 elapsed=125.2s
epoch 12 train batch=155/500 elapsed=126.0s loss=0.8739 time=0.0349 stft=1.3636
epoch 12 train batch=160/500 elapsed=129.3s
epoch 12 train batch=160/500 elapsed=130.1s loss=0.8659 time=0.0350 stft=1.3481
epoch 12 train batch=165/500 elapsed=133.3s
epoch 12 train batch=165/500 elapsed=134.2s loss=0.8592 time=0.0351 stft=1.3342
epoch 12 train batch=170/500 elapsed=137.4s
epoch 12 train batch=170/500 elapsed=138.2s loss=0.8708 time=0.0348 stft=1.3601
epoch 12 train batch=175/500 elapsed=141.5s
epoch 12 train batch=175/500 elapsed=142.3s loss=0.8767 time=0.0349 stft=1.3724
epoch 12 train batch=180/500 elapsed=145.5s
epoch 12 train batch=180/500 elapsed=146.3s loss=0.8829 time=0.0350 stft=1.3823
epoch 12 train batch=185/500 elapsed=149.6s
epoch 12 train batch=185/500 elapsed=150.4s loss=0.8869 time=0.0347 stft=1.3914
epoch 12 train batch=190/500 elapsed=153.7s
epoch 12 train batch=190/500 elapsed=154.5s loss=0.8974 time=0.0348 stft=1.4139
epoch 12 train batch=195/500 elapsed=157.7s
epoch 12 train batch=195/500 elapsed=158.5s loss=0.8891 time=0.0349 stft=1.3975
epoch 12 train batch=200/500 elapsed=161.8s
epoch 12 train batch=200/500 elapsed=162.6s loss=0.8821 time=0.0351 stft=1.3828
epoch 12 train batch=205/500 elapsed=165.9s
epoch 12 train batch=205/500 elapsed=166.7s loss=0.8914 time=0.0351 stft=1.4019
epoch 12 train batch=210/500 elapsed=169.9s
epoch 12 train batch=210/500 elapsed=170.8s loss=0.8956 time=0.0351 stft=1.4107
epoch 12 train batch=215/500 elapsed=174.0s
epoch 12 train batch=215/500 elapsed=174.8s loss=0.9040 time=0.0351 stft=1.4280
epoch 12 train batch=220/500 elapsed=178.1s
epoch 12 train batch=220/500 elapsed=178.9s loss=0.9121 time=0.0349 stft=1.4451
epoch 12 train batch=225/500 elapsed=182.1s
epoch 12 train batch=225/500 elapsed=182.9s loss=0.9095 time=0.0347 stft=1.4410
epoch 12 train batch=230/500 elapsed=186.2s
epoch 12 train batch=230/500 elapsed=187.0s loss=0.9079 time=0.0344 stft=1.4403
epoch 12 train batch=235/500 elapsed=190.3s
epoch 12 train batch=235/500 elapsed=191.1s loss=0.9069 time=0.0345 stft=1.4369
epoch 12 train batch=240/500 elapsed=194.3s
epoch 12 train batch=240/500 elapsed=195.1s loss=0.9068 time=0.0346 stft=1.4369
epoch 12 train batch=245/500 elapsed=198.4s
epoch 12 train batch=245/500 elapsed=199.2s loss=0.9086 time=0.0345 stft=1.4410
epoch 12 train batch=250/500 elapsed=202.5s
epoch 12 train batch=250/500 elapsed=203.3s loss=0.9084 time=0.0345 stft=1.4400
epoch 12 train batch=255/500 elapsed=206.6s
epoch 12 train batch=255/500 elapsed=207.4s loss=0.9094 time=0.0345 stft=1.4435
epoch 12 train batch=260/500 elapsed=210.6s
epoch 12 train batch=260/500 elapsed=211.5s loss=0.9026 time=0.0344 stft=1.4301
epoch 12 train batch=265/500 elapsed=214.7s
epoch 12 train batch=265/500 elapsed=215.5s loss=0.9024 time=0.0344 stft=1.4301
epoch 12 train batch=270/500 elapsed=218.8s
epoch 12 train batch=270/500 elapsed=219.6s loss=0.9022 time=0.0344 stft=1.4297
epoch 12 train batch=275/500 elapsed=222.9s
epoch 12 train batch=275/500 elapsed=223.7s loss=0.9008 time=0.0344 stft=1.4268
epoch 12 train batch=280/500 elapsed=226.9s
epoch 12 train batch=280/500 elapsed=227.7s loss=0.8955 time=0.0346 stft=1.4161
epoch 12 train batch=285/500 elapsed=231.0s
epoch 12 train batch=285/500 elapsed=231.8s loss=0.8938 time=0.0344 stft=1.4130
epoch 12 train batch=290/500 elapsed=235.1s
epoch 12 train batch=290/500 elapsed=235.9s loss=0.8918 time=0.0344 stft=1.4097
epoch 12 train batch=295/500 elapsed=239.2s
epoch 12 train batch=295/500 elapsed=240.0s loss=0.9009 time=0.0342 stft=1.4277
epoch 12 train batch=300/500 elapsed=243.2s
epoch 12 train batch=300/500 elapsed=244.0s loss=0.9078 time=0.0342 stft=1.4412
epoch 12 train batch=305/500 elapsed=247.3s
epoch 12 train batch=305/500 elapsed=248.1s loss=0.9036 time=0.0342 stft=1.4321
epoch 12 train batch=310/500 elapsed=251.4s
epoch 12 train batch=310/500 elapsed=252.2s loss=0.9023 time=0.0341 stft=1.4298
epoch 12 train batch=315/500 elapsed=255.4s
epoch 12 train batch=315/500 elapsed=256.2s loss=0.9005 time=0.0340 stft=1.4271
epoch 12 train batch=320/500 elapsed=259.5s
epoch 12 train batch=320/500 elapsed=260.3s loss=0.9021 time=0.0340 stft=1.4308
epoch 12 train batch=325/500 elapsed=263.6s
epoch 12 train batch=325/500 elapsed=264.4s loss=0.9045 time=0.0341 stft=1.4357
epoch 12 train batch=330/500 elapsed=267.6s
epoch 12 train batch=330/500 elapsed=268.5s loss=0.9025 time=0.0342 stft=1.4314
epoch 12 train batch=335/500 elapsed=271.7s
epoch 12 train batch=335/500 elapsed=272.5s loss=0.9103 time=0.0344 stft=1.4457
epoch 12 train batch=340/500 elapsed=275.8s
epoch 12 train batch=340/500 elapsed=276.6s loss=0.9088 time=0.0343 stft=1.4431
epoch 12 train batch=345/500 elapsed=279.8s
epoch 12 train batch=345/500 elapsed=280.6s loss=0.9093 time=0.0344 stft=1.4434
epoch 12 train batch=350/500 elapsed=283.9s
epoch 12 train batch=350/500 elapsed=284.7s loss=0.9116 time=0.0344 stft=1.4480
epoch 12 train batch=355/500 elapsed=288.0s
epoch 12 train batch=355/500 elapsed=288.8s loss=0.9159 time=0.0343 stft=1.4577
epoch 12 train batch=360/500 elapsed=292.0s
epoch 12 train batch=360/500 elapsed=292.8s loss=0.9142 time=0.0341 stft=1.4550
epoch 12 train batch=365/500 elapsed=296.1s
epoch 12 train batch=365/500 elapsed=296.9s loss=0.9106 time=0.0343 stft=1.4477
epoch 12 train batch=370/500 elapsed=300.1s
epoch 12 train batch=370/500 elapsed=301.0s loss=0.9071 time=0.0343 stft=1.4401
epoch 12 train batch=375/500 elapsed=304.2s
epoch 12 train batch=375/500 elapsed=305.0s loss=0.9027 time=0.0343 stft=1.4311
epoch 12 train batch=380/500 elapsed=308.3s
epoch 12 train batch=380/500 elapsed=309.1s loss=0.8985 time=0.0341 stft=1.4231
epoch 12 train batch=385/500 elapsed=312.3s
epoch 12 train batch=385/500 elapsed=313.1s loss=0.8960 time=0.0341 stft=1.4182
epoch 12 train batch=390/500 elapsed=316.4s
epoch 12 train batch=390/500 elapsed=317.2s loss=0.8988 time=0.0341 stft=1.4246
epoch 12 train batch=395/500 elapsed=320.4s
epoch 12 train batch=395/500 elapsed=321.2s loss=0.9020 time=0.0340 stft=1.4316
epoch 12 train batch=400/500 elapsed=324.5s
epoch 12 train batch=400/500 elapsed=325.3s loss=0.9078 time=0.0339 stft=1.4431
epoch 12 train batch=405/500 elapsed=328.5s
epoch 12 train batch=405/500 elapsed=329.3s loss=0.9070 time=0.0338 stft=1.4417
epoch 12 train batch=410/500 elapsed=332.5s
epoch 12 train batch=410/500 elapsed=333.4s loss=0.9038 time=0.0338 stft=1.4347
epoch 12 train batch=415/500 elapsed=336.6s
epoch 12 train batch=415/500 elapsed=337.4s loss=0.9030 time=0.0339 stft=1.4330
epoch 12 train batch=420/500 elapsed=340.7s
epoch 12 train batch=420/500 elapsed=341.5s loss=0.9067 time=0.0338 stft=1.4414
epoch 12 train batch=425/500 elapsed=344.7s
epoch 12 train batch=425/500 elapsed=345.5s loss=0.9025 time=0.0337 stft=1.4336
epoch 12 train batch=430/500 elapsed=348.8s
epoch 12 train batch=430/500 elapsed=349.6s loss=0.8989 time=0.0338 stft=1.4266
epoch 12 train batch=435/500 elapsed=352.8s
epoch 12 train batch=435/500 elapsed=353.6s loss=0.8983 time=0.0338 stft=1.4247
epoch 12 train batch=440/500 elapsed=356.9s
epoch 12 train batch=440/500 elapsed=357.7s loss=0.8994 time=0.0337 stft=1.4278
epoch 12 train batch=445/500 elapsed=360.9s
epoch 12 train batch=445/500 elapsed=361.7s loss=0.8954 time=0.0336 stft=1.4206
epoch 12 train batch=450/500 elapsed=365.0s
epoch 12 train batch=450/500 elapsed=365.8s loss=0.8963 time=0.0337 stft=1.4214
epoch 12 train batch=455/500 elapsed=369.0s
epoch 12 train batch=455/500 elapsed=369.8s loss=0.8962 time=0.0338 stft=1.4204
epoch 12 train batch=460/500 elapsed=373.1s
epoch 12 train batch=460/500 elapsed=373.9s loss=0.8940 time=0.0337 stft=1.4159
epoch 12 train batch=465/500 elapsed=377.1s
epoch 12 train batch=465/500 elapsed=377.9s loss=0.9046 time=0.0336 stft=1.4384
epoch 12 train batch=470/500 elapsed=381.2s
epoch 12 train batch=470/500 elapsed=382.0s loss=0.9086 time=0.0336 stft=1.4466
epoch 12 train batch=475/500 elapsed=385.2s
epoch 12 train batch=475/500 elapsed=386.0s loss=0.9108 time=0.0336 stft=1.4511
epoch 12 train batch=480/500 elapsed=389.3s
epoch 12 train batch=480/500 elapsed=390.1s loss=0.9125 time=0.0335 stft=1.4551
epoch 12 train batch=485/500 elapsed=393.3s
epoch 12 train batch=485/500 elapsed=394.1s loss=0.9118 time=0.0335 stft=1.4536
epoch 12 train batch=490/500 elapsed=397.4s
epoch 12 train batch=490/500 elapsed=398.2s loss=0.9121 time=0.0335 stft=1.4542
epoch 12 train batch=495/500 elapsed=401.4s
epoch 12 train batch=495/500 elapsed=402.2s loss=0.9090 time=0.0334 stft=1.4479
epoch 12 train batch=500/500 elapsed=405.5s
epoch 12 train batch=500/500 elapsed=406.3s loss=0.9110 time=0.0335 stft=1.4517
valid started total=20
valid batch=5/20 elapsed=1.1s
valid batch=10/20 elapsed=2.4s
valid batch=15/20 elapsed=3.8s
valid batch=20/20 elapsed=5.1s
epoch=12 train_loss=0.9342 valid_loss=1.4974 valid_si_sdr=-40.56dB
epoch 13 train started total=500
epoch 13 train batch=5/500 elapsed=3.3s
epoch 13 train batch=5/500 elapsed=4.1s loss=0.7114 time=0.0360 stft=1.0251
epoch 13 train batch=10/500 elapsed=7.3s
epoch 13 train batch=10/500 elapsed=8.1s loss=0.7731 time=0.0400 stft=1.1420
epoch 13 train batch=15/500 elapsed=11.4s
epoch 13 train batch=15/500 elapsed=12.2s loss=0.7982 time=0.0360 stft=1.2054
epoch 13 train batch=20/500 elapsed=15.4s
epoch 13 train batch=20/500 elapsed=16.2s loss=0.9640 time=0.0341 stft=1.5530
epoch 13 train batch=25/500 elapsed=19.5s
epoch 13 train batch=25/500 elapsed=20.3s loss=0.8971 time=0.0365 stft=1.4106
epoch 13 train batch=30/500 elapsed=23.5s
epoch 13 train batch=30/500 elapsed=24.3s loss=0.8875 time=0.0358 stft=1.3984
epoch 13 train batch=35/500 elapsed=27.6s
epoch 13 train batch=35/500 elapsed=28.4s loss=0.9283 time=0.0353 stft=1.4732
epoch 13 train batch=40/500 elapsed=31.6s
epoch 13 train batch=40/500 elapsed=32.4s loss=0.8893 time=0.0351 stft=1.3957
epoch 13 train batch=45/500 elapsed=35.7s
epoch 13 train batch=45/500 elapsed=36.5s loss=0.8839 time=0.0346 stft=1.3877
epoch 13 train batch=50/500 elapsed=39.7s
epoch 13 train batch=50/500 elapsed=40.5s loss=0.8953 time=0.0352 stft=1.4128
epoch 13 train batch=55/500 elapsed=43.8s
epoch 13 train batch=55/500 elapsed=44.6s loss=0.8664 time=0.0348 stft=1.3559
epoch 13 train batch=60/500 elapsed=47.8s
epoch 13 train batch=60/500 elapsed=48.6s loss=0.9031 time=0.0344 stft=1.4344
epoch 13 train batch=65/500 elapsed=51.9s
epoch 13 train batch=65/500 elapsed=52.7s loss=0.8834 time=0.0351 stft=1.3880
epoch 13 train batch=70/500 elapsed=55.9s
epoch 13 train batch=70/500 elapsed=56.7s loss=0.9045 time=0.0348 stft=1.4356
epoch 13 train batch=75/500 elapsed=60.0s
epoch 13 train batch=75/500 elapsed=60.8s loss=0.8983 time=0.0343 stft=1.4267
epoch 13 train batch=80/500 elapsed=64.0s
epoch 13 train batch=80/500 elapsed=64.8s loss=0.8966 time=0.0340 stft=1.4264
epoch 13 train batch=85/500 elapsed=68.1s
epoch 13 train batch=85/500 elapsed=68.9s loss=0.9362 time=0.0339 stft=1.5082
epoch 13 train batch=90/500 elapsed=72.1s
epoch 13 train batch=90/500 elapsed=72.9s loss=0.9275 time=0.0342 stft=1.4876
epoch 13 train batch=95/500 elapsed=76.1s
epoch 13 train batch=95/500 elapsed=76.9s loss=0.9115 time=0.0344 stft=1.4526
epoch 13 train batch=100/500 elapsed=80.2s
epoch 13 train batch=100/500 elapsed=81.0s loss=0.9142 time=0.0341 stft=1.4612
epoch 13 train batch=105/500 elapsed=84.2s
epoch 13 train batch=105/500 elapsed=85.0s loss=0.9530 time=0.0336 stft=1.5413
epoch 13 train batch=110/500 elapsed=88.3s
epoch 13 train batch=110/500 elapsed=89.1s loss=0.9371 time=0.0335 stft=1.5118
epoch 13 train batch=115/500 elapsed=92.3s
epoch 13 train batch=115/500 elapsed=93.1s loss=0.9228 time=0.0336 stft=1.4826
epoch 13 train batch=120/500 elapsed=96.4s
epoch 13 train batch=120/500 elapsed=97.2s loss=0.9131 time=0.0337 stft=1.4630
epoch 13 train batch=125/500 elapsed=100.4s
epoch 13 train batch=125/500 elapsed=101.3s loss=0.9214 time=0.0336 stft=1.4776
epoch 13 train batch=130/500 elapsed=104.5s
epoch 13 train batch=130/500 elapsed=105.3s loss=0.9119 time=0.0340 stft=1.4568
epoch 13 train batch=135/500 elapsed=108.6s
epoch 13 train batch=135/500 elapsed=109.4s loss=0.9230 time=0.0333 stft=1.4832
epoch 13 train batch=140/500 elapsed=112.6s
epoch 13 train batch=140/500 elapsed=113.4s loss=0.9316 time=0.0334 stft=1.4987
epoch 13 train batch=145/500 elapsed=116.7s
epoch 13 train batch=145/500 elapsed=117.5s loss=0.9183 time=0.0331 stft=1.4741
epoch 13 train batch=150/500 elapsed=120.7s
epoch 13 train batch=150/500 elapsed=121.5s loss=0.9240 time=0.0332 stft=1.4859
epoch 13 train batch=155/500 elapsed=124.8s
epoch 13 train batch=155/500 elapsed=125.6s loss=0.9368 time=0.0333 stft=1.5115
epoch 13 train batch=160/500 elapsed=128.9s
epoch 13 train batch=160/500 elapsed=129.7s loss=0.9429 time=0.0332 stft=1.5238
epoch 13 train batch=165/500 elapsed=132.9s
epoch 13 train batch=165/500 elapsed=133.8s loss=0.9464 time=0.0333 stft=1.5296
epoch 13 train batch=170/500 elapsed=137.0s
epoch 13 train batch=170/500 elapsed=137.8s loss=0.9375 time=0.0335 stft=1.5099
epoch 13 train batch=175/500 elapsed=141.1s
epoch 13 train batch=175/500 elapsed=141.9s loss=0.9265 time=0.0335 stft=1.4885
epoch 13 train batch=180/500 elapsed=145.1s
epoch 13 train batch=180/500 elapsed=145.9s loss=0.9164 time=0.0337 stft=1.4688
epoch 13 train batch=185/500 elapsed=149.2s
epoch 13 train batch=185/500 elapsed=150.0s loss=0.9140 time=0.0334 stft=1.4649
epoch 13 train batch=190/500 elapsed=153.3s
epoch 13 train batch=190/500 elapsed=154.1s loss=0.9108 time=0.0334 stft=1.4585
epoch 13 train batch=195/500 elapsed=157.3s
epoch 13 train batch=195/500 elapsed=158.1s loss=0.9094 time=0.0335 stft=1.4551
epoch 13 train batch=200/500 elapsed=161.4s
epoch 13 train batch=200/500 elapsed=162.2s loss=0.9163 time=0.0334 stft=1.4687
epoch 13 train batch=205/500 elapsed=165.4s
epoch 13 train batch=205/500 elapsed=166.2s loss=0.9077 time=0.0334 stft=1.4519
epoch 13 train batch=210/500 elapsed=169.5s
epoch 13 train batch=210/500 elapsed=170.3s loss=0.9035 time=0.0334 stft=1.4429
epoch 13 train batch=215/500 elapsed=173.5s
epoch 13 train batch=215/500 elapsed=174.4s loss=0.8952 time=0.0334 stft=1.4274
epoch 13 train batch=220/500 elapsed=177.6s
epoch 13 train batch=220/500 elapsed=178.4s loss=0.8991 time=0.0333 stft=1.4367
epoch 13 train batch=225/500 elapsed=181.7s
epoch 13 train batch=225/500 elapsed=182.5s loss=0.8932 time=0.0334 stft=1.4236
epoch 13 train batch=230/500 elapsed=185.7s
epoch 13 train batch=230/500 elapsed=186.6s loss=0.8899 time=0.0332 stft=1.4189
epoch 13 train batch=235/500 elapsed=189.8s
epoch 13 train batch=235/500 elapsed=190.6s loss=0.8872 time=0.0330 stft=1.4140
epoch 13 train batch=240/500 elapsed=193.9s
epoch 13 train batch=240/500 elapsed=194.7s loss=0.8875 time=0.0335 stft=1.4132
epoch 13 train batch=245/500 elapsed=197.9s
epoch 13 train batch=245/500 elapsed=198.7s loss=0.8833 time=0.0335 stft=1.4027
epoch 13 train batch=250/500 elapsed=202.0s
epoch 13 train batch=250/500 elapsed=202.8s loss=0.8773 time=0.0335 stft=1.3912
epoch 13 train batch=255/500 elapsed=206.1s
epoch 13 train batch=255/500 elapsed=206.9s loss=0.8822 time=0.0337 stft=1.4008
epoch 13 train batch=260/500 elapsed=210.1s
epoch 13 train batch=260/500 elapsed=210.9s loss=0.8866 time=0.0336 stft=1.4102
epoch 13 train batch=265/500 elapsed=214.2s
epoch 13 train batch=265/500 elapsed=215.0s loss=0.8850 time=0.0335 stft=1.4080
epoch 13 train batch=270/500 elapsed=218.3s
epoch 13 train batch=270/500 elapsed=219.1s loss=0.8806 time=0.0334 stft=1.3992
epoch 13 train batch=275/500 elapsed=222.3s
epoch 13 train batch=275/500 elapsed=223.1s loss=0.8841 time=0.0332 stft=1.4076
epoch 13 train batch=280/500 elapsed=226.4s
epoch 13 train batch=280/500 elapsed=227.2s loss=0.8833 time=0.0332 stft=1.4055
epoch 13 train batch=285/500 elapsed=230.5s
epoch 13 train batch=285/500 elapsed=231.3s loss=0.8772 time=0.0331 stft=1.3944
epoch 13 train batch=290/500 elapsed=234.5s
epoch 13 train batch=290/500 elapsed=235.4s loss=0.8824 time=0.0331 stft=1.4056
epoch 13 train batch=295/500 elapsed=238.6s
epoch 13 train batch=295/500 elapsed=239.4s loss=0.8849 time=0.0329 stft=1.4108
epoch 13 train batch=300/500 elapsed=242.7s
epoch 13 train batch=300/500 elapsed=243.5s loss=0.8989 time=0.0328 stft=1.4393
epoch 13 train batch=305/500 elapsed=246.8s
epoch 13 train batch=305/500 elapsed=247.6s loss=0.8953 time=0.0328 stft=1.4319
epoch 13 train batch=310/500 elapsed=250.8s
epoch 13 train batch=310/500 elapsed=251.6s loss=0.8901 time=0.0328 stft=1.4213
epoch 13 train batch=315/500 elapsed=254.9s
epoch 13 train batch=315/500 elapsed=255.7s loss=0.8897 time=0.0328 stft=1.4201
epoch 13 train batch=320/500 elapsed=259.0s
epoch 13 train batch=320/500 elapsed=259.8s loss=0.8889 time=0.0328 stft=1.4193
epoch 13 train batch=325/500 elapsed=263.0s
epoch 13 train batch=325/500 elapsed=263.8s loss=0.8940 time=0.0329 stft=1.4296
epoch 13 train batch=330/500 elapsed=267.1s
epoch 13 train batch=330/500 elapsed=267.9s loss=0.8957 time=0.0329 stft=1.4332
epoch 13 train batch=335/500 elapsed=271.1s
epoch 13 train batch=335/500 elapsed=272.0s loss=0.8903 time=0.0328 stft=1.4233
epoch 13 train batch=340/500 elapsed=275.2s
epoch 13 train batch=340/500 elapsed=276.0s loss=0.8872 time=0.0327 stft=1.4175
epoch 13 train batch=345/500 elapsed=279.3s
epoch 13 train batch=345/500 elapsed=280.1s loss=0.8829 time=0.0328 stft=1.4088
epoch 13 train batch=350/500 elapsed=283.4s
epoch 13 train batch=350/500 elapsed=284.2s loss=0.8856 time=0.0329 stft=1.4135
epoch 13 train batch=355/500 elapsed=287.4s
epoch 13 train batch=355/500 elapsed=288.2s loss=0.8818 time=0.0329 stft=1.4052
epoch 13 train batch=360/500 elapsed=291.5s
epoch 13 train batch=360/500 elapsed=292.3s loss=0.8848 time=0.0329 stft=1.4114
epoch 13 train batch=365/500 elapsed=295.5s
epoch 13 train batch=365/500 elapsed=296.3s loss=0.8839 time=0.0331 stft=1.4088
epoch 13 train batch=370/500 elapsed=299.6s
epoch 13 train batch=370/500 elapsed=300.4s loss=0.8824 time=0.0330 stft=1.4061
epoch 13 train batch=375/500 elapsed=303.7s
epoch 13 train batch=375/500 elapsed=304.5s loss=0.8824 time=0.0331 stft=1.4055
epoch 13 train batch=380/500 elapsed=307.7s
epoch 13 train batch=380/500 elapsed=308.6s loss=0.8812 time=0.0332 stft=1.4028
epoch 13 train batch=385/500 elapsed=311.8s
epoch 13 train batch=385/500 elapsed=312.6s loss=0.8806 time=0.0333 stft=1.4012
epoch 13 train batch=390/500 elapsed=315.9s
epoch 13 train batch=390/500 elapsed=316.7s loss=0.8773 time=0.0333 stft=1.3939
epoch 13 train batch=395/500 elapsed=320.0s
epoch 13 train batch=395/500 elapsed=320.8s loss=0.8750 time=0.0333 stft=1.3896
epoch 13 train batch=400/500 elapsed=324.0s
epoch 13 train batch=400/500 elapsed=324.8s loss=0.8724 time=0.0334 stft=1.3836
epoch 13 train batch=405/500 elapsed=328.1s
epoch 13 train batch=405/500 elapsed=328.9s loss=0.8706 time=0.0333 stft=1.3795
epoch 13 train batch=410/500 elapsed=332.2s
epoch 13 train batch=410/500 elapsed=333.0s loss=0.8680 time=0.0332 stft=1.3751
epoch 13 train batch=415/500 elapsed=336.2s
epoch 13 train batch=415/500 elapsed=337.1s loss=0.8676 time=0.0334 stft=1.3743
epoch 13 train batch=420/500 elapsed=340.3s
epoch 13 train batch=420/500 elapsed=341.1s loss=0.8663 time=0.0334 stft=1.3711
epoch 13 train batch=425/500 elapsed=344.4s
epoch 13 train batch=425/500 elapsed=345.2s loss=0.8685 time=0.0333 stft=1.3767
epoch 13 train batch=430/500 elapsed=348.4s
epoch 13 train batch=430/500 elapsed=349.3s loss=0.8738 time=0.0333 stft=1.3867
epoch 13 train batch=435/500 elapsed=352.5s
epoch 13 train batch=435/500 elapsed=353.3s loss=0.8704 time=0.0333 stft=1.3794
epoch 13 train batch=440/500 elapsed=356.6s
epoch 13 train batch=440/500 elapsed=357.4s loss=0.8683 time=0.0333 stft=1.3755
epoch 13 train batch=445/500 elapsed=360.7s
epoch 13 train batch=445/500 elapsed=361.5s loss=0.8786 time=0.0331 stft=1.3966
epoch 13 train batch=450/500 elapsed=364.7s
epoch 13 train batch=450/500 elapsed=365.5s loss=0.8754 time=0.0331 stft=1.3902
epoch 13 train batch=455/500 elapsed=368.8s
epoch 13 train batch=455/500 elapsed=369.6s loss=0.8773 time=0.0330 stft=1.3942
epoch 13 train batch=460/500 elapsed=372.9s
epoch 13 train batch=460/500 elapsed=373.7s loss=0.8825 time=0.0330 stft=1.4048
epoch 13 train batch=465/500 elapsed=376.9s
epoch 13 train batch=465/500 elapsed=377.8s loss=0.8788 time=0.0330 stft=1.3976
epoch 13 train batch=470/500 elapsed=381.0s
epoch 13 train batch=470/500 elapsed=381.8s loss=0.8757 time=0.0330 stft=1.3911
epoch 13 train batch=475/500 elapsed=385.1s
epoch 13 train batch=475/500 elapsed=385.9s loss=0.8751 time=0.0329 stft=1.3895
epoch 13 train batch=480/500 elapsed=389.1s
epoch 13 train batch=480/500 elapsed=389.9s loss=0.8741 time=0.0329 stft=1.3877
epoch 13 train batch=485/500 elapsed=393.2s
epoch 13 train batch=485/500 elapsed=394.0s loss=0.8742 time=0.0329 stft=1.3877
epoch 13 train batch=490/500 elapsed=397.3s
epoch 13 train batch=490/500 elapsed=398.1s loss=0.8715 time=0.0329 stft=1.3820
epoch 13 train batch=495/500 elapsed=401.3s
epoch 13 train batch=495/500 elapsed=402.1s loss=0.8710 time=0.0328 stft=1.3815
epoch 13 train batch=500/500 elapsed=405.4s
epoch 13 train batch=500/500 elapsed=406.2s loss=0.8715 time=0.0329 stft=1.3824
valid started total=20
valid batch=5/20 elapsed=1.1s
valid batch=10/20 elapsed=2.4s
valid batch=15/20 elapsed=3.8s
valid batch=20/20 elapsed=5.1s
epoch=13 train_loss=0.8854 valid_loss=1.4942 valid_si_sdr=-40.26dB
epoch 14 train started total=500
epoch 14 train batch=5/500 elapsed=3.3s
epoch 14 train batch=5/500 elapsed=4.1s loss=1.0875 time=0.0343 stft=1.7911
epoch 14 train batch=10/500 elapsed=7.3s
epoch 14 train batch=10/500 elapsed=8.1s loss=0.9640 time=0.0342 stft=1.5527
epoch 14 train batch=15/500 elapsed=11.4s
epoch 14 train batch=15/500 elapsed=12.2s loss=0.9140 time=0.0357 stft=1.4629
epoch 14 train batch=20/500 elapsed=15.5s
epoch 14 train batch=20/500 elapsed=16.3s loss=0.8972 time=0.0362 stft=1.4235
epoch 14 train batch=25/500 elapsed=19.5s
epoch 14 train batch=25/500 elapsed=20.4s loss=0.9390 time=0.0350 stft=1.5066
epoch 14 train batch=30/500 elapsed=23.6s
epoch 14 train batch=30/500 elapsed=24.4s loss=0.9648 time=0.0355 stft=1.5475
epoch 14 train batch=35/500 elapsed=27.7s
epoch 14 train batch=35/500 elapsed=28.5s loss=1.0265 time=0.0343 stft=1.6721
epoch 14 train batch=40/500 elapsed=31.7s
epoch 14 train batch=40/500 elapsed=32.6s loss=0.9709 time=0.0354 stft=1.5641
epoch 14 train batch=45/500 elapsed=35.8s
epoch 14 train batch=45/500 elapsed=36.6s loss=1.0590 time=0.0346 stft=1.7418
epoch 14 train batch=50/500 elapsed=39.9s
epoch 14 train batch=50/500 elapsed=40.7s loss=1.0478 time=0.0341 stft=1.7214
epoch 14 train batch=55/500 elapsed=44.0s
epoch 14 train batch=55/500 elapsed=44.8s loss=1.0217 time=0.0343 stft=1.6751
epoch 14 train batch=60/500 elapsed=48.0s
epoch 14 train batch=60/500 elapsed=48.8s loss=1.0155 time=0.0353 stft=1.6618
epoch 14 train batch=65/500 elapsed=52.1s
epoch 14 train batch=65/500 elapsed=52.9s loss=0.9833 time=0.0354 stft=1.5979
epoch 14 train batch=70/500 elapsed=56.2s
epoch 14 train batch=70/500 elapsed=57.0s loss=0.9547 time=0.0356 stft=1.5411
epoch 14 train batch=75/500 elapsed=60.2s
epoch 14 train batch=75/500 elapsed=61.0s loss=0.9470 time=0.0351 stft=1.5273
epoch 14 train batch=80/500 elapsed=64.3s
epoch 14 train batch=80/500 elapsed=65.1s loss=0.9381 time=0.0347 stft=1.5123
epoch 14 train batch=85/500 elapsed=68.4s
epoch 14 train batch=85/500 elapsed=69.2s loss=0.9212 time=0.0346 stft=1.4786
epoch 14 train batch=90/500 elapsed=72.5s
epoch 14 train batch=90/500 elapsed=73.3s loss=0.9015 time=0.0344 stft=1.4413
epoch 14 train batch=95/500 elapsed=76.5s
epoch 14 train batch=95/500 elapsed=77.4s loss=0.8842 time=0.0346 stft=1.4074
epoch 14 train batch=100/500 elapsed=80.6s
epoch 14 train batch=100/500 elapsed=81.4s loss=0.9376 time=0.0343 stft=1.5156
epoch 14 train batch=105/500 elapsed=84.7s
epoch 14 train batch=105/500 elapsed=85.5s loss=0.9313 time=0.0340 stft=1.5038
epoch 14 train batch=110/500 elapsed=88.8s
epoch 14 train batch=110/500 elapsed=89.6s loss=0.9151 time=0.0341 stft=1.4704
epoch 14 train batch=115/500 elapsed=92.8s
epoch 14 train batch=115/500 elapsed=93.7s loss=0.8961 time=0.0337 stft=1.4363
epoch 14 train batch=120/500 elapsed=96.9s
epoch 14 train batch=120/500 elapsed=97.7s loss=0.8958 time=0.0337 stft=1.4343
epoch 14 train batch=125/500 elapsed=101.0s
epoch 14 train batch=125/500 elapsed=101.8s loss=0.8975 time=0.0339 stft=1.4389
epoch 14 train batch=130/500 elapsed=105.0s
epoch 14 train batch=130/500 elapsed=105.8s loss=0.8856 time=0.0340 stft=1.4142
epoch 14 train batch=135/500 elapsed=109.1s
epoch 14 train batch=135/500 elapsed=109.9s loss=0.8803 time=0.0339 stft=1.4049
epoch 14 train batch=140/500 elapsed=113.2s
epoch 14 train batch=140/500 elapsed=114.0s loss=0.8783 time=0.0337 stft=1.4015
epoch 14 train batch=145/500 elapsed=117.2s
epoch 14 train batch=145/500 elapsed=118.0s loss=0.8933 time=0.0337 stft=1.4302
epoch 14 train batch=150/500 elapsed=121.3s
epoch 14 train batch=150/500 elapsed=122.1s loss=0.8924 time=0.0334 stft=1.4300
epoch 14 train batch=155/500 elapsed=125.3s
epoch 14 train batch=155/500 elapsed=126.2s loss=0.8977 time=0.0333 stft=1.4409
epoch 14 train batch=160/500 elapsed=129.4s
epoch 14 train batch=160/500 elapsed=130.2s loss=0.8946 time=0.0330 stft=1.4348
epoch 14 train batch=165/500 elapsed=133.5s
epoch 14 train batch=165/500 elapsed=134.3s loss=0.9000 time=0.0330 stft=1.4463
epoch 14 train batch=170/500 elapsed=137.5s
epoch 14 train batch=170/500 elapsed=138.3s loss=0.8887 time=0.0327 stft=1.4250
epoch 14 train batch=175/500 elapsed=141.6s
epoch 14 train batch=175/500 elapsed=142.4s loss=0.8854 time=0.0328 stft=1.4183
epoch 14 train batch=180/500 elapsed=145.7s
epoch 14 train batch=180/500 elapsed=146.5s loss=0.8760 time=0.0328 stft=1.3996
epoch 14 train batch=185/500 elapsed=149.7s
epoch 14 train batch=185/500 elapsed=150.5s loss=0.8843 time=0.0327 stft=1.4172
epoch 14 train batch=190/500 elapsed=153.8s
epoch 14 train batch=190/500 elapsed=154.6s loss=0.8810 time=0.0327 stft=1.4116
epoch 14 train batch=195/500 elapsed=157.8s
epoch 14 train batch=195/500 elapsed=158.6s loss=0.8854 time=0.0328 stft=1.4199
epoch 14 train batch=200/500 elapsed=161.9s
epoch 14 train batch=200/500 elapsed=162.7s loss=0.8803 time=0.0329 stft=1.4096
epoch 14 train batch=205/500 elapsed=166.0s
epoch 14 train batch=205/500 elapsed=166.8s loss=0.8792 time=0.0330 stft=1.4072
epoch 14 train batch=210/500 elapsed=170.0s
epoch 14 train batch=210/500 elapsed=170.8s loss=0.8825 time=0.0330 stft=1.4139
epoch 14 train batch=215/500 elapsed=174.0s
epoch 14 train batch=215/500 elapsed=174.9s loss=0.8859 time=0.0330 stft=1.4204
epoch 14 train batch=220/500 elapsed=178.1s
epoch 14 train batch=220/500 elapsed=178.9s loss=0.8884 time=0.0329 stft=1.4262
epoch 14 train batch=225/500 elapsed=182.2s
epoch 14 train batch=225/500 elapsed=183.0s loss=0.8885 time=0.0327 stft=1.4265
epoch 14 train batch=230/500 elapsed=186.2s
epoch 14 train batch=230/500 elapsed=187.0s loss=0.8810 time=0.0327 stft=1.4122
epoch 14 train batch=235/500 elapsed=190.3s
epoch 14 train batch=235/500 elapsed=191.1s loss=0.8847 time=0.0328 stft=1.4186
epoch 14 train batch=240/500 elapsed=194.3s
epoch 14 train batch=240/500 elapsed=195.1s loss=0.8922 time=0.0327 stft=1.4328
epoch 14 train batch=245/500 elapsed=198.4s
epoch 14 train batch=245/500 elapsed=199.2s loss=0.8855 time=0.0326 stft=1.4199
epoch 14 train batch=250/500 elapsed=202.4s
epoch 14 train batch=250/500 elapsed=203.3s loss=0.8825 time=0.0325 stft=1.4140
epoch 14 train batch=255/500 elapsed=206.5s
epoch 14 train batch=255/500 elapsed=207.3s loss=0.8892 time=0.0324 stft=1.4264
epoch 14 train batch=260/500 elapsed=210.6s
epoch 14 train batch=260/500 elapsed=211.4s loss=0.8849 time=0.0324 stft=1.4167
epoch 14 train batch=265/500 elapsed=214.6s
epoch 14 train batch=265/500 elapsed=215.4s loss=0.8837 time=0.0322 stft=1.4142
epoch 14 train batch=270/500 elapsed=218.7s
epoch 14 train batch=270/500 elapsed=219.5s loss=0.8819 time=0.0323 stft=1.4109
epoch 14 train batch=275/500 elapsed=222.7s
epoch 14 train batch=275/500 elapsed=223.5s loss=0.8861 time=0.0323 stft=1.4189
epoch 14 train batch=280/500 elapsed=226.8s
epoch 14 train batch=280/500 elapsed=227.6s loss=0.8848 time=0.0323 stft=1.4161
epoch 14 train batch=285/500 elapsed=230.8s
epoch 14 train batch=285/500 elapsed=231.6s loss=0.8838 time=0.0323 stft=1.4132
epoch 14 train batch=290/500 elapsed=234.9s
epoch 14 train batch=290/500 elapsed=235.7s loss=0.8871 time=0.0321 stft=1.4204
epoch 14 train batch=295/500 elapsed=238.9s
epoch 14 train batch=295/500 elapsed=239.7s loss=0.8873 time=0.0321 stft=1.4206
epoch 14 train batch=300/500 elapsed=243.0s
epoch 14 train batch=300/500 elapsed=243.8s loss=0.8858 time=0.0320 stft=1.4172
epoch 14 train batch=305/500 elapsed=247.0s
epoch 14 train batch=305/500 elapsed=247.8s loss=0.8894 time=0.0320 stft=1.4248
epoch 14 train batch=310/500 elapsed=251.1s
epoch 14 train batch=310/500 elapsed=251.9s loss=0.8855 time=0.0320 stft=1.4152
epoch 14 train batch=315/500 elapsed=255.1s
epoch 14 train batch=315/500 elapsed=255.9s loss=0.8836 time=0.0321 stft=1.4114
epoch 14 train batch=320/500 elapsed=259.2s
epoch 14 train batch=320/500 elapsed=260.0s loss=0.8793 time=0.0323 stft=1.4024
epoch 14 train batch=325/500 elapsed=263.2s
epoch 14 train batch=325/500 elapsed=264.0s loss=0.8795 time=0.0321 stft=1.4030
epoch 14 train batch=330/500 elapsed=267.3s
epoch 14 train batch=330/500 elapsed=268.1s loss=0.8747 time=0.0321 stft=1.3936
epoch 14 train batch=335/500 elapsed=271.3s
epoch 14 train batch=335/500 elapsed=272.1s loss=0.8786 time=0.0323 stft=1.4002
epoch 14 train batch=340/500 elapsed=275.4s
epoch 14 train batch=340/500 elapsed=276.2s loss=0.8773 time=0.0321 stft=1.3980
epoch 14 train batch=345/500 elapsed=279.4s
epoch 14 train batch=345/500 elapsed=280.2s loss=0.8796 time=0.0321 stft=1.4033
epoch 14 train batch=350/500 elapsed=283.5s
epoch 14 train batch=350/500 elapsed=284.3s loss=0.8754 time=0.0321 stft=1.3949
epoch 14 train batch=355/500 elapsed=287.5s
epoch 14 train batch=355/500 elapsed=288.3s loss=0.8739 time=0.0321 stft=1.3923
epoch 14 train batch=360/500 elapsed=291.6s
epoch 14 train batch=360/500 elapsed=292.4s loss=0.8755 time=0.0320 stft=1.3962
epoch 14 train batch=365/500 elapsed=295.6s
epoch 14 train batch=365/500 elapsed=296.4s loss=0.8775 time=0.0318 stft=1.4009
epoch 14 train batch=370/500 elapsed=299.7s
epoch 14 train batch=370/500 elapsed=300.5s loss=0.8820 time=0.0318 stft=1.4093
epoch 14 train batch=375/500 elapsed=303.7s
epoch 14 train batch=375/500 elapsed=304.5s loss=0.8807 time=0.0318 stft=1.4064
epoch 14 train batch=380/500 elapsed=307.8s
epoch 14 train batch=380/500 elapsed=308.6s loss=0.8820 time=0.0318 stft=1.4086
epoch 14 train batch=385/500 elapsed=311.8s
epoch 14 train batch=385/500 elapsed=312.6s loss=0.8834 time=0.0317 stft=1.4113
epoch 14 train batch=390/500 elapsed=315.9s
epoch 14 train batch=390/500 elapsed=316.7s loss=0.8797 time=0.0318 stft=1.4036
epoch 14 train batch=395/500 elapsed=319.9s
epoch 14 train batch=395/500 elapsed=320.7s loss=0.8797 time=0.0318 stft=1.4036
epoch 14 train batch=400/500 elapsed=324.0s
epoch 14 train batch=400/500 elapsed=324.8s loss=0.8827 time=0.0318 stft=1.4099
epoch 14 train batch=405/500 elapsed=328.0s
epoch 14 train batch=405/500 elapsed=328.9s loss=0.8784 time=0.0318 stft=1.4017
epoch 14 train batch=410/500 elapsed=332.1s
epoch 14 train batch=410/500 elapsed=332.9s loss=0.8747 time=0.0318 stft=1.3945
epoch 14 train batch=415/500 elapsed=336.2s
epoch 14 train batch=415/500 elapsed=337.0s loss=0.8743 time=0.0317 stft=1.3945
epoch 14 train batch=420/500 elapsed=340.2s
epoch 14 train batch=420/500 elapsed=341.0s loss=0.8762 time=0.0317 stft=1.3982
epoch 14 train batch=425/500 elapsed=344.3s
epoch 14 train batch=425/500 elapsed=345.1s loss=0.8770 time=0.0317 stft=1.4003
epoch 14 train batch=430/500 elapsed=348.4s
epoch 14 train batch=430/500 elapsed=349.2s loss=0.8804 time=0.0316 stft=1.4072
epoch 14 train batch=435/500 elapsed=352.4s
epoch 14 train batch=435/500 elapsed=353.2s loss=0.8827 time=0.0319 stft=1.4107
epoch 14 train batch=440/500 elapsed=356.5s
epoch 14 train batch=440/500 elapsed=357.3s loss=0.8793 time=0.0319 stft=1.4041
epoch 14 train batch=445/500 elapsed=360.5s
epoch 14 train batch=445/500 elapsed=361.4s loss=0.8823 time=0.0319 stft=1.4104
epoch 14 train batch=450/500 elapsed=364.6s
epoch 14 train batch=450/500 elapsed=365.4s loss=0.8790 time=0.0319 stft=1.4035
epoch 14 train batch=455/500 elapsed=368.7s
epoch 14 train batch=455/500 elapsed=369.5s loss=0.8856 time=0.0318 stft=1.4171
epoch 14 train batch=460/500 elapsed=372.7s
epoch 14 train batch=460/500 elapsed=373.5s loss=0.8846 time=0.0318 stft=1.4156
epoch 14 train batch=465/500 elapsed=376.8s
epoch 14 train batch=465/500 elapsed=377.6s loss=0.8812 time=0.0318 stft=1.4090
epoch 14 train batch=470/500 elapsed=380.9s
epoch 14 train batch=470/500 elapsed=381.7s loss=0.8774 time=0.0318 stft=1.4019
epoch 14 train batch=475/500 elapsed=384.9s
epoch 14 train batch=475/500 elapsed=385.7s loss=0.8792 time=0.0318 stft=1.4051
epoch 14 train batch=480/500 elapsed=389.0s
epoch 14 train batch=480/500 elapsed=389.8s loss=0.8748 time=0.0319 stft=1.3968
epoch 14 train batch=485/500 elapsed=393.1s
epoch 14 train batch=485/500 elapsed=393.9s loss=0.8716 time=0.0319 stft=1.3906
epoch 14 train batch=490/500 elapsed=397.1s
epoch 14 train batch=490/500 elapsed=397.9s loss=0.8705 time=0.0318 stft=1.3889
epoch 14 train batch=495/500 elapsed=401.2s
epoch 14 train batch=495/500 elapsed=402.0s loss=0.8677 time=0.0318 stft=1.3829
epoch 14 train batch=500/500 elapsed=405.3s
epoch 14 train batch=500/500 elapsed=406.1s loss=0.8667 time=0.0318 stft=1.3812
valid started total=20
valid batch=5/20 elapsed=1.1s
valid batch=10/20 elapsed=2.4s
valid batch=15/20 elapsed=3.8s
valid batch=20/20 elapsed=5.1s
epoch=14 train_loss=0.8984 valid_loss=1.4941 valid_si_sdr=-39.70dB
epoch 15 train started total=500
epoch 15 train batch=5/500 elapsed=3.3s
epoch 15 train batch=5/500 elapsed=4.1s loss=0.9361 time=0.0297 stft=1.5062
epoch 15 train batch=10/500 elapsed=7.3s
epoch 15 train batch=10/500 elapsed=8.2s loss=0.9913 time=0.0249 stft=1.6607
epoch 15 train batch=15/500 elapsed=11.4s
epoch 15 train batch=15/500 elapsed=12.2s loss=0.9282 time=0.0254 stft=1.5386
epoch 15 train batch=20/500 elapsed=15.5s
epoch 15 train batch=20/500 elapsed=16.3s loss=0.9168 time=0.0270 stft=1.5052
epoch 15 train batch=25/500 elapsed=19.6s
epoch 15 train batch=25/500 elapsed=20.4s loss=0.8383 time=0.0279 stft=1.3429
epoch 15 train batch=30/500 elapsed=23.6s
epoch 15 train batch=30/500 elapsed=24.4s loss=0.8681 time=0.0280 stft=1.4013
epoch 15 train batch=35/500 elapsed=27.7s
epoch 15 train batch=35/500 elapsed=28.5s loss=0.8377 time=0.0299 stft=1.3308
epoch 15 train batch=40/500 elapsed=31.8s
epoch 15 train batch=40/500 elapsed=32.6s loss=0.8926 time=0.0304 stft=1.4375
epoch 15 train batch=45/500 elapsed=35.8s
epoch 15 train batch=45/500 elapsed=36.6s loss=0.8807 time=0.0311 stft=1.4092
epoch 15 train batch=50/500 elapsed=39.9s
epoch 15 train batch=50/500 elapsed=40.7s loss=0.8687 time=0.0313 stft=1.3878
epoch 15 train batch=55/500 elapsed=43.9s
epoch 15 train batch=55/500 elapsed=44.8s loss=0.8611 time=0.0320 stft=1.3736
epoch 15 train batch=60/500 elapsed=48.0s
epoch 15 train batch=60/500 elapsed=48.8s loss=0.8339 time=0.0323 stft=1.3200
epoch 15 train batch=65/500 elapsed=52.1s
epoch 15 train batch=65/500 elapsed=52.9s loss=0.8117 time=0.0323 stft=1.2771
epoch 15 train batch=70/500 elapsed=56.1s
epoch 15 train batch=70/500 elapsed=56.9s loss=0.7938 time=0.0315 stft=1.2405
epoch 15 train batch=75/500 elapsed=60.2s
epoch 15 train batch=75/500 elapsed=61.0s loss=0.7698 time=0.0310 stft=1.1957
epoch 15 train batch=80/500 elapsed=64.3s
epoch 15 train batch=80/500 elapsed=65.1s loss=0.7896 time=0.0312 stft=1.2311
epoch 15 train batch=85/500 elapsed=68.3s
epoch 15 train batch=85/500 elapsed=69.1s loss=0.7770 time=0.0307 stft=1.2055
epoch 15 train batch=90/500 elapsed=72.4s
epoch 15 train batch=90/500 elapsed=73.2s loss=0.7794 time=0.0311 stft=1.2081
epoch 15 train batch=95/500 elapsed=76.5s
epoch 15 train batch=95/500 elapsed=77.3s loss=0.8068 time=0.0314 stft=1.2608
epoch 15 train batch=100/500 elapsed=80.5s
epoch 15 train batch=100/500 elapsed=81.4s loss=0.8207 time=0.0312 stft=1.2865
epoch 15 train batch=105/500 elapsed=84.6s
epoch 15 train batch=105/500 elapsed=85.4s loss=0.8075 time=0.0310 stft=1.2607
epoch 15 train batch=110/500 elapsed=88.7s
epoch 15 train batch=110/500 elapsed=89.5s loss=0.8134 time=0.0314 stft=1.2704
epoch 15 train batch=115/500 elapsed=92.8s
epoch 15 train batch=115/500 elapsed=93.6s loss=0.8262 time=0.0314 stft=1.2943
epoch 15 train batch=120/500 elapsed=96.8s
epoch 15 train batch=120/500 elapsed=97.6s loss=0.8224 time=0.0313 stft=1.2884
epoch 15 train batch=125/500 elapsed=100.9s
epoch 15 train batch=125/500 elapsed=101.7s loss=0.8341 time=0.0311 stft=1.3124
epoch 15 train batch=130/500 elapsed=104.9s
epoch 15 train batch=130/500 elapsed=105.7s loss=0.8323 time=0.0312 stft=1.3090
epoch 15 train batch=135/500 elapsed=109.0s
epoch 15 train batch=135/500 elapsed=109.8s loss=0.8324 time=0.0310 stft=1.3089
epoch 15 train batch=140/500 elapsed=113.1s
epoch 15 train batch=140/500 elapsed=113.9s loss=0.8235 time=0.0311 stft=1.2911
epoch 15 train batch=145/500 elapsed=117.1s
epoch 15 train batch=145/500 elapsed=117.9s loss=0.8323 time=0.0314 stft=1.3081
epoch 15 train batch=150/500 elapsed=121.2s
epoch 15 train batch=150/500 elapsed=122.0s loss=0.8360 time=0.0313 stft=1.3145
epoch 15 train batch=155/500 elapsed=125.2s
epoch 15 train batch=155/500 elapsed=126.0s loss=0.8279 time=0.0314 stft=1.2984
epoch 15 train batch=160/500 elapsed=129.3s
epoch 15 train batch=160/500 elapsed=130.1s loss=0.8304 time=0.0315 stft=1.3029
epoch 15 train batch=165/500 elapsed=133.3s
epoch 15 train batch=165/500 elapsed=134.1s loss=0.8232 time=0.0314 stft=1.2887
epoch 15 train batch=170/500 elapsed=137.4s
epoch 15 train batch=170/500 elapsed=138.2s loss=0.8160 time=0.0313 stft=1.2743
epoch 15 train batch=175/500 elapsed=141.5s
epoch 15 train batch=175/500 elapsed=142.3s loss=0.8156 time=0.0314 stft=1.2732
epoch 15 train batch=180/500 elapsed=145.5s
epoch 15 train batch=180/500 elapsed=146.3s loss=0.8228 time=0.0311 stft=1.2880
epoch 15 train batch=185/500 elapsed=149.5s
epoch 15 train batch=185/500 elapsed=150.4s loss=0.8238 time=0.0311 stft=1.2894
epoch 15 train batch=190/500 elapsed=153.6s
epoch 15 train batch=190/500 elapsed=154.4s loss=0.8272 time=0.0313 stft=1.2960
epoch 15 train batch=195/500 elapsed=157.7s
epoch 15 train batch=195/500 elapsed=158.5s loss=0.8268 time=0.0313 stft=1.2940
epoch 15 train batch=200/500 elapsed=161.7s
epoch 15 train batch=200/500 elapsed=162.5s loss=0.8206 time=0.0315 stft=1.2813
epoch 15 train batch=205/500 elapsed=165.8s
epoch 15 train batch=205/500 elapsed=166.6s loss=0.8180 time=0.0319 stft=1.2734
epoch 15 train batch=210/500 elapsed=169.8s
epoch 15 train batch=210/500 elapsed=170.6s loss=0.8128 time=0.0321 stft=1.2632
epoch 15 train batch=215/500 elapsed=173.8s
epoch 15 train batch=215/500 elapsed=174.7s loss=0.8100 time=0.0320 stft=1.2588
epoch 15 train batch=220/500 elapsed=177.9s
epoch 15 train batch=220/500 elapsed=178.7s loss=0.8243 time=0.0322 stft=1.2867
epoch 15 train batch=225/500 elapsed=181.9s
epoch 15 train batch=225/500 elapsed=182.8s loss=0.8182 time=0.0323 stft=1.2750
epoch 15 train batch=230/500 elapsed=186.0s
epoch 15 train batch=230/500 elapsed=186.8s loss=0.8374 time=0.0319 stft=1.3162
epoch 15 train batch=235/500 elapsed=190.1s
epoch 15 train batch=235/500 elapsed=190.9s loss=0.8406 time=0.0317 stft=1.3227
epoch 15 train batch=240/500 elapsed=194.1s
epoch 15 train batch=240/500 elapsed=194.9s loss=0.8420 time=0.0316 stft=1.3254
epoch 15 train batch=245/500 elapsed=198.1s
epoch 15 train batch=245/500 elapsed=198.9s loss=0.8351 time=0.0315 stft=1.3124
epoch 15 train batch=250/500 elapsed=202.2s
epoch 15 train batch=250/500 elapsed=203.0s loss=0.8464 time=0.0315 stft=1.3350
epoch 15 train batch=255/500 elapsed=206.2s
epoch 15 train batch=255/500 elapsed=207.0s loss=0.8465 time=0.0315 stft=1.3353
epoch 15 train batch=260/500 elapsed=210.3s
epoch 15 train batch=260/500 elapsed=211.1s loss=0.8450 time=0.0315 stft=1.3327
epoch 15 train batch=265/500 elapsed=214.3s
epoch 15 train batch=265/500 elapsed=215.1s loss=0.8481 time=0.0314 stft=1.3392
epoch 15 train batch=270/500 elapsed=218.4s
epoch 15 train batch=270/500 elapsed=219.2s loss=0.8500 time=0.0314 stft=1.3436
epoch 15 train batch=275/500 elapsed=222.4s
epoch 15 train batch=275/500 elapsed=223.2s loss=0.8445 time=0.0314 stft=1.3329
epoch 15 train batch=280/500 elapsed=226.5s
epoch 15 train batch=280/500 elapsed=227.3s loss=0.8530 time=0.0314 stft=1.3495
epoch 15 train batch=285/500 elapsed=230.5s
epoch 15 train batch=285/500 elapsed=231.3s loss=0.8544 time=0.0312 stft=1.3533
epoch 15 train batch=290/500 elapsed=234.5s
epoch 15 train batch=290/500 elapsed=235.4s loss=0.8497 time=0.0313 stft=1.3432
epoch 15 train batch=295/500 elapsed=238.6s
epoch 15 train batch=295/500 elapsed=239.4s loss=0.8489 time=0.0315 stft=1.3411
epoch 15 train batch=300/500 elapsed=242.6s
epoch 15 train batch=300/500 elapsed=243.4s loss=0.8477 time=0.0315 stft=1.3386
epoch 15 train batch=305/500 elapsed=246.7s
epoch 15 train batch=305/500 elapsed=247.5s loss=0.8523 time=0.0315 stft=1.3484
epoch 15 train batch=310/500 elapsed=250.7s
epoch 15 train batch=310/500 elapsed=251.5s loss=0.8511 time=0.0316 stft=1.3452
epoch 15 train batch=315/500 elapsed=254.8s
epoch 15 train batch=315/500 elapsed=255.6s loss=0.8508 time=0.0316 stft=1.3441
epoch 15 train batch=320/500 elapsed=258.8s
epoch 15 train batch=320/500 elapsed=259.6s loss=0.8471 time=0.0317 stft=1.3369
epoch 15 train batch=325/500 elapsed=262.9s
epoch 15 train batch=325/500 elapsed=263.7s loss=0.8428 time=0.0317 stft=1.3285
epoch 15 train batch=330/500 elapsed=266.9s
epoch 15 train batch=330/500 elapsed=267.7s loss=0.8424 time=0.0316 stft=1.3277
epoch 15 train batch=335/500 elapsed=271.0s
epoch 15 train batch=335/500 elapsed=271.8s loss=0.8387 time=0.0316 stft=1.3204
epoch 15 train batch=340/500 elapsed=275.0s
epoch 15 train batch=340/500 elapsed=275.8s loss=0.8410 time=0.0316 stft=1.3258
epoch 15 train batch=345/500 elapsed=279.1s
epoch 15 train batch=345/500 elapsed=279.9s loss=0.8373 time=0.0316 stft=1.3182
epoch 15 train batch=350/500 elapsed=283.2s
epoch 15 train batch=350/500 elapsed=284.0s loss=0.8372 time=0.0316 stft=1.3179
epoch 15 train batch=355/500 elapsed=287.2s
epoch 15 train batch=355/500 elapsed=288.0s loss=0.8382 time=0.0315 stft=1.3194
epoch 15 train batch=360/500 elapsed=291.3s
epoch 15 train batch=360/500 elapsed=292.1s loss=0.8349 time=0.0317 stft=1.3119
epoch 15 train batch=365/500 elapsed=295.3s
epoch 15 train batch=365/500 elapsed=296.1s loss=0.8327 time=0.0318 stft=1.3071
epoch 15 train batch=370/500 elapsed=299.4s
epoch 15 train batch=370/500 elapsed=300.2s loss=0.8308 time=0.0317 stft=1.3036
epoch 15 train batch=375/500 elapsed=303.5s
epoch 15 train batch=375/500 elapsed=304.3s loss=0.8370 time=0.0316 stft=1.3166
epoch 15 train batch=380/500 elapsed=307.5s
epoch 15 train batch=380/500 elapsed=308.3s loss=0.8424 time=0.0316 stft=1.3280
epoch 15 train batch=385/500 elapsed=311.6s
epoch 15 train batch=385/500 elapsed=312.4s loss=0.8395 time=0.0317 stft=1.3220
epoch 15 train batch=390/500 elapsed=315.6s
epoch 15 train batch=390/500 elapsed=316.5s loss=0.8394 time=0.0316 stft=1.3215
epoch 15 train batch=395/500 elapsed=319.7s
epoch 15 train batch=395/500 elapsed=320.5s loss=0.8362 time=0.0318 stft=1.3145
epoch 15 train batch=400/500 elapsed=323.8s
epoch 15 train batch=400/500 elapsed=324.6s loss=0.8363 time=0.0318 stft=1.3147
epoch 15 train batch=405/500 elapsed=327.8s
epoch 15 train batch=405/500 elapsed=328.6s loss=0.8359 time=0.0319 stft=1.3137
epoch 15 train batch=410/500 elapsed=331.9s
epoch 15 train batch=410/500 elapsed=332.7s loss=0.8337 time=0.0320 stft=1.3083
epoch 15 train batch=415/500 elapsed=336.0s
epoch 15 train batch=415/500 elapsed=336.8s loss=0.8360 time=0.0320 stft=1.3135
epoch 15 train batch=420/500 elapsed=340.0s
epoch 15 train batch=420/500 elapsed=340.8s loss=0.8352 time=0.0320 stft=1.3121
epoch 15 train batch=425/500 elapsed=344.1s
epoch 15 train batch=425/500 elapsed=344.9s loss=0.8314 time=0.0320 stft=1.3050
epoch 15 train batch=430/500 elapsed=348.1s
epoch 15 train batch=430/500 elapsed=349.0s loss=0.8295 time=0.0320 stft=1.3005
epoch 15 train batch=435/500 elapsed=352.2s
epoch 15 train batch=435/500 elapsed=353.0s loss=0.8264 time=0.0319 stft=1.2942
epoch 15 train batch=440/500 elapsed=356.3s
epoch 15 train batch=440/500 elapsed=357.1s loss=0.8230 time=0.0318 stft=1.2879
epoch 15 train batch=445/500 elapsed=360.4s
epoch 15 train batch=445/500 elapsed=361.2s loss=0.8204 time=0.0319 stft=1.2826
epoch 15 train batch=450/500 elapsed=364.4s
epoch 15 train batch=450/500 elapsed=365.2s loss=0.8213 time=0.0319 stft=1.2848
epoch 15 train batch=455/500 elapsed=368.5s
epoch 15 train batch=455/500 elapsed=369.3s loss=0.8206 time=0.0319 stft=1.2839
epoch 15 train batch=460/500 elapsed=372.5s
epoch 15 train batch=460/500 elapsed=373.3s loss=0.8179 time=0.0318 stft=1.2785
epoch 15 train batch=465/500 elapsed=376.6s
epoch 15 train batch=465/500 elapsed=377.4s loss=0.8156 time=0.0318 stft=1.2741
epoch 15 train batch=470/500 elapsed=380.7s
epoch 15 train batch=470/500 elapsed=381.5s loss=0.8184 time=0.0318 stft=1.2802
epoch 15 train batch=475/500 elapsed=384.7s
epoch 15 train batch=475/500 elapsed=385.6s loss=0.8160 time=0.0319 stft=1.2752
epoch 15 train batch=480/500 elapsed=388.8s
epoch 15 train batch=480/500 elapsed=389.6s loss=0.8145 time=0.0319 stft=1.2717
epoch 15 train batch=485/500 elapsed=392.9s
epoch 15 train batch=485/500 elapsed=393.7s loss=0.8118 time=0.0319 stft=1.2664
epoch 15 train batch=490/500 elapsed=396.9s
epoch 15 train batch=490/500 elapsed=397.7s loss=0.8143 time=0.0318 stft=1.2716
epoch 15 train batch=495/500 elapsed=401.0s
epoch 15 train batch=495/500 elapsed=401.8s loss=0.8147 time=0.0318 stft=1.2725
epoch 15 train batch=500/500 elapsed=405.1s
epoch 15 train batch=500/500 elapsed=405.9s loss=0.8164 time=0.0317 stft=1.2763
valid started total=20
valid batch=5/20 elapsed=1.1s
valid batch=10/20 elapsed=2.4s
valid batch=15/20 elapsed=3.8s
valid batch=20/20 elapsed=5.1s
epoch=15 train_loss=0.8378 valid_loss=1.4909 valid_si_sdr=-39.14dB
epoch 16 train started total=500
epoch 16 train batch=5/500 elapsed=3.3s
epoch 16 train batch=5/500 elapsed=4.1s loss=1.2316 time=0.0298 stft=2.1336
epoch 16 train batch=10/500 elapsed=7.3s
epoch 16 train batch=10/500 elapsed=8.2s loss=1.1604 time=0.0333 stft=1.9799
epoch 16 train batch=15/500 elapsed=11.4s
epoch 16 train batch=15/500 elapsed=12.2s loss=1.0757 time=0.0352 stft=1.7969
epoch 16 train batch=20/500 elapsed=15.5s
epoch 16 train batch=20/500 elapsed=16.3s loss=0.9543 time=0.0368 stft=1.5574
epoch 16 train batch=25/500 elapsed=19.6s
epoch 16 train batch=25/500 elapsed=20.4s loss=0.9854 time=0.0353 stft=1.6243
epoch 16 train batch=30/500 elapsed=23.6s
epoch 16 train batch=30/500 elapsed=24.4s loss=0.9633 time=0.0346 stft=1.5750
epoch 16 train batch=35/500 elapsed=27.7s
epoch 16 train batch=35/500 elapsed=28.5s loss=1.0367 time=0.0338 stft=1.7268
epoch 16 train batch=40/500 elapsed=31.8s
epoch 16 train batch=40/500 elapsed=32.6s loss=1.0095 time=0.0320 stft=1.6764
epoch 16 train batch=45/500 elapsed=35.8s
epoch 16 train batch=45/500 elapsed=36.7s loss=0.9683 time=0.0321 stft=1.5812
epoch 16 train batch=50/500 elapsed=39.9s
epoch 16 train batch=50/500 elapsed=40.7s loss=0.9502 time=0.0326 stft=1.5449
epoch 16 train batch=55/500 elapsed=44.0s
epoch 16 train batch=55/500 elapsed=44.8s loss=0.9811 time=0.0320 stft=1.6099
epoch 16 train batch=60/500 elapsed=48.1s
epoch 16 train batch=60/500 elapsed=48.9s loss=0.9483 time=0.0311 stft=1.5494
epoch 16 train batch=65/500 elapsed=52.1s
epoch 16 train batch=65/500 elapsed=53.0s loss=0.9197 time=0.0313 stft=1.4899
epoch 16 train batch=70/500 elapsed=56.2s
epoch 16 train batch=70/500 elapsed=57.0s loss=0.9269 time=0.0314 stft=1.5039
epoch 16 train batch=75/500 elapsed=60.3s
epoch 16 train batch=75/500 elapsed=61.1s loss=0.9208 time=0.0316 stft=1.4903
epoch 16 train batch=80/500 elapsed=64.4s
epoch 16 train batch=80/500 elapsed=65.2s loss=0.9268 time=0.0315 stft=1.5024
epoch 16 train batch=85/500 elapsed=68.4s
epoch 16 train batch=85/500 elapsed=69.2s loss=0.9329 time=0.0312 stft=1.5150
epoch 16 train batch=90/500 elapsed=72.5s
epoch 16 train batch=90/500 elapsed=73.3s loss=0.9462 time=0.0312 stft=1.5400
epoch 16 train batch=95/500 elapsed=76.6s
epoch 16 train batch=95/500 elapsed=77.4s loss=0.9642 time=0.0306 stft=1.5796
epoch 16 train batch=100/500 elapsed=80.6s
epoch 16 train batch=100/500 elapsed=81.5s loss=0.9644 time=0.0310 stft=1.5760
epoch 16 train batch=105/500 elapsed=84.7s
epoch 16 train batch=105/500 elapsed=85.5s loss=0.9553 time=0.0309 stft=1.5557
epoch 16 train batch=110/500 elapsed=88.8s
epoch 16 train batch=110/500 elapsed=89.6s loss=0.9469 time=0.0309 stft=1.5400
epoch 16 train batch=115/500 elapsed=92.9s
epoch 16 train batch=115/500 elapsed=93.7s loss=0.9315 time=0.0310 stft=1.5075
epoch 16 train batch=120/500 elapsed=96.9s
epoch 16 train batch=120/500 elapsed=97.7s loss=0.9559 time=0.0306 stft=1.5585
epoch 16 train batch=125/500 elapsed=101.0s
epoch 16 train batch=125/500 elapsed=101.8s loss=0.9674 time=0.0306 stft=1.5788
epoch 16 train batch=130/500 elapsed=105.1s
epoch 16 train batch=130/500 elapsed=105.9s loss=0.9547 time=0.0310 stft=1.5503
epoch 16 train batch=135/500 elapsed=109.2s
epoch 16 train batch=135/500 elapsed=110.0s loss=0.9399 time=0.0313 stft=1.5205
epoch 16 train batch=140/500 elapsed=113.2s
epoch 16 train batch=140/500 elapsed=114.0s loss=0.9436 time=0.0311 stft=1.5292
epoch 16 train batch=145/500 elapsed=117.3s
epoch 16 train batch=145/500 elapsed=118.1s loss=0.9517 time=0.0307 stft=1.5490
epoch 16 train batch=150/500 elapsed=121.4s
epoch 16 train batch=150/500 elapsed=122.2s loss=0.9500 time=0.0313 stft=1.5427
epoch 16 train batch=155/500 elapsed=125.4s
epoch 16 train batch=155/500 elapsed=126.2s loss=0.9413 time=0.0317 stft=1.5242
epoch 16 train batch=160/500 elapsed=129.5s
epoch 16 train batch=160/500 elapsed=130.3s loss=0.9303 time=0.0316 stft=1.5023
epoch 16 train batch=165/500 elapsed=133.6s
epoch 16 train batch=165/500 elapsed=134.4s loss=0.9260 time=0.0319 stft=1.4940
epoch 16 train batch=170/500 elapsed=137.6s
epoch 16 train batch=170/500 elapsed=138.4s loss=0.9217 time=0.0318 stft=1.4845
epoch 16 train batch=175/500 elapsed=141.7s
epoch 16 train batch=175/500 elapsed=142.5s loss=0.9246 time=0.0318 stft=1.4905
epoch 16 train batch=180/500 elapsed=145.8s
epoch 16 train batch=180/500 elapsed=146.6s loss=0.9266 time=0.0318 stft=1.4939
epoch 16 train batch=185/500 elapsed=149.8s
epoch 16 train batch=185/500 elapsed=150.7s loss=0.9232 time=0.0319 stft=1.4872
epoch 16 train batch=190/500 elapsed=153.9s
epoch 16 train batch=190/500 elapsed=154.7s loss=0.9136 time=0.0321 stft=1.4668
epoch 16 train batch=195/500 elapsed=158.0s
epoch 16 train batch=195/500 elapsed=158.8s loss=0.9108 time=0.0320 stft=1.4620
epoch 16 train batch=200/500 elapsed=162.0s
epoch 16 train batch=200/500 elapsed=162.9s loss=0.9083 time=0.0318 stft=1.4591
epoch 16 train batch=205/500 elapsed=166.1s
epoch 16 train batch=205/500 elapsed=166.9s loss=0.8998 time=0.0319 stft=1.4423
epoch 16 train batch=210/500 elapsed=170.2s
epoch 16 train batch=210/500 elapsed=171.0s loss=0.8924 time=0.0322 stft=1.4272
epoch 16 train batch=215/500 elapsed=174.2s
epoch 16 train batch=215/500 elapsed=175.0s loss=0.8951 time=0.0321 stft=1.4338
epoch 16 train batch=220/500 elapsed=178.3s
epoch 16 train batch=220/500 elapsed=179.1s loss=0.8874 time=0.0320 stft=1.4184
epoch 16 train batch=225/500 elapsed=182.4s
epoch 16 train batch=225/500 elapsed=183.2s loss=0.8856 time=0.0321 stft=1.4151
epoch 16 train batch=230/500 elapsed=186.4s
epoch 16 train batch=230/500 elapsed=187.2s loss=0.8830 time=0.0320 stft=1.4112
epoch 16 train batch=235/500 elapsed=190.5s
epoch 16 train batch=235/500 elapsed=191.3s loss=0.8903 time=0.0322 stft=1.4256
epoch 16 train batch=240/500 elapsed=194.5s
epoch 16 train batch=240/500 elapsed=195.3s loss=0.8827 time=0.0320 stft=1.4112
epoch 16 train batch=245/500 elapsed=198.6s
epoch 16 train batch=245/500 elapsed=199.4s loss=0.8850 time=0.0320 stft=1.4156
epoch 16 train batch=250/500 elapsed=202.7s
epoch 16 train batch=250/500 elapsed=203.5s loss=0.8804 time=0.0321 stft=1.4048
epoch 16 train batch=255/500 elapsed=206.7s
epoch 16 train batch=255/500 elapsed=207.5s loss=0.8748 time=0.0323 stft=1.3929
epoch 16 train batch=260/500 elapsed=210.8s
epoch 16 train batch=260/500 elapsed=211.6s loss=0.8804 time=0.0323 stft=1.4040
epoch 16 train batch=265/500 elapsed=214.9s
epoch 16 train batch=265/500 elapsed=215.7s loss=0.8874 time=0.0323 stft=1.4181
epoch 16 train batch=270/500 elapsed=218.9s
epoch 16 train batch=270/500 elapsed=219.7s loss=0.8825 time=0.0323 stft=1.4079
epoch 16 train batch=275/500 elapsed=223.0s
epoch 16 train batch=275/500 elapsed=223.8s loss=0.8881 time=0.0322 stft=1.4199
epoch 16 train batch=280/500 elapsed=227.1s
epoch 16 train batch=280/500 elapsed=227.9s loss=0.8862 time=0.0322 stft=1.4163
epoch 16 train batch=285/500 elapsed=231.2s
epoch 16 train batch=285/500 elapsed=232.0s loss=0.8805 time=0.0322 stft=1.4044
epoch 16 train batch=290/500 elapsed=235.2s
epoch 16 train batch=290/500 elapsed=236.0s loss=0.8759 time=0.0322 stft=1.3949
epoch 16 train batch=295/500 elapsed=239.3s
epoch 16 train batch=295/500 elapsed=240.1s loss=0.8860 time=0.0321 stft=1.4157
epoch 16 train batch=300/500 elapsed=243.4s
epoch 16 train batch=300/500 elapsed=244.2s loss=0.8934 time=0.0320 stft=1.4305
epoch 16 train batch=305/500 elapsed=247.4s
epoch 16 train batch=305/500 elapsed=248.2s loss=0.8944 time=0.0319 stft=1.4335
epoch 16 train batch=310/500 elapsed=251.5s
epoch 16 train batch=310/500 elapsed=252.3s loss=0.8941 time=0.0318 stft=1.4332
epoch 16 train batch=315/500 elapsed=255.6s
epoch 16 train batch=315/500 elapsed=256.4s loss=0.8947 time=0.0316 stft=1.4358
epoch 16 train batch=320/500 elapsed=259.6s
epoch 16 train batch=320/500 elapsed=260.5s loss=0.8893 time=0.0316 stft=1.4254
epoch 16 train batch=325/500 elapsed=263.7s
epoch 16 train batch=325/500 elapsed=264.5s loss=0.8891 time=0.0315 stft=1.4256
epoch 16 train batch=330/500 elapsed=267.8s
epoch 16 train batch=330/500 elapsed=268.6s loss=0.8856 time=0.0316 stft=1.4180
epoch 16 train batch=335/500 elapsed=271.8s
epoch 16 train batch=335/500 elapsed=272.7s loss=0.8852 time=0.0316 stft=1.4176
epoch 16 train batch=340/500 elapsed=275.9s
epoch 16 train batch=340/500 elapsed=276.7s loss=0.8844 time=0.0316 stft=1.4160
epoch 16 train batch=345/500 elapsed=280.0s
epoch 16 train batch=345/500 elapsed=280.8s loss=0.8825 time=0.0315 stft=1.4126
epoch 16 train batch=350/500 elapsed=284.1s
epoch 16 train batch=350/500 elapsed=284.9s loss=0.8781 time=0.0314 stft=1.4042
epoch 16 train batch=355/500 elapsed=288.1s
epoch 16 train batch=355/500 elapsed=288.9s loss=0.8795 time=0.0314 stft=1.4076
epoch 16 train batch=360/500 elapsed=292.2s
epoch 16 train batch=360/500 elapsed=293.0s loss=0.8895 time=0.0315 stft=1.4275
epoch 16 train batch=365/500 elapsed=296.2s
epoch 16 train batch=365/500 elapsed=297.1s loss=0.8903 time=0.0315 stft=1.4292
epoch 16 train batch=370/500 elapsed=300.3s
epoch 16 train batch=370/500 elapsed=301.1s loss=0.8948 time=0.0315 stft=1.4381
epoch 16 train batch=375/500 elapsed=304.4s
epoch 16 train batch=375/500 elapsed=305.2s loss=0.8984 time=0.0313 stft=1.4461
epoch 16 train batch=380/500 elapsed=308.4s
epoch 16 train batch=380/500 elapsed=309.3s loss=0.8933 time=0.0312 stft=1.4368
epoch 16 train batch=385/500 elapsed=312.5s
epoch 16 train batch=385/500 elapsed=313.3s loss=0.8890 time=0.0310 stft=1.4295
epoch 16 train batch=390/500 elapsed=316.6s
epoch 16 train batch=390/500 elapsed=317.4s loss=0.8849 time=0.0311 stft=1.4208
epoch 16 train batch=395/500 elapsed=320.6s
epoch 16 train batch=395/500 elapsed=321.5s loss=0.8812 time=0.0311 stft=1.4136
epoch 16 train batch=400/500 elapsed=324.7s
epoch 16 train batch=400/500 elapsed=325.5s loss=0.8783 time=0.0312 stft=1.4073
epoch 16 train batch=405/500 elapsed=328.8s
epoch 16 train batch=405/500 elapsed=329.6s loss=0.8782 time=0.0313 stft=1.4068
epoch 16 train batch=410/500 elapsed=332.8s
epoch 16 train batch=410/500 elapsed=333.7s loss=0.8780 time=0.0314 stft=1.4058
epoch 16 train batch=415/500 elapsed=336.9s
epoch 16 train batch=415/500 elapsed=337.7s loss=0.8797 time=0.0312 stft=1.4100
epoch 16 train batch=420/500 elapsed=341.0s
epoch 16 train batch=420/500 elapsed=341.8s loss=0.8822 time=0.0314 stft=1.4141
epoch 16 train batch=425/500 elapsed=345.1s
epoch 16 train batch=425/500 elapsed=345.9s loss=0.8923 time=0.0313 stft=1.4345
epoch 16 train batch=430/500 elapsed=349.1s
epoch 16 train batch=430/500 elapsed=349.9s loss=0.8912 time=0.0312 stft=1.4317
epoch 16 train batch=435/500 elapsed=353.2s
epoch 16 train batch=435/500 elapsed=354.0s loss=0.8884 time=0.0314 stft=1.4252
epoch 16 train batch=440/500 elapsed=357.2s
epoch 16 train batch=440/500 elapsed=358.0s loss=0.8865 time=0.0316 stft=1.4207
epoch 16 train batch=445/500 elapsed=361.3s
epoch 16 train batch=445/500 elapsed=362.1s loss=0.8835 time=0.0317 stft=1.4145
epoch 16 train batch=450/500 elapsed=365.4s
epoch 16 train batch=450/500 elapsed=366.2s loss=0.8840 time=0.0316 stft=1.4157
epoch 16 train batch=455/500 elapsed=369.4s
epoch 16 train batch=455/500 elapsed=370.2s loss=0.8825 time=0.0317 stft=1.4123
epoch 16 train batch=460/500 elapsed=373.5s
epoch 16 train batch=460/500 elapsed=374.3s loss=0.8819 time=0.0317 stft=1.4107
epoch 16 train batch=465/500 elapsed=377.6s
epoch 16 train batch=465/500 elapsed=378.4s loss=0.8780 time=0.0317 stft=1.4035
epoch 16 train batch=470/500 elapsed=381.6s
epoch 16 train batch=470/500 elapsed=382.4s loss=0.8740 time=0.0316 stft=1.3957
epoch 16 train batch=475/500 elapsed=385.7s
epoch 16 train batch=475/500 elapsed=386.5s loss=0.8741 time=0.0317 stft=1.3960
epoch 16 train batch=480/500 elapsed=389.7s
epoch 16 train batch=480/500 elapsed=390.6s loss=0.8766 time=0.0317 stft=1.4009
epoch 16 train batch=485/500 elapsed=393.8s
epoch 16 train batch=485/500 elapsed=394.6s loss=0.8782 time=0.0317 stft=1.4042
epoch 16 train batch=490/500 elapsed=397.9s
epoch 16 train batch=490/500 elapsed=398.7s loss=0.8755 time=0.0317 stft=1.3985
epoch 16 train batch=495/500 elapsed=401.9s
epoch 16 train batch=495/500 elapsed=402.8s loss=0.8729 time=0.0317 stft=1.3936
epoch 16 train batch=500/500 elapsed=406.0s
epoch 16 train batch=500/500 elapsed=406.8s loss=0.8730 time=0.0318 stft=1.3937
valid started total=20
valid batch=5/20 elapsed=1.1s
valid batch=10/20 elapsed=2.4s
valid batch=15/20 elapsed=3.8s
valid batch=20/20 elapsed=5.1s
epoch=16 train_loss=0.8666 valid_loss=1.4696 valid_si_sdr=-38.55dB
epoch 17 train started total=500
epoch 17 train batch=5/500 elapsed=3.3s
epoch 17 train batch=5/500 elapsed=4.1s loss=0.5677 time=0.0391 stft=0.7449
epoch 17 train batch=10/500 elapsed=7.4s
epoch 17 train batch=10/500 elapsed=8.2s loss=0.5592 time=0.0372 stft=0.7621
epoch 17 train batch=15/500 elapsed=11.4s
epoch 17 train batch=15/500 elapsed=12.2s loss=0.6692 time=0.0355 stft=0.9799
epoch 17 train batch=20/500 elapsed=15.5s
epoch 17 train batch=20/500 elapsed=16.3s loss=0.7498 time=0.0345 stft=1.1392
epoch 17 train batch=25/500 elapsed=19.5s
epoch 17 train batch=25/500 elapsed=20.3s loss=0.7147 time=0.0349 stft=1.0712
epoch 17 train batch=30/500 elapsed=23.6s
epoch 17 train batch=30/500 elapsed=24.4s loss=0.7505 time=0.0342 stft=1.1407
epoch 17 train batch=35/500 elapsed=27.7s
epoch 17 train batch=35/500 elapsed=28.5s loss=0.7730 time=0.0325 stft=1.1912
epoch 17 train batch=40/500 elapsed=31.7s
epoch 17 train batch=40/500 elapsed=32.5s loss=0.7583 time=0.0334 stft=1.1469
epoch 17 train batch=45/500 elapsed=35.8s
epoch 17 train batch=45/500 elapsed=36.6s loss=0.8068 time=0.0324 stft=1.2529
epoch 17 train batch=50/500 elapsed=39.9s
epoch 17 train batch=50/500 elapsed=40.7s loss=0.7829 time=0.0331 stft=1.2041
epoch 17 train batch=55/500 elapsed=43.9s
epoch 17 train batch=55/500 elapsed=44.7s loss=0.7579 time=0.0325 stft=1.1564
epoch 17 train batch=60/500 elapsed=48.0s
epoch 17 train batch=60/500 elapsed=48.8s loss=0.7653 time=0.0321 stft=1.1732
epoch 17 train batch=65/500 elapsed=52.0s
epoch 17 train batch=65/500 elapsed=52.8s loss=0.7890 time=0.0315 stft=1.2182
epoch 17 train batch=70/500 elapsed=56.1s
epoch 17 train batch=70/500 elapsed=56.9s loss=0.8136 time=0.0317 stft=1.2681
epoch 17 train batch=75/500 elapsed=60.2s
epoch 17 train batch=75/500 elapsed=61.0s loss=0.8065 time=0.0322 stft=1.2493
epoch 17 train batch=80/500 elapsed=64.2s
epoch 17 train batch=80/500 elapsed=65.1s loss=0.7883 time=0.0321 stft=1.2158
epoch 17 train batch=85/500 elapsed=68.3s
epoch 17 train batch=85/500 elapsed=69.1s loss=0.7745 time=0.0320 stft=1.1891
epoch 17 train batch=90/500 elapsed=72.4s
epoch 17 train batch=90/500 elapsed=73.2s loss=0.7703 time=0.0318 stft=1.1825
epoch 17 train batch=95/500 elapsed=76.4s
epoch 17 train batch=95/500 elapsed=77.3s loss=0.7762 time=0.0314 stft=1.1984
epoch 17 train batch=100/500 elapsed=80.5s
epoch 17 train batch=100/500 elapsed=81.3s loss=0.7898 time=0.0316 stft=1.2239
epoch 17 train batch=105/500 elapsed=84.6s
epoch 17 train batch=105/500 elapsed=85.4s loss=0.7877 time=0.0316 stft=1.2233
epoch 17 train batch=110/500 elapsed=88.7s
epoch 17 train batch=110/500 elapsed=89.5s loss=0.7868 time=0.0315 stft=1.2224
epoch 17 train batch=115/500 elapsed=92.7s
epoch 17 train batch=115/500 elapsed=93.5s loss=0.7747 time=0.0310 stft=1.2010
epoch 17 train batch=120/500 elapsed=96.8s
epoch 17 train batch=120/500 elapsed=97.6s loss=0.7649 time=0.0311 stft=1.1822
epoch 17 train batch=125/500 elapsed=100.9s
epoch 17 train batch=125/500 elapsed=101.7s loss=0.7554 time=0.0310 stft=1.1647
epoch 17 train batch=130/500 elapsed=104.9s
epoch 17 train batch=130/500 elapsed=105.7s loss=0.7636 time=0.0308 stft=1.1836
epoch 17 train batch=135/500 elapsed=109.0s
epoch 17 train batch=135/500 elapsed=109.8s loss=0.7608 time=0.0310 stft=1.1759
epoch 17 train batch=140/500 elapsed=113.1s
epoch 17 train batch=140/500 elapsed=113.9s loss=0.7643 time=0.0312 stft=1.1797
epoch 17 train batch=145/500 elapsed=117.1s
epoch 17 train batch=145/500 elapsed=117.9s loss=0.7704 time=0.0312 stft=1.1938
epoch 17 train batch=150/500 elapsed=121.2s
epoch 17 train batch=150/500 elapsed=122.0s loss=0.7791 time=0.0312 stft=1.2117
epoch 17 train batch=155/500 elapsed=125.2s
epoch 17 train batch=155/500 elapsed=126.0s loss=0.7731 time=0.0313 stft=1.1980
epoch 17 train batch=160/500 elapsed=129.3s
epoch 17 train batch=160/500 elapsed=130.1s loss=0.7658 time=0.0315 stft=1.1824
epoch 17 train batch=165/500 elapsed=133.3s
epoch 17 train batch=165/500 elapsed=134.2s loss=0.7841 time=0.0310 stft=1.2214
epoch 17 train batch=170/500 elapsed=137.4s
epoch 17 train batch=170/500 elapsed=138.2s loss=0.7819 time=0.0309 stft=1.2181
epoch 17 train batch=175/500 elapsed=141.5s
epoch 17 train batch=175/500 elapsed=142.3s loss=0.7821 time=0.0309 stft=1.2180
epoch 17 train batch=180/500 elapsed=145.5s
epoch 17 train batch=180/500 elapsed=146.3s loss=0.7923 time=0.0311 stft=1.2378
epoch 17 train batch=185/500 elapsed=149.6s
epoch 17 train batch=185/500 elapsed=150.4s loss=0.7963 time=0.0313 stft=1.2452
epoch 17 train batch=190/500 elapsed=153.6s
epoch 17 train batch=190/500 elapsed=154.4s loss=0.8065 time=0.0314 stft=1.2646
epoch 17 train batch=195/500 elapsed=157.7s
epoch 17 train batch=195/500 elapsed=158.5s loss=0.8012 time=0.0316 stft=1.2530
epoch 17 train batch=200/500 elapsed=161.7s
epoch 17 train batch=200/500 elapsed=162.6s loss=0.8033 time=0.0313 stft=1.2587
epoch 17 train batch=205/500 elapsed=165.8s
epoch 17 train batch=205/500 elapsed=166.6s loss=0.7982 time=0.0316 stft=1.2480
epoch 17 train batch=210/500 elapsed=169.8s
epoch 17 train batch=210/500 elapsed=170.6s loss=0.7941 time=0.0317 stft=1.2395
epoch 17 train batch=215/500 elapsed=173.9s
epoch 17 train batch=215/500 elapsed=174.7s loss=0.7874 time=0.0315 stft=1.2283
epoch 17 train batch=220/500 elapsed=177.9s
epoch 17 train batch=220/500 elapsed=178.7s loss=0.7820 time=0.0315 stft=1.2177
epoch 17 train batch=225/500 elapsed=182.0s
epoch 17 train batch=225/500 elapsed=182.8s loss=0.7820 time=0.0315 stft=1.2165
epoch 17 train batch=230/500 elapsed=186.0s
epoch 17 train batch=230/500 elapsed=186.8s loss=0.7826 time=0.0316 stft=1.2167
epoch 17 train batch=235/500 elapsed=190.1s
epoch 17 train batch=235/500 elapsed=190.9s loss=0.7781 time=0.0316 stft=1.2069
epoch 17 train batch=240/500 elapsed=194.1s
epoch 17 train batch=240/500 elapsed=194.9s loss=0.7792 time=0.0317 stft=1.2089
epoch 17 train batch=245/500 elapsed=198.2s
epoch 17 train batch=245/500 elapsed=199.0s loss=0.7745 time=0.0317 stft=1.2006
epoch 17 train batch=250/500 elapsed=202.2s
epoch 17 train batch=250/500 elapsed=203.0s loss=0.7748 time=0.0318 stft=1.2004
epoch 17 train batch=255/500 elapsed=206.3s
epoch 17 train batch=255/500 elapsed=207.1s loss=0.7705 time=0.0318 stft=1.1920
epoch 17 train batch=260/500 elapsed=210.4s
epoch 17 train batch=260/500 elapsed=211.2s loss=0.7707 time=0.0319 stft=1.1921
epoch 17 train batch=265/500 elapsed=214.4s
epoch 17 train batch=265/500 elapsed=215.2s loss=0.7784 time=0.0318 stft=1.2085
epoch 17 train batch=270/500 elapsed=218.4s
epoch 17 train batch=270/500 elapsed=219.3s loss=0.7757 time=0.0316 stft=1.2042
epoch 17 train batch=275/500 elapsed=222.5s
epoch 17 train batch=275/500 elapsed=223.3s loss=0.7761 time=0.0316 stft=1.2047
epoch 17 train batch=280/500 elapsed=226.6s
epoch 17 train batch=280/500 elapsed=227.4s loss=0.7724 time=0.0315 stft=1.1975
epoch 17 train batch=285/500 elapsed=230.6s
epoch 17 train batch=285/500 elapsed=231.4s loss=0.7718 time=0.0313 stft=1.1971
epoch 17 train batch=290/500 elapsed=234.7s
epoch 17 train batch=290/500 elapsed=235.5s loss=0.7687 time=0.0315 stft=1.1899
epoch 17 train batch=295/500 elapsed=238.7s
epoch 17 train batch=295/500 elapsed=239.5s loss=0.7722 time=0.0314 stft=1.1979
epoch 17 train batch=300/500 elapsed=242.8s
epoch 17 train batch=300/500 elapsed=243.6s loss=0.7781 time=0.0313 stft=1.2102
epoch 17 train batch=305/500 elapsed=246.8s
epoch 17 train batch=305/500 elapsed=247.6s loss=0.7826 time=0.0313 stft=1.2188
epoch 17 train batch=310/500 elapsed=250.9s
epoch 17 train batch=310/500 elapsed=251.7s loss=0.7834 time=0.0312 stft=1.2206
epoch 17 train batch=315/500 elapsed=254.9s
epoch 17 train batch=315/500 elapsed=255.7s loss=0.7925 time=0.0312 stft=1.2379
epoch 17 train batch=320/500 elapsed=259.0s
epoch 17 train batch=320/500 elapsed=259.8s loss=0.7986 time=0.0312 stft=1.2503
epoch 17 train batch=325/500 elapsed=263.0s
epoch 17 train batch=325/500 elapsed=263.8s loss=0.8063 time=0.0311 stft=1.2671
epoch 17 train batch=330/500 elapsed=267.1s
epoch 17 train batch=330/500 elapsed=267.9s loss=0.8105 time=0.0309 stft=1.2766
epoch 17 train batch=335/500 elapsed=271.1s
epoch 17 train batch=335/500 elapsed=271.9s loss=0.8138 time=0.0309 stft=1.2837
epoch 17 train batch=340/500 elapsed=275.1s
epoch 17 train batch=340/500 elapsed=276.0s loss=0.8131 time=0.0309 stft=1.2821
epoch 17 train batch=345/500 elapsed=279.2s
epoch 17 train batch=345/500 elapsed=280.0s loss=0.8083 time=0.0309 stft=1.2733
epoch 17 train batch=350/500 elapsed=283.2s
epoch 17 train batch=350/500 elapsed=284.1s loss=0.8105 time=0.0307 stft=1.2776
epoch 17 train batch=355/500 elapsed=287.3s
epoch 17 train batch=355/500 elapsed=288.1s loss=0.8131 time=0.0308 stft=1.2822
epoch 17 train batch=360/500 elapsed=291.3s
epoch 17 train batch=360/500 elapsed=292.1s loss=0.8184 time=0.0308 stft=1.2928
epoch 17 train batch=365/500 elapsed=295.4s
epoch 17 train batch=365/500 elapsed=296.2s loss=0.8145 time=0.0307 stft=1.2847
epoch 17 train batch=370/500 elapsed=299.4s
epoch 17 train batch=370/500 elapsed=300.2s loss=0.8154 time=0.0307 stft=1.2859
epoch 17 train batch=375/500 elapsed=303.5s
epoch 17 train batch=375/500 elapsed=304.3s loss=0.8116 time=0.0307 stft=1.2791
epoch 17 train batch=380/500 elapsed=307.5s
epoch 17 train batch=380/500 elapsed=308.3s loss=0.8093 time=0.0308 stft=1.2740
epoch 17 train batch=385/500 elapsed=311.6s
epoch 17 train batch=385/500 elapsed=312.4s loss=0.8123 time=0.0307 stft=1.2806
epoch 17 train batch=390/500 elapsed=315.6s
epoch 17 train batch=390/500 elapsed=316.4s loss=0.8226 time=0.0306 stft=1.3014
epoch 17 train batch=395/500 elapsed=319.6s
epoch 17 train batch=395/500 elapsed=320.5s loss=0.8233 time=0.0306 stft=1.3023
epoch 17 train batch=400/500 elapsed=323.7s
epoch 17 train batch=400/500 elapsed=324.5s loss=0.8199 time=0.0307 stft=1.2954
epoch 17 train batch=405/500 elapsed=327.8s
epoch 17 train batch=405/500 elapsed=328.6s loss=0.8223 time=0.0306 stft=1.3007
epoch 17 train batch=410/500 elapsed=331.8s
epoch 17 train batch=410/500 elapsed=332.6s loss=0.8194 time=0.0306 stft=1.2944
epoch 17 train batch=415/500 elapsed=335.8s
epoch 17 train batch=415/500 elapsed=336.6s loss=0.8210 time=0.0306 stft=1.2977
epoch 17 train batch=420/500 elapsed=339.9s
epoch 17 train batch=420/500 elapsed=340.7s loss=0.8181 time=0.0307 stft=1.2916
epoch 17 train batch=425/500 elapsed=343.9s
epoch 17 train batch=425/500 elapsed=344.7s loss=0.8225 time=0.0307 stft=1.3003
epoch 17 train batch=430/500 elapsed=348.0s
epoch 17 train batch=430/500 elapsed=348.8s loss=0.8286 time=0.0306 stft=1.3123
epoch 17 train batch=435/500 elapsed=352.0s
epoch 17 train batch=435/500 elapsed=352.8s loss=0.8295 time=0.0307 stft=1.3145
epoch 17 train batch=440/500 elapsed=356.1s
epoch 17 train batch=440/500 elapsed=356.9s loss=0.8299 time=0.0307 stft=1.3152
epoch 17 train batch=445/500 elapsed=360.1s
epoch 17 train batch=445/500 elapsed=360.9s loss=0.8319 time=0.0306 stft=1.3195
epoch 17 train batch=450/500 elapsed=364.2s
epoch 17 train batch=450/500 elapsed=365.0s loss=0.8314 time=0.0307 stft=1.3182
epoch 17 train batch=455/500 elapsed=368.2s
epoch 17 train batch=455/500 elapsed=369.0s loss=0.8307 time=0.0308 stft=1.3165
epoch 17 train batch=460/500 elapsed=372.3s
epoch 17 train batch=460/500 elapsed=373.1s loss=0.8281 time=0.0308 stft=1.3112
epoch 17 train batch=465/500 elapsed=376.3s
epoch 17 train batch=465/500 elapsed=377.1s loss=0.8255 time=0.0309 stft=1.3055
epoch 17 train batch=470/500 elapsed=380.4s
epoch 17 train batch=470/500 elapsed=381.2s loss=0.8221 time=0.0308 stft=1.2993
epoch 17 train batch=475/500 elapsed=384.4s
epoch 17 train batch=475/500 elapsed=385.2s loss=0.8244 time=0.0308 stft=1.3037
epoch 17 train batch=480/500 elapsed=388.5s
epoch 17 train batch=480/500 elapsed=389.3s loss=0.8223 time=0.0311 stft=1.2989
epoch 17 train batch=485/500 elapsed=392.5s
epoch 17 train batch=485/500 elapsed=393.3s loss=0.8216 time=0.0310 stft=1.2975
epoch 17 train batch=490/500 elapsed=396.6s
epoch 17 train batch=490/500 elapsed=397.4s loss=0.8194 time=0.0310 stft=1.2926
epoch 17 train batch=495/500 elapsed=400.6s
epoch 17 train batch=495/500 elapsed=401.4s loss=0.8169 time=0.0311 stft=1.2870
epoch 17 train batch=500/500 elapsed=404.7s
epoch 17 train batch=500/500 elapsed=405.5s loss=0.8144 time=0.0311 stft=1.2822
valid started total=20
valid batch=5/20 elapsed=1.1s
valid batch=10/20 elapsed=2.4s
valid batch=15/20 elapsed=3.8s
valid batch=20/20 elapsed=5.1s
epoch=17 train_loss=0.8351 valid_loss=1.4719 valid_si_sdr=-38.11dB
epoch 18 train started total=500
epoch 18 train batch=5/500 elapsed=3.3s
epoch 18 train batch=5/500 elapsed=4.1s loss=0.8572 time=0.0302 stft=1.3854
epoch 18 train batch=10/500 elapsed=7.3s
epoch 18 train batch=10/500 elapsed=8.1s loss=0.9143 time=0.0343 stft=1.5147
epoch 18 train batch=15/500 elapsed=11.4s
epoch 18 train batch=15/500 elapsed=12.2s loss=0.8531 time=0.0326 stft=1.3876
epoch 18 train batch=20/500 elapsed=15.4s
epoch 18 train batch=20/500 elapsed=16.2s loss=0.8244 time=0.0307 stft=1.3264
epoch 18 train batch=25/500 elapsed=19.5s
epoch 18 train batch=25/500 elapsed=20.3s loss=0.9001 time=0.0303 stft=1.4848
epoch 18 train batch=30/500 elapsed=23.5s
epoch 18 train batch=30/500 elapsed=24.3s loss=0.9940 time=0.0300 stft=1.6736
epoch 18 train batch=35/500 elapsed=27.6s
epoch 18 train batch=35/500 elapsed=28.4s loss=0.9893 time=0.0290 stft=1.6665
epoch 18 train batch=40/500 elapsed=31.6s
epoch 18 train batch=40/500 elapsed=32.5s loss=0.9868 time=0.0282 stft=1.6586
epoch 18 train batch=45/500 elapsed=35.7s
epoch 18 train batch=45/500 elapsed=36.5s loss=0.9269 time=0.0278 stft=1.5420
epoch 18 train batch=50/500 elapsed=39.8s
epoch 18 train batch=50/500 elapsed=40.6s loss=0.8881 time=0.0283 stft=1.4584
epoch 18 train batch=55/500 elapsed=43.9s
epoch 18 train batch=55/500 elapsed=44.7s loss=0.8830 time=0.0287 stft=1.4405
epoch 18 train batch=60/500 elapsed=47.9s
epoch 18 train batch=60/500 elapsed=48.7s loss=0.8935 time=0.0288 stft=1.4607
epoch 18 train batch=65/500 elapsed=52.0s
epoch 18 train batch=65/500 elapsed=52.8s loss=0.8946 time=0.0296 stft=1.4573
epoch 18 train batch=70/500 elapsed=56.0s
epoch 18 train batch=70/500 elapsed=56.8s loss=0.8892 time=0.0294 stft=1.4482
epoch 18 train batch=75/500 elapsed=60.1s
epoch 18 train batch=75/500 elapsed=60.9s loss=0.8768 time=0.0288 stft=1.4248
epoch 18 train batch=80/500 elapsed=64.2s
epoch 18 train batch=80/500 elapsed=65.0s loss=0.8559 time=0.0289 stft=1.3826
epoch 18 train batch=85/500 elapsed=68.2s
epoch 18 train batch=85/500 elapsed=69.0s loss=0.8535 time=0.0289 stft=1.3739
epoch 18 train batch=90/500 elapsed=72.3s
epoch 18 train batch=90/500 elapsed=73.1s loss=0.8649 time=0.0293 stft=1.3924
epoch 18 train batch=95/500 elapsed=76.3s
epoch 18 train batch=95/500 elapsed=77.1s loss=0.8587 time=0.0300 stft=1.3733
epoch 18 train batch=100/500 elapsed=80.4s
epoch 18 train batch=100/500 elapsed=81.2s loss=0.8545 time=0.0305 stft=1.3620
epoch 18 train batch=105/500 elapsed=84.5s
epoch 18 train batch=105/500 elapsed=85.3s loss=0.8489 time=0.0308 stft=1.3511
epoch 18 train batch=110/500 elapsed=88.5s
epoch 18 train batch=110/500 elapsed=89.3s loss=0.8441 time=0.0311 stft=1.3405
epoch 18 train batch=115/500 elapsed=92.6s
epoch 18 train batch=115/500 elapsed=93.4s loss=0.8454 time=0.0316 stft=1.3427
epoch 18 train batch=120/500 elapsed=96.6s
epoch 18 train batch=120/500 elapsed=97.4s loss=0.8328 time=0.0318 stft=1.3168
epoch 18 train batch=125/500 elapsed=100.7s
epoch 18 train batch=125/500 elapsed=101.5s loss=0.8311 time=0.0321 stft=1.3133
epoch 18 train batch=130/500 elapsed=104.8s
epoch 18 train batch=130/500 elapsed=105.6s loss=0.8210 time=0.0319 stft=1.2932
epoch 18 train batch=135/500 elapsed=108.8s
epoch 18 train batch=135/500 elapsed=109.6s loss=0.8121 time=0.0320 stft=1.2756
epoch 18 train batch=140/500 elapsed=112.9s
epoch 18 train batch=140/500 elapsed=113.7s loss=0.8009 time=0.0319 stft=1.2548
epoch 18 train batch=145/500 elapsed=117.0s
epoch 18 train batch=145/500 elapsed=117.8s loss=0.8110 time=0.0314 stft=1.2780
epoch 18 train batch=150/500 elapsed=121.0s
epoch 18 train batch=150/500 elapsed=121.8s loss=0.8162 time=0.0314 stft=1.2888
epoch 18 train batch=155/500 elapsed=125.1s
epoch 18 train batch=155/500 elapsed=125.9s loss=0.8217 time=0.0310 stft=1.3015
epoch 18 train batch=160/500 elapsed=129.1s
epoch 18 train batch=160/500 elapsed=129.9s loss=0.8323 time=0.0312 stft=1.3237
epoch 18 train batch=165/500 elapsed=133.2s
epoch 18 train batch=165/500 elapsed=134.0s loss=0.8368 time=0.0313 stft=1.3324
epoch 18 train batch=170/500 elapsed=137.3s
epoch 18 train batch=170/500 elapsed=138.1s loss=0.8339 time=0.0314 stft=1.3273
epoch 18 train batch=175/500 elapsed=141.3s
epoch 18 train batch=175/500 elapsed=142.1s loss=0.8362 time=0.0310 stft=1.3331
epoch 18 train batch=180/500 elapsed=145.4s
epoch 18 train batch=180/500 elapsed=146.2s loss=0.8381 time=0.0307 stft=1.3380
epoch 18 train batch=185/500 elapsed=149.4s
epoch 18 train batch=185/500 elapsed=150.2s loss=0.8361 time=0.0309 stft=1.3341
epoch 18 train batch=190/500 elapsed=153.5s
epoch 18 train batch=190/500 elapsed=154.3s loss=0.8292 time=0.0310 stft=1.3200
epoch 18 train batch=195/500 elapsed=157.5s
epoch 18 train batch=195/500 elapsed=158.4s loss=0.8235 time=0.0312 stft=1.3065
epoch 18 train batch=200/500 elapsed=161.6s
epoch 18 train batch=200/500 elapsed=162.4s loss=0.8271 time=0.0311 stft=1.3145
epoch 18 train batch=205/500 elapsed=165.7s
epoch 18 train batch=205/500 elapsed=166.5s loss=0.8349 time=0.0309 stft=1.3323
epoch 18 train batch=210/500 elapsed=169.7s
epoch 18 train batch=210/500 elapsed=170.5s loss=0.8286 time=0.0310 stft=1.3182
epoch 18 train batch=215/500 elapsed=173.8s
epoch 18 train batch=215/500 elapsed=174.6s loss=0.8330 time=0.0312 stft=1.3264
epoch 18 train batch=220/500 elapsed=177.9s
epoch 18 train batch=220/500 elapsed=178.7s loss=0.8329 time=0.0312 stft=1.3263
epoch 18 train batch=225/500 elapsed=181.9s
epoch 18 train batch=225/500 elapsed=182.7s loss=0.8286 time=0.0310 stft=1.3184
epoch 18 train batch=230/500 elapsed=186.0s
epoch 18 train batch=230/500 elapsed=186.8s loss=0.8321 time=0.0308 stft=1.3265
epoch 18 train batch=235/500 elapsed=190.1s
epoch 18 train batch=235/500 elapsed=190.9s loss=0.8330 time=0.0310 stft=1.3277
epoch 18 train batch=240/500 elapsed=194.1s
epoch 18 train batch=240/500 elapsed=194.9s loss=0.8278 time=0.0309 stft=1.3171
epoch 18 train batch=245/500 elapsed=198.2s
epoch 18 train batch=245/500 elapsed=199.0s loss=0.8273 time=0.0309 stft=1.3166
epoch 18 train batch=250/500 elapsed=202.3s
epoch 18 train batch=250/500 elapsed=203.1s loss=0.8355 time=0.0310 stft=1.3325
epoch 18 train batch=255/500 elapsed=206.3s
epoch 18 train batch=255/500 elapsed=207.1s loss=0.8412 time=0.0310 stft=1.3428
epoch 18 train batch=260/500 elapsed=210.4s
epoch 18 train batch=260/500 elapsed=211.2s loss=0.8491 time=0.0311 stft=1.3573
epoch 18 train batch=265/500 elapsed=214.5s
epoch 18 train batch=265/500 elapsed=215.3s loss=0.8502 time=0.0309 stft=1.3604
epoch 18 train batch=270/500 elapsed=218.5s
epoch 18 train batch=270/500 elapsed=219.3s loss=0.8449 time=0.0310 stft=1.3486
epoch 18 train batch=275/500 elapsed=222.6s
epoch 18 train batch=275/500 elapsed=223.4s loss=0.8477 time=0.0309 stft=1.3551
epoch 18 train batch=280/500 elapsed=226.6s
epoch 18 train batch=280/500 elapsed=227.5s loss=0.8437 time=0.0311 stft=1.3458
epoch 18 train batch=285/500 elapsed=230.7s
epoch 18 train batch=285/500 elapsed=231.5s loss=0.8378 time=0.0310 stft=1.3342
epoch 18 train batch=290/500 elapsed=234.8s
epoch 18 train batch=290/500 elapsed=235.6s loss=0.8447 time=0.0310 stft=1.3484
epoch 18 train batch=295/500 elapsed=238.8s
epoch 18 train batch=295/500 elapsed=239.6s loss=0.8436 time=0.0310 stft=1.3469
epoch 18 train batch=300/500 elapsed=242.9s
epoch 18 train batch=300/500 elapsed=243.7s loss=0.8505 time=0.0308 stft=1.3613
epoch 18 train batch=305/500 elapsed=246.9s
epoch 18 train batch=305/500 elapsed=247.7s loss=0.8494 time=0.0307 stft=1.3596
epoch 18 train batch=310/500 elapsed=251.0s
epoch 18 train batch=310/500 elapsed=251.8s loss=0.8561 time=0.0306 stft=1.3734
epoch 18 train batch=315/500 elapsed=255.0s
epoch 18 train batch=315/500 elapsed=255.9s loss=0.8555 time=0.0305 stft=1.3733
epoch 18 train batch=320/500 elapsed=259.1s
epoch 18 train batch=320/500 elapsed=259.9s loss=0.8596 time=0.0303 stft=1.3820
epoch 18 train batch=325/500 elapsed=263.2s
epoch 18 train batch=325/500 elapsed=264.0s loss=0.8628 time=0.0304 stft=1.3872
epoch 18 train batch=330/500 elapsed=267.2s
epoch 18 train batch=330/500 elapsed=268.0s loss=0.8690 time=0.0306 stft=1.3984
epoch 18 train batch=335/500 elapsed=271.3s
epoch 18 train batch=335/500 elapsed=272.1s loss=0.8704 time=0.0305 stft=1.4011
epoch 18 train batch=340/500 elapsed=275.3s
epoch 18 train batch=340/500 elapsed=276.1s loss=0.8723 time=0.0304 stft=1.4051
epoch 18 train batch=345/500 elapsed=279.4s
epoch 18 train batch=345/500 elapsed=280.2s loss=0.8808 time=0.0302 stft=1.4233
epoch 18 train batch=350/500 elapsed=283.4s
epoch 18 train batch=350/500 elapsed=284.2s loss=0.8792 time=0.0302 stft=1.4202
epoch 18 train batch=355/500 elapsed=287.5s
epoch 18 train batch=355/500 elapsed=288.3s loss=0.8780 time=0.0304 stft=1.4172
epoch 18 train batch=360/500 elapsed=291.5s
epoch 18 train batch=360/500 elapsed=292.3s loss=0.8769 time=0.0305 stft=1.4143
epoch 18 train batch=365/500 elapsed=295.6s
epoch 18 train batch=365/500 elapsed=296.4s loss=0.8754 time=0.0305 stft=1.4113
epoch 18 train batch=370/500 elapsed=299.6s
epoch 18 train batch=370/500 elapsed=300.4s loss=0.8742 time=0.0306 stft=1.4087
epoch 18 train batch=375/500 elapsed=303.7s
epoch 18 train batch=375/500 elapsed=304.5s loss=0.8727 time=0.0307 stft=1.4056
epoch 18 train batch=380/500 elapsed=307.7s
epoch 18 train batch=380/500 elapsed=308.5s loss=0.8685 time=0.0309 stft=1.3966
epoch 18 train batch=385/500 elapsed=311.8s
epoch 18 train batch=385/500 elapsed=312.6s loss=0.8738 time=0.0308 stft=1.4078
epoch 18 train batch=390/500 elapsed=315.8s
epoch 18 train batch=390/500 elapsed=316.6s loss=0.8696 time=0.0308 stft=1.3991
epoch 18 train batch=395/500 elapsed=319.9s
epoch 18 train batch=395/500 elapsed=320.7s loss=0.8771 time=0.0307 stft=1.4153
epoch 18 train batch=400/500 elapsed=323.9s
epoch 18 train batch=400/500 elapsed=324.7s loss=0.8722 time=0.0307 stft=1.4060
epoch 18 train batch=405/500 elapsed=328.0s
epoch 18 train batch=405/500 elapsed=328.8s loss=0.8696 time=0.0305 stft=1.4017
epoch 18 train batch=410/500 elapsed=332.0s
epoch 18 train batch=410/500 elapsed=332.8s loss=0.8650 time=0.0305 stft=1.3929
epoch 18 train batch=415/500 elapsed=336.1s
epoch 18 train batch=415/500 elapsed=336.9s loss=0.8727 time=0.0304 stft=1.4079
epoch 18 train batch=420/500 elapsed=340.1s
epoch 18 train batch=420/500 elapsed=340.9s loss=0.8708 time=0.0305 stft=1.4037
epoch 18 train batch=425/500 elapsed=344.1s
epoch 18 train batch=425/500 elapsed=345.0s loss=0.8695 time=0.0305 stft=1.4009
epoch 18 train batch=430/500 elapsed=348.2s
epoch 18 train batch=430/500 elapsed=349.0s loss=0.8706 time=0.0306 stft=1.4030
epoch 18 train batch=435/500 elapsed=352.3s
epoch 18 train batch=435/500 elapsed=353.1s loss=0.8688 time=0.0307 stft=1.3995
epoch 18 train batch=440/500 elapsed=356.3s
epoch 18 train batch=440/500 elapsed=357.1s loss=0.8676 time=0.0306 stft=1.3966
epoch 18 train batch=445/500 elapsed=360.4s
epoch 18 train batch=445/500 elapsed=361.2s loss=0.8648 time=0.0306 stft=1.3911
epoch 18 train batch=450/500 elapsed=364.4s
epoch 18 train batch=450/500 elapsed=365.2s loss=0.8693 time=0.0305 stft=1.4012
epoch 18 train batch=455/500 elapsed=368.4s
epoch 18 train batch=455/500 elapsed=369.3s loss=0.8664 time=0.0305 stft=1.3952
epoch 18 train batch=460/500 elapsed=372.5s
epoch 18 train batch=460/500 elapsed=373.3s loss=0.8687 time=0.0305 stft=1.3995
epoch 18 train batch=465/500 elapsed=376.6s
epoch 18 train batch=465/500 elapsed=377.4s loss=0.8672 time=0.0304 stft=1.3965
epoch 18 train batch=470/500 elapsed=380.6s
epoch 18 train batch=470/500 elapsed=381.4s loss=0.8675 time=0.0305 stft=1.3964
epoch 18 train batch=475/500 elapsed=384.6s
epoch 18 train batch=475/500 elapsed=385.4s loss=0.8666 time=0.0306 stft=1.3941
epoch 18 train batch=480/500 elapsed=388.7s
epoch 18 train batch=480/500 elapsed=389.5s loss=0.8666 time=0.0307 stft=1.3940
epoch 18 train batch=485/500 elapsed=392.7s
epoch 18 train batch=485/500 elapsed=393.5s loss=0.8636 time=0.0308 stft=1.3873
epoch 18 train batch=490/500 elapsed=396.7s
epoch 18 train batch=490/500 elapsed=397.5s loss=0.8675 time=0.0308 stft=1.3947
epoch 18 train batch=495/500 elapsed=400.8s
epoch 18 train batch=495/500 elapsed=401.6s loss=0.8658 time=0.0309 stft=1.3901
epoch 18 train batch=500/500 elapsed=404.8s
epoch 18 train batch=500/500 elapsed=405.6s loss=0.8670 time=0.0309 stft=1.3922
valid started total=20
valid batch=5/20 elapsed=1.1s
valid batch=10/20 elapsed=2.4s
valid batch=15/20 elapsed=3.8s
valid batch=20/20 elapsed=5.1s
epoch=18 train_loss=0.8489 valid_loss=1.4696 valid_si_sdr=-37.84dB
epoch 19 train started total=500
epoch 19 train batch=5/500 elapsed=3.3s
epoch 19 train batch=5/500 elapsed=4.1s loss=0.5348 time=0.0273 stft=0.7212
epoch 19 train batch=10/500 elapsed=7.3s
epoch 19 train batch=10/500 elapsed=8.1s loss=0.6616 time=0.0270 stft=0.9775
epoch 19 train batch=15/500 elapsed=11.4s
epoch 19 train batch=15/500 elapsed=12.2s loss=0.9678 time=0.0284 stft=1.5831
epoch 19 train batch=20/500 elapsed=15.4s
epoch 19 train batch=20/500 elapsed=16.2s loss=0.9809 time=0.0307 stft=1.6084
epoch 19 train batch=25/500 elapsed=19.5s
epoch 19 train batch=25/500 elapsed=20.3s loss=0.9353 time=0.0318 stft=1.5199
epoch 19 train batch=30/500 elapsed=23.5s
epoch 19 train batch=30/500 elapsed=24.3s loss=0.8667 time=0.0323 stft=1.3850
epoch 19 train batch=35/500 elapsed=27.6s
epoch 19 train batch=35/500 elapsed=28.4s loss=0.8142 time=0.0314 stft=1.2818
epoch 19 train batch=40/500 elapsed=31.6s
epoch 19 train batch=40/500 elapsed=32.4s loss=0.8069 time=0.0322 stft=1.2681
epoch 19 train batch=45/500 elapsed=35.7s
epoch 19 train batch=45/500 elapsed=36.5s loss=0.8458 time=0.0315 stft=1.3520
epoch 19 train batch=50/500 elapsed=39.8s
epoch 19 train batch=50/500 elapsed=40.6s loss=0.8122 time=0.0308 stft=1.2920
epoch 19 train batch=55/500 elapsed=43.8s
epoch 19 train batch=55/500 elapsed=44.6s loss=0.8115 time=0.0316 stft=1.2886
epoch 19 train batch=60/500 elapsed=47.9s
epoch 19 train batch=60/500 elapsed=48.7s loss=0.8052 time=0.0319 stft=1.2694
epoch 19 train batch=65/500 elapsed=51.9s
epoch 19 train batch=65/500 elapsed=52.7s loss=0.7870 time=0.0325 stft=1.2271
epoch 19 train batch=70/500 elapsed=56.0s
epoch 19 train batch=70/500 elapsed=56.8s loss=0.7700 time=0.0318 stft=1.1941
epoch 19 train batch=75/500 elapsed=60.1s
epoch 19 train batch=75/500 elapsed=60.9s loss=0.7661 time=0.0316 stft=1.1881
epoch 19 train batch=80/500 elapsed=64.1s
epoch 19 train batch=80/500 elapsed=65.0s loss=0.7731 time=0.0325 stft=1.2001
epoch 19 train batch=85/500 elapsed=68.2s
epoch 19 train batch=85/500 elapsed=69.0s loss=0.7567 time=0.0323 stft=1.1688
epoch 19 train batch=90/500 elapsed=72.3s
epoch 19 train batch=90/500 elapsed=73.1s loss=0.7652 time=0.0323 stft=1.1857
epoch 19 train batch=95/500 elapsed=76.3s
epoch 19 train batch=95/500 elapsed=77.1s loss=0.7517 time=0.0322 stft=1.1590
epoch 19 train batch=100/500 elapsed=80.4s
epoch 19 train batch=100/500 elapsed=81.2s loss=0.7436 time=0.0324 stft=1.1434
epoch 19 train batch=105/500 elapsed=84.4s
epoch 19 train batch=105/500 elapsed=85.3s loss=0.7428 time=0.0323 stft=1.1427
epoch 19 train batch=110/500 elapsed=88.5s
epoch 19 train batch=110/500 elapsed=89.3s loss=0.7446 time=0.0322 stft=1.1473
epoch 19 train batch=115/500 elapsed=92.6s
epoch 19 train batch=115/500 elapsed=93.4s loss=0.7582 time=0.0327 stft=1.1725
epoch 19 train batch=120/500 elapsed=96.6s
epoch 19 train batch=120/500 elapsed=97.4s loss=0.7894 time=0.0322 stft=1.2366
epoch 19 train batch=125/500 elapsed=100.6s
epoch 19 train batch=125/500 elapsed=101.5s loss=0.7878 time=0.0324 stft=1.2333
epoch 19 train batch=130/500 elapsed=104.7s
epoch 19 train batch=130/500 elapsed=105.5s loss=0.7821 time=0.0321 stft=1.2242
epoch 19 train batch=135/500 elapsed=108.8s
epoch 19 train batch=135/500 elapsed=109.6s loss=0.7741 time=0.0321 stft=1.2078
epoch 19 train batch=140/500 elapsed=112.8s
epoch 19 train batch=140/500 elapsed=113.6s loss=0.7819 time=0.0318 stft=1.2239
epoch 19 train batch=145/500 elapsed=116.9s
epoch 19 train batch=145/500 elapsed=117.7s loss=0.7803 time=0.0315 stft=1.2223
epoch 19 train batch=150/500 elapsed=120.9s
epoch 19 train batch=150/500 elapsed=121.8s loss=0.7857 time=0.0314 stft=1.2334
epoch 19 train batch=155/500 elapsed=125.0s
epoch 19 train batch=155/500 elapsed=125.8s loss=0.7928 time=0.0314 stft=1.2482
epoch 19 train batch=160/500 elapsed=129.1s
epoch 19 train batch=160/500 elapsed=129.9s loss=0.8204 time=0.0313 stft=1.3014
epoch 19 train batch=165/500 elapsed=133.2s
epoch 19 train batch=165/500 elapsed=134.0s loss=0.8095 time=0.0311 stft=1.2811
epoch 19 train batch=170/500 elapsed=137.2s
epoch 19 train batch=170/500 elapsed=138.0s loss=0.8081 time=0.0311 stft=1.2783
epoch 19 train batch=175/500 elapsed=141.3s
epoch 19 train batch=175/500 elapsed=142.1s loss=0.8207 time=0.0312 stft=1.3035
epoch 19 train batch=180/500 elapsed=145.3s
epoch 19 train batch=180/500 elapsed=146.2s loss=0.8134 time=0.0311 stft=1.2899
epoch 19 train batch=185/500 elapsed=149.4s
epoch 19 train batch=185/500 elapsed=150.2s loss=0.8114 time=0.0312 stft=1.2868
epoch 19 train batch=190/500 elapsed=153.5s
epoch 19 train batch=190/500 elapsed=154.3s loss=0.8047 time=0.0316 stft=1.2718
epoch 19 train batch=195/500 elapsed=157.6s
epoch 19 train batch=195/500 elapsed=158.4s loss=0.8157 time=0.0315 stft=1.2947
epoch 19 train batch=200/500 elapsed=161.6s
epoch 19 train batch=200/500 elapsed=162.4s loss=0.8241 time=0.0314 stft=1.3109
epoch 19 train batch=205/500 elapsed=165.7s
epoch 19 train batch=205/500 elapsed=166.5s loss=0.8268 time=0.0316 stft=1.3160
epoch 19 train batch=210/500 elapsed=169.8s
epoch 19 train batch=210/500 elapsed=170.6s loss=0.8237 time=0.0314 stft=1.3113
epoch 19 train batch=215/500 elapsed=173.8s
epoch 19 train batch=215/500 elapsed=174.6s loss=0.8360 time=0.0314 stft=1.3363
epoch 19 train batch=220/500 elapsed=177.9s
epoch 19 train batch=220/500 elapsed=178.7s loss=0.8470 time=0.0313 stft=1.3589
epoch 19 train batch=225/500 elapsed=181.9s
epoch 19 train batch=225/500 elapsed=182.8s loss=0.8403 time=0.0312 stft=1.3463
epoch 19 train batch=230/500 elapsed=186.0s
epoch 19 train batch=230/500 elapsed=186.8s loss=0.8426 time=0.0310 stft=1.3521
epoch 19 train batch=235/500 elapsed=190.1s
epoch 19 train batch=235/500 elapsed=190.9s loss=0.8363 time=0.0309 stft=1.3389
epoch 19 train batch=240/500 elapsed=194.1s
epoch 19 train batch=240/500 elapsed=194.9s loss=0.8345 time=0.0311 stft=1.3342
epoch 19 train batch=245/500 elapsed=198.2s
epoch 19 train batch=245/500 elapsed=199.0s loss=0.8274 time=0.0310 stft=1.3205
epoch 19 train batch=250/500 elapsed=202.3s
epoch 19 train batch=250/500 elapsed=203.1s loss=0.8234 time=0.0310 stft=1.3124
epoch 19 train batch=255/500 elapsed=206.3s
epoch 19 train batch=255/500 elapsed=207.1s loss=0.8215 time=0.0311 stft=1.3089
epoch 19 train batch=260/500 elapsed=210.4s
epoch 19 train batch=260/500 elapsed=211.2s loss=0.8227 time=0.0311 stft=1.3107
epoch 19 train batch=265/500 elapsed=214.5s
epoch 19 train batch=265/500 elapsed=215.3s loss=0.8178 time=0.0312 stft=1.3005
epoch 19 train batch=270/500 elapsed=218.5s
epoch 19 train batch=270/500 elapsed=219.3s loss=0.8189 time=0.0310 stft=1.3040
epoch 19 train batch=275/500 elapsed=222.6s
epoch 19 train batch=275/500 elapsed=223.4s loss=0.8224 time=0.0310 stft=1.3105
epoch 19 train batch=280/500 elapsed=226.7s
epoch 19 train batch=280/500 elapsed=227.5s loss=0.8212 time=0.0311 stft=1.3078
epoch 19 train batch=285/500 elapsed=230.7s
epoch 19 train batch=285/500 elapsed=231.5s loss=0.8233 time=0.0311 stft=1.3126
epoch 19 train batch=290/500 elapsed=234.8s
epoch 19 train batch=290/500 elapsed=235.6s loss=0.8186 time=0.0311 stft=1.3026
epoch 19 train batch=295/500 elapsed=238.9s
epoch 19 train batch=295/500 elapsed=239.7s loss=0.8192 time=0.0311 stft=1.3031
epoch 19 train batch=300/500 elapsed=242.9s
epoch 19 train batch=300/500 elapsed=243.8s loss=0.8196 time=0.0311 stft=1.3038
epoch 19 train batch=305/500 elapsed=247.0s
epoch 19 train batch=305/500 elapsed=247.8s loss=0.8188 time=0.0310 stft=1.3026
epoch 19 train batch=310/500 elapsed=251.1s
epoch 19 train batch=310/500 elapsed=251.9s loss=0.8152 time=0.0311 stft=1.2944
epoch 19 train batch=315/500 elapsed=255.1s
epoch 19 train batch=315/500 elapsed=255.9s loss=0.8103 time=0.0311 stft=1.2848
epoch 19 train batch=320/500 elapsed=259.2s
epoch 19 train batch=320/500 elapsed=260.0s loss=0.8092 time=0.0311 stft=1.2825
epoch 19 train batch=325/500 elapsed=263.3s
epoch 19 train batch=325/500 elapsed=264.1s loss=0.8119 time=0.0311 stft=1.2877
epoch 19 train batch=330/500 elapsed=267.3s
epoch 19 train batch=330/500 elapsed=268.1s loss=0.8128 time=0.0311 stft=1.2905
epoch 19 train batch=335/500 elapsed=271.3s
epoch 19 train batch=335/500 elapsed=272.1s loss=0.8178 time=0.0310 stft=1.3003
epoch 19 train batch=340/500 elapsed=275.4s
epoch 19 train batch=340/500 elapsed=276.2s loss=0.8149 time=0.0310 stft=1.2941
epoch 19 train batch=345/500 elapsed=279.4s
epoch 19 train batch=345/500 elapsed=280.2s loss=0.8129 time=0.0312 stft=1.2894
epoch 19 train batch=350/500 elapsed=283.5s
epoch 19 train batch=350/500 elapsed=284.3s loss=0.8131 time=0.0313 stft=1.2884
epoch 19 train batch=355/500 elapsed=287.6s
epoch 19 train batch=355/500 elapsed=288.4s loss=0.8092 time=0.0315 stft=1.2797
epoch 19 train batch=360/500 elapsed=291.6s
epoch 19 train batch=360/500 elapsed=292.4s loss=0.8078 time=0.0314 stft=1.2769
epoch 19 train batch=365/500 elapsed=295.7s
epoch 19 train batch=365/500 elapsed=296.5s loss=0.8060 time=0.0313 stft=1.2741
epoch 19 train batch=370/500 elapsed=299.7s
epoch 19 train batch=370/500 elapsed=300.5s loss=0.8036 time=0.0315 stft=1.2680
epoch 19 train batch=375/500 elapsed=303.8s
epoch 19 train batch=375/500 elapsed=304.6s loss=0.7996 time=0.0316 stft=1.2600
epoch 19 train batch=380/500 elapsed=307.8s
epoch 19 train batch=380/500 elapsed=308.7s loss=0.8027 time=0.0316 stft=1.2665
epoch 19 train batch=385/500 elapsed=311.9s
epoch 19 train batch=385/500 elapsed=312.7s loss=0.8027 time=0.0318 stft=1.2655
epoch 19 train batch=390/500 elapsed=316.0s
epoch 19 train batch=390/500 elapsed=316.8s loss=0.8035 time=0.0320 stft=1.2664
epoch 19 train batch=395/500 elapsed=320.0s
epoch 19 train batch=395/500 elapsed=320.8s loss=0.8035 time=0.0321 stft=1.2665
epoch 19 train batch=400/500 elapsed=324.1s
epoch 19 train batch=400/500 elapsed=324.9s loss=0.7999 time=0.0320 stft=1.2599
epoch 19 train batch=405/500 elapsed=328.1s
epoch 19 train batch=405/500 elapsed=328.9s loss=0.8016 time=0.0319 stft=1.2642
epoch 19 train batch=410/500 elapsed=332.2s
epoch 19 train batch=410/500 elapsed=333.0s loss=0.8062 time=0.0318 stft=1.2729
epoch 19 train batch=415/500 elapsed=336.2s
epoch 19 train batch=415/500 elapsed=337.0s loss=0.8086 time=0.0318 stft=1.2777
epoch 19 train batch=420/500 elapsed=340.3s
epoch 19 train batch=420/500 elapsed=341.1s loss=0.8078 time=0.0317 stft=1.2769
epoch 19 train batch=425/500 elapsed=344.3s
epoch 19 train batch=425/500 elapsed=345.1s loss=0.8077 time=0.0315 stft=1.2773
epoch 19 train batch=430/500 elapsed=348.4s
epoch 19 train batch=430/500 elapsed=349.2s loss=0.8042 time=0.0315 stft=1.2702
epoch 19 train batch=435/500 elapsed=352.4s
epoch 19 train batch=435/500 elapsed=353.2s loss=0.8016 time=0.0317 stft=1.2641
epoch 19 train batch=440/500 elapsed=356.5s
epoch 19 train batch=440/500 elapsed=357.3s loss=0.7986 time=0.0317 stft=1.2577
epoch 19 train batch=445/500 elapsed=360.5s
epoch 19 train batch=445/500 elapsed=361.4s loss=0.7979 time=0.0317 stft=1.2564
epoch 19 train batch=450/500 elapsed=364.6s
epoch 19 train batch=450/500 elapsed=365.4s loss=0.7947 time=0.0318 stft=1.2501
epoch 19 train batch=455/500 elapsed=368.6s
epoch 19 train batch=455/500 elapsed=369.4s loss=0.7990 time=0.0317 stft=1.2592
epoch 19 train batch=460/500 elapsed=372.7s
epoch 19 train batch=460/500 elapsed=373.5s loss=0.7981 time=0.0317 stft=1.2581
epoch 19 train batch=465/500 elapsed=376.7s
epoch 19 train batch=465/500 elapsed=377.5s loss=0.7962 time=0.0317 stft=1.2543
epoch 19 train batch=470/500 elapsed=380.8s
epoch 19 train batch=470/500 elapsed=381.6s loss=0.7926 time=0.0316 stft=1.2477
epoch 19 train batch=475/500 elapsed=384.8s
epoch 19 train batch=475/500 elapsed=385.6s loss=0.7902 time=0.0317 stft=1.2425
epoch 19 train batch=480/500 elapsed=388.9s
epoch 19 train batch=480/500 elapsed=389.7s loss=0.7925 time=0.0317 stft=1.2467
epoch 19 train batch=485/500 elapsed=392.9s
epoch 19 train batch=485/500 elapsed=393.7s loss=0.7992 time=0.0315 stft=1.2605
epoch 19 train batch=490/500 elapsed=397.0s
epoch 19 train batch=490/500 elapsed=397.8s loss=0.8010 time=0.0315 stft=1.2639
epoch 19 train batch=495/500 elapsed=401.0s
epoch 19 train batch=495/500 elapsed=401.8s loss=0.7995 time=0.0317 stft=1.2600
epoch 19 train batch=500/500 elapsed=405.0s
epoch 19 train batch=500/500 elapsed=405.9s loss=0.7988 time=0.0316 stft=1.2587
valid started total=20
valid batch=5/20 elapsed=1.1s
valid batch=10/20 elapsed=2.4s
valid batch=15/20 elapsed=3.8s
valid batch=20/20 elapsed=5.1s
epoch=19 train_loss=0.8182 valid_loss=1.4692 valid_si_sdr=-37.59dB
epoch 20 train started total=500
epoch 20 train batch=5/500 elapsed=3.3s
epoch 20 train batch=5/500 elapsed=4.1s loss=0.7221 time=0.0264 stft=1.1423
epoch 20 train batch=10/500 elapsed=7.3s
epoch 20 train batch=10/500 elapsed=8.1s loss=0.8581 time=0.0306 stft=1.3741
epoch 20 train batch=15/500 elapsed=11.4s
epoch 20 train batch=15/500 elapsed=12.2s loss=0.7643 time=0.0309 stft=1.1740
epoch 20 train batch=20/500 elapsed=15.4s
epoch 20 train batch=20/500 elapsed=16.2s loss=0.8240 time=0.0319 stft=1.3003
epoch 20 train batch=25/500 elapsed=19.5s
epoch 20 train batch=25/500 elapsed=20.2s loss=0.8536 time=0.0319 stft=1.3584
epoch 20 train batch=30/500 elapsed=23.5s
epoch 20 train batch=30/500 elapsed=24.3s loss=0.9026 time=0.0318 stft=1.4569
epoch 20 train batch=35/500 elapsed=27.5s
epoch 20 train batch=35/500 elapsed=28.3s loss=0.8548 time=0.0319 stft=1.3627
epoch 20 train batch=40/500 elapsed=31.6s
epoch 20 train batch=40/500 elapsed=32.4s loss=0.8630 time=0.0331 stft=1.3751
epoch 20 train batch=45/500 elapsed=35.6s
epoch 20 train batch=45/500 elapsed=36.4s loss=0.8751 time=0.0324 stft=1.4040
epoch 20 train batch=50/500 elapsed=39.7s
epoch 20 train batch=50/500 elapsed=40.5s loss=0.8402 time=0.0329 stft=1.3321
epoch 20 train batch=55/500 elapsed=43.7s
epoch 20 train batch=55/500 elapsed=44.5s loss=0.8606 time=0.0323 stft=1.3755
epoch 20 train batch=60/500 elapsed=47.7s
epoch 20 train batch=60/500 elapsed=48.5s loss=0.8516 time=0.0318 stft=1.3579
epoch 20 train batch=65/500 elapsed=51.8s
epoch 20 train batch=65/500 elapsed=52.6s loss=0.8307 time=0.0319 stft=1.3121
epoch 20 train batch=70/500 elapsed=55.8s
epoch 20 train batch=70/500 elapsed=56.6s loss=0.8226 time=0.0316 stft=1.2964
epoch 20 train batch=75/500 elapsed=59.9s
epoch 20 train batch=75/500 elapsed=60.7s loss=0.8111 time=0.0317 stft=1.2743
epoch 20 train batch=80/500 elapsed=63.9s
epoch 20 train batch=80/500 elapsed=64.7s loss=0.7990 time=0.0323 stft=1.2461
epoch 20 train batch=85/500 elapsed=68.0s
epoch 20 train batch=85/500 elapsed=68.8s loss=0.7853 time=0.0319 stft=1.2179
epoch 20 train batch=90/500 elapsed=72.0s
epoch 20 train batch=90/500 elapsed=72.8s loss=0.8056 time=0.0314 stft=1.2583
epoch 20 train batch=95/500 elapsed=76.0s
epoch 20 train batch=95/500 elapsed=76.9s loss=0.8085 time=0.0308 stft=1.2687
epoch 20 train batch=100/500 elapsed=80.1s
epoch 20 train batch=100/500 elapsed=80.9s loss=0.7973 time=0.0309 stft=1.2455
epoch 20 train batch=105/500 elapsed=84.1s
epoch 20 train batch=105/500 elapsed=85.0s loss=0.7945 time=0.0308 stft=1.2412
epoch 20 train batch=110/500 elapsed=88.2s
epoch 20 train batch=110/500 elapsed=89.0s loss=0.8009 time=0.0303 stft=1.2554
epoch 20 train batch=115/500 elapsed=92.2s
epoch 20 train batch=115/500 elapsed=93.0s loss=0.7889 time=0.0300 stft=1.2324
epoch 20 train batch=120/500 elapsed=96.3s
epoch 20 train batch=120/500 elapsed=97.1s loss=0.7963 time=0.0300 stft=1.2476
epoch 20 train batch=125/500 elapsed=100.4s
epoch 20 train batch=125/500 elapsed=101.2s loss=0.8152 time=0.0300 stft=1.2851
epoch 20 train batch=130/500 elapsed=104.4s
epoch 20 train batch=130/500 elapsed=105.2s loss=0.8087 time=0.0298 stft=1.2751
epoch 20 train batch=135/500 elapsed=108.5s
epoch 20 train batch=135/500 elapsed=109.3s loss=0.8070 time=0.0297 stft=1.2728
epoch 20 train batch=140/500 elapsed=112.5s
epoch 20 train batch=140/500 elapsed=113.3s loss=0.7965 time=0.0302 stft=1.2512
epoch 20 train batch=145/500 elapsed=116.6s
epoch 20 train batch=145/500 elapsed=117.4s loss=0.7930 time=0.0301 stft=1.2474
epoch 20 train batch=150/500 elapsed=120.6s
epoch 20 train batch=150/500 elapsed=121.4s loss=0.7971 time=0.0299 stft=1.2581
epoch 20 train batch=155/500 elapsed=124.7s
epoch 20 train batch=155/500 elapsed=125.5s loss=0.8322 time=0.0296 stft=1.3313
epoch 20 train batch=160/500 elapsed=128.8s
epoch 20 train batch=160/500 elapsed=129.6s loss=0.8230 time=0.0296 stft=1.3122
epoch 20 train batch=165/500 elapsed=132.8s
epoch 20 train batch=165/500 elapsed=133.7s loss=0.8174 time=0.0299 stft=1.3003
epoch 20 train batch=170/500 elapsed=136.9s
epoch 20 train batch=170/500 elapsed=137.7s loss=0.8250 time=0.0298 stft=1.3144
epoch 20 train batch=175/500 elapsed=141.0s
epoch 20 train batch=175/500 elapsed=141.8s loss=0.8408 time=0.0297 stft=1.3472
epoch 20 train batch=180/500 elapsed=145.0s
epoch 20 train batch=180/500 elapsed=145.8s loss=0.8391 time=0.0298 stft=1.3435
epoch 20 train batch=185/500 elapsed=149.1s
epoch 20 train batch=185/500 elapsed=149.9s loss=0.8315 time=0.0297 stft=1.3292
epoch 20 train batch=190/500 elapsed=153.1s
epoch 20 train batch=190/500 elapsed=153.9s loss=0.8412 time=0.0297 stft=1.3476
epoch 20 train batch=195/500 elapsed=157.2s
epoch 20 train batch=195/500 elapsed=158.0s loss=0.8385 time=0.0296 stft=1.3427
epoch 20 train batch=200/500 elapsed=161.3s
epoch 20 train batch=200/500 elapsed=162.1s loss=0.8363 time=0.0296 stft=1.3389
epoch 20 train batch=205/500 elapsed=165.3s
epoch 20 train batch=205/500 elapsed=166.1s loss=0.8295 time=0.0298 stft=1.3252
epoch 20 train batch=210/500 elapsed=169.4s
epoch 20 train batch=210/500 elapsed=170.2s loss=0.8382 time=0.0299 stft=1.3413
epoch 20 train batch=215/500 elapsed=173.4s
epoch 20 train batch=215/500 elapsed=174.2s loss=0.8445 time=0.0297 stft=1.3543
epoch 20 train batch=220/500 elapsed=177.5s
epoch 20 train batch=220/500 elapsed=178.3s loss=0.8471 time=0.0297 stft=1.3605
epoch 20 train batch=225/500 elapsed=181.6s
epoch 20 train batch=225/500 elapsed=182.4s loss=0.8504 time=0.0297 stft=1.3653
epoch 20 train batch=230/500 elapsed=185.6s
epoch 20 train batch=230/500 elapsed=186.5s loss=0.8458 time=0.0299 stft=1.3539
epoch 20 train batch=235/500 elapsed=189.7s
epoch 20 train batch=235/500 elapsed=190.5s loss=0.8572 time=0.0300 stft=1.3747
epoch 20 train batch=240/500 elapsed=193.8s
epoch 20 train batch=240/500 elapsed=194.6s loss=0.8621 time=0.0301 stft=1.3813
epoch 20 train batch=245/500 elapsed=197.8s
epoch 20 train batch=245/500 elapsed=198.6s loss=0.8626 time=0.0301 stft=1.3802
epoch 20 train batch=250/500 elapsed=201.9s
epoch 20 train batch=250/500 elapsed=202.7s loss=0.8558 time=0.0303 stft=1.3664
epoch 20 train batch=255/500 elapsed=206.0s
epoch 20 train batch=255/500 elapsed=206.8s loss=0.8584 time=0.0301 stft=1.3723
epoch 20 train batch=260/500 elapsed=210.0s
epoch 20 train batch=260/500 elapsed=210.8s loss=0.8595 time=0.0302 stft=1.3723
epoch 20 train batch=265/500 elapsed=214.1s
epoch 20 train batch=265/500 elapsed=214.9s loss=0.8749 time=0.0302 stft=1.4031
epoch 20 train batch=270/500 elapsed=218.1s
epoch 20 train batch=270/500 elapsed=219.0s loss=0.8777 time=0.0304 stft=1.4084
epoch 20 train batch=275/500 elapsed=222.2s
epoch 20 train batch=275/500 elapsed=223.0s loss=0.8834 time=0.0301 stft=1.4211
epoch 20 train batch=280/500 elapsed=226.3s
epoch 20 train batch=280/500 elapsed=227.1s loss=0.8779 time=0.0301 stft=1.4101
epoch 20 train batch=285/500 elapsed=230.4s
epoch 20 train batch=285/500 elapsed=231.2s loss=0.8737 time=0.0303 stft=1.4003
epoch 20 train batch=290/500 elapsed=234.4s
epoch 20 train batch=290/500 elapsed=235.2s loss=0.8681 time=0.0303 stft=1.3888
epoch 20 train batch=295/500 elapsed=238.5s
epoch 20 train batch=295/500 elapsed=239.3s loss=0.8744 time=0.0304 stft=1.4006
epoch 20 train batch=300/500 elapsed=242.5s
epoch 20 train batch=300/500 elapsed=243.3s loss=0.8751 time=0.0303 stft=1.4026
epoch 20 train batch=305/500 elapsed=246.6s
epoch 20 train batch=305/500 elapsed=247.4s loss=0.8770 time=0.0304 stft=1.4064
epoch 20 train batch=310/500 elapsed=250.7s
epoch 20 train batch=310/500 elapsed=251.5s loss=0.8769 time=0.0303 stft=1.4066
epoch 20 train batch=315/500 elapsed=254.7s
epoch 20 train batch=315/500 elapsed=255.5s loss=0.8789 time=0.0304 stft=1.4109
epoch 20 train batch=320/500 elapsed=258.8s
epoch 20 train batch=320/500 elapsed=259.6s loss=0.8817 time=0.0305 stft=1.4163
epoch 20 train batch=325/500 elapsed=262.9s
epoch 20 train batch=325/500 elapsed=263.7s loss=0.8831 time=0.0305 stft=1.4194
epoch 20 train batch=330/500 elapsed=266.9s
epoch 20 train batch=330/500 elapsed=267.7s loss=0.8906 time=0.0304 stft=1.4352
epoch 20 train batch=335/500 elapsed=271.0s
epoch 20 train batch=335/500 elapsed=271.8s loss=0.8855 time=0.0305 stft=1.4250
epoch 20 train batch=340/500 elapsed=275.0s
epoch 20 train batch=340/500 elapsed=275.8s loss=0.8850 time=0.0305 stft=1.4233
epoch 20 train batch=345/500 elapsed=279.1s
epoch 20 train batch=345/500 elapsed=279.9s loss=0.8869 time=0.0306 stft=1.4270
epoch 20 train batch=350/500 elapsed=283.1s
epoch 20 train batch=350/500 elapsed=283.9s loss=0.8850 time=0.0308 stft=1.4225
epoch 20 train batch=355/500 elapsed=287.2s
epoch 20 train batch=355/500 elapsed=288.0s loss=0.8799 time=0.0309 stft=1.4122
epoch 20 train batch=360/500 elapsed=291.3s
epoch 20 train batch=360/500 elapsed=292.1s loss=0.8787 time=0.0311 stft=1.4095
epoch 20 train batch=365/500 elapsed=295.3s
epoch 20 train batch=365/500 elapsed=296.1s loss=0.8818 time=0.0311 stft=1.4161
epoch 20 train batch=370/500 elapsed=299.4s
epoch 20 train batch=370/500 elapsed=300.2s loss=0.8799 time=0.0310 stft=1.4129
epoch 20 train batch=375/500 elapsed=303.4s
epoch 20 train batch=375/500 elapsed=304.2s loss=0.8815 time=0.0308 stft=1.4172
epoch 20 train batch=380/500 elapsed=307.5s
epoch 20 train batch=380/500 elapsed=308.3s loss=0.8855 time=0.0308 stft=1.4252
epoch 20 train batch=385/500 elapsed=311.5s
epoch 20 train batch=385/500 elapsed=312.3s loss=0.8813 time=0.0310 stft=1.4164
epoch 20 train batch=390/500 elapsed=315.6s
epoch 20 train batch=390/500 elapsed=316.4s loss=0.8792 time=0.0309 stft=1.4131
epoch 20 train batch=395/500 elapsed=319.6s
epoch 20 train batch=395/500 elapsed=320.4s loss=0.8753 time=0.0309 stft=1.4058
epoch 20 train batch=400/500 elapsed=323.7s
epoch 20 train batch=400/500 elapsed=324.5s loss=0.8760 time=0.0309 stft=1.4071
epoch 20 train batch=405/500 elapsed=327.7s
epoch 20 train batch=405/500 elapsed=328.6s loss=0.8729 time=0.0309 stft=1.4008
epoch 20 train batch=410/500 elapsed=331.8s
epoch 20 train batch=410/500 elapsed=332.6s loss=0.8732 time=0.0309 stft=1.4018
epoch 20 train batch=415/500 elapsed=335.9s
epoch 20 train batch=415/500 elapsed=336.7s loss=0.8742 time=0.0309 stft=1.4042
epoch 20 train batch=420/500 elapsed=339.9s
epoch 20 train batch=420/500 elapsed=340.7s loss=0.8736 time=0.0312 stft=1.4021
epoch 20 train batch=425/500 elapsed=344.0s
epoch 20 train batch=425/500 elapsed=344.8s loss=0.8691 time=0.0312 stft=1.3930
epoch 20 train batch=430/500 elapsed=348.0s
epoch 20 train batch=430/500 elapsed=348.8s loss=0.8687 time=0.0312 stft=1.3922
epoch 20 train batch=435/500 elapsed=352.1s
epoch 20 train batch=435/500 elapsed=352.9s loss=0.8681 time=0.0313 stft=1.3909
epoch 20 train batch=440/500 elapsed=356.1s
epoch 20 train batch=440/500 elapsed=356.9s loss=0.8747 time=0.0312 stft=1.4041
epoch 20 train batch=445/500 elapsed=360.2s
epoch 20 train batch=445/500 elapsed=361.0s loss=0.8760 time=0.0312 stft=1.4071
epoch 20 train batch=450/500 elapsed=364.2s
epoch 20 train batch=450/500 elapsed=365.0s loss=0.8754 time=0.0313 stft=1.4057
epoch 20 train batch=455/500 elapsed=368.3s
epoch 20 train batch=455/500 elapsed=369.1s loss=0.8749 time=0.0312 stft=1.4048
epoch 20 train batch=460/500 elapsed=372.3s
epoch 20 train batch=460/500 elapsed=373.1s loss=0.8765 time=0.0312 stft=1.4082
epoch 20 train batch=465/500 elapsed=376.4s
epoch 20 train batch=465/500 elapsed=377.2s loss=0.8779 time=0.0312 stft=1.4096
epoch 20 train batch=470/500 elapsed=380.4s
epoch 20 train batch=470/500 elapsed=381.2s loss=0.8794 time=0.0312 stft=1.4132
epoch 20 train batch=475/500 elapsed=384.5s
epoch 20 train batch=475/500 elapsed=385.3s loss=0.8786 time=0.0313 stft=1.4111
epoch 20 train batch=480/500 elapsed=388.5s
epoch 20 train batch=480/500 elapsed=389.3s loss=0.8842 time=0.0312 stft=1.4234
epoch 20 train batch=485/500 elapsed=392.5s
epoch 20 train batch=485/500 elapsed=393.4s loss=0.8803 time=0.0312 stft=1.4160
epoch 20 train batch=490/500 elapsed=396.6s
epoch 20 train batch=490/500 elapsed=397.4s loss=0.8821 time=0.0311 stft=1.4200
epoch 20 train batch=495/500 elapsed=400.6s
epoch 20 train batch=495/500 elapsed=401.4s loss=0.8811 time=0.0312 stft=1.4179
epoch 20 train batch=500/500 elapsed=404.7s
epoch 20 train batch=500/500 elapsed=405.5s loss=0.8826 time=0.0312 stft=1.4207
valid started total=20
valid batch=5/20 elapsed=1.1s
valid batch=10/20 elapsed=2.4s
valid batch=15/20 elapsed=3.8s
valid batch=20/20 elapsed=5.1s
epoch=20 train_loss=0.8671 valid_loss=1.4528 valid_si_sdr=-37.35dB
epoch 21 train started total=500
epoch 21 train batch=5/500 elapsed=3.3s
epoch 21 train batch=5/500 elapsed=4.1s loss=0.5813 time=0.0385 stft=0.7973
epoch 21 train batch=10/500 elapsed=7.3s
epoch 21 train batch=10/500 elapsed=8.1s loss=0.6092 time=0.0355 stft=0.8435
epoch 21 train batch=15/500 elapsed=11.3s
epoch 21 train batch=15/500 elapsed=12.1s loss=0.6092 time=0.0331 stft=0.8530
epoch 21 train batch=20/500 elapsed=15.4s
epoch 21 train batch=20/500 elapsed=16.2s loss=0.8029 time=0.0347 stft=1.2294
epoch 21 train batch=25/500 elapsed=19.4s
epoch 21 train batch=25/500 elapsed=20.2s loss=0.8191 time=0.0366 stft=1.2623
epoch 21 train batch=30/500 elapsed=23.5s
epoch 21 train batch=30/500 elapsed=24.3s loss=0.8089 time=0.0360 stft=1.2511
epoch 21 train batch=35/500 elapsed=27.5s
epoch 21 train batch=35/500 elapsed=28.3s loss=0.8168 time=0.0354 stft=1.2698
epoch 21 train batch=40/500 elapsed=31.5s
epoch 21 train batch=40/500 elapsed=32.4s loss=0.9051 time=0.0348 stft=1.4478
epoch 21 train batch=45/500 elapsed=35.6s
epoch 21 train batch=45/500 elapsed=36.4s loss=0.8711 time=0.0355 stft=1.3761
epoch 21 train batch=50/500 elapsed=39.6s
epoch 21 train batch=50/500 elapsed=40.4s loss=0.8590 time=0.0360 stft=1.3492
epoch 21 train batch=55/500 elapsed=43.7s
epoch 21 train batch=55/500 elapsed=44.5s loss=0.8579 time=0.0361 stft=1.3427
epoch 21 train batch=60/500 elapsed=47.7s
epoch 21 train batch=60/500 elapsed=48.5s loss=0.8665 time=0.0360 stft=1.3541
epoch 21 train batch=65/500 elapsed=51.8s
epoch 21 train batch=65/500 elapsed=52.6s loss=0.8615 time=0.0355 stft=1.3455
epoch 21 train batch=70/500 elapsed=55.8s
epoch 21 train batch=70/500 elapsed=56.6s loss=0.8701 time=0.0349 stft=1.3658
epoch 21 train batch=75/500 elapsed=59.9s
epoch 21 train batch=75/500 elapsed=60.7s loss=0.8619 time=0.0341 stft=1.3517
epoch 21 train batch=80/500 elapsed=63.9s
epoch 21 train batch=80/500 elapsed=64.8s loss=0.8583 time=0.0335 stft=1.3449
epoch 21 train batch=85/500 elapsed=68.0s
epoch 21 train batch=85/500 elapsed=68.8s loss=0.8595 time=0.0334 stft=1.3473
epoch 21 train batch=90/500 elapsed=72.0s
epoch 21 train batch=90/500 elapsed=72.9s loss=0.8413 time=0.0335 stft=1.3111
epoch 21 train batch=95/500 elapsed=76.1s
epoch 21 train batch=95/500 elapsed=76.9s loss=0.8546 time=0.0336 stft=1.3383
epoch 21 train batch=100/500 elapsed=80.2s
epoch 21 train batch=100/500 elapsed=81.0s loss=0.8662 time=0.0334 stft=1.3624
epoch 21 train batch=105/500 elapsed=84.2s
epoch 21 train batch=105/500 elapsed=85.0s loss=0.8508 time=0.0335 stft=1.3311
epoch 21 train batch=110/500 elapsed=88.3s
epoch 21 train batch=110/500 elapsed=89.1s loss=0.8638 time=0.0334 stft=1.3574
epoch 21 train batch=115/500 elapsed=92.3s
epoch 21 train batch=115/500 elapsed=93.2s loss=0.8711 time=0.0335 stft=1.3719
epoch 21 train batch=120/500 elapsed=96.4s
epoch 21 train batch=120/500 elapsed=97.2s loss=0.8575 time=0.0337 stft=1.3457
epoch 21 train batch=125/500 elapsed=100.5s
epoch 21 train batch=125/500 elapsed=101.3s loss=0.8566 time=0.0341 stft=1.3443
epoch 21 train batch=130/500 elapsed=104.5s
epoch 21 train batch=130/500 elapsed=105.3s loss=0.8691 time=0.0338 stft=1.3716
epoch 21 train batch=135/500 elapsed=108.6s
epoch 21 train batch=135/500 elapsed=109.4s loss=0.8720 time=0.0341 stft=1.3769
epoch 21 train batch=140/500 elapsed=112.6s
epoch 21 train batch=140/500 elapsed=113.4s loss=0.8627 time=0.0341 stft=1.3579
epoch 21 train batch=145/500 elapsed=116.7s
epoch 21 train batch=145/500 elapsed=117.5s loss=0.8507 time=0.0337 stft=1.3348
epoch 21 train batch=150/500 elapsed=120.7s
epoch 21 train batch=150/500 elapsed=121.5s loss=0.8397 time=0.0336 stft=1.3140
epoch 21 train batch=155/500 elapsed=124.8s
epoch 21 train batch=155/500 elapsed=125.6s loss=0.8289 time=0.0336 stft=1.2937
epoch 21 train batch=160/500 elapsed=128.9s
epoch 21 train batch=160/500 elapsed=129.7s loss=0.8294 time=0.0335 stft=1.2966
epoch 21 train batch=165/500 elapsed=132.9s
epoch 21 train batch=165/500 elapsed=133.7s loss=0.8283 time=0.0336 stft=1.2940
epoch 21 train batch=170/500 elapsed=137.0s
epoch 21 train batch=170/500 elapsed=137.8s loss=0.8259 time=0.0335 stft=1.2893
epoch 21 train batch=175/500 elapsed=141.0s
epoch 21 train batch=175/500 elapsed=141.8s loss=0.8262 time=0.0330 stft=1.2923
epoch 21 train batch=180/500 elapsed=145.1s
epoch 21 train batch=180/500 elapsed=145.9s loss=0.8175 time=0.0332 stft=1.2747
epoch 21 train batch=185/500 elapsed=149.1s
epoch 21 train batch=185/500 elapsed=149.9s loss=0.8136 time=0.0329 stft=1.2693
epoch 21 train batch=190/500 elapsed=153.2s
epoch 21 train batch=190/500 elapsed=154.0s loss=0.8086 time=0.0329 stft=1.2594
epoch 21 train batch=195/500 elapsed=157.2s
epoch 21 train batch=195/500 elapsed=158.1s loss=0.8141 time=0.0327 stft=1.2709
epoch 21 train batch=200/500 elapsed=161.3s
epoch 21 train batch=200/500 elapsed=162.1s loss=0.8095 time=0.0324 stft=1.2635
epoch 21 train batch=205/500 elapsed=165.4s
epoch 21 train batch=205/500 elapsed=166.2s loss=0.8073 time=0.0325 stft=1.2593
epoch 21 train batch=210/500 elapsed=169.4s
epoch 21 train batch=210/500 elapsed=170.2s loss=0.8094 time=0.0324 stft=1.2638
epoch 21 train batch=215/500 elapsed=173.4s
epoch 21 train batch=215/500 elapsed=174.3s loss=0.8024 time=0.0325 stft=1.2501
epoch 21 train batch=220/500 elapsed=177.5s
epoch 21 train batch=220/500 elapsed=178.3s loss=0.8027 time=0.0323 stft=1.2511
epoch 21 train batch=225/500 elapsed=181.6s
epoch 21 train batch=225/500 elapsed=182.4s loss=0.8014 time=0.0325 stft=1.2486
epoch 21 train batch=230/500 elapsed=185.6s
epoch 21 train batch=230/500 elapsed=186.4s loss=0.8015 time=0.0327 stft=1.2478
epoch 21 train batch=235/500 elapsed=189.7s
epoch 21 train batch=235/500 elapsed=190.5s loss=0.8054 time=0.0327 stft=1.2557
epoch 21 train batch=240/500 elapsed=193.7s
epoch 21 train batch=240/500 elapsed=194.5s loss=0.8059 time=0.0326 stft=1.2573
epoch 21 train batch=245/500 elapsed=197.8s
epoch 21 train batch=245/500 elapsed=198.6s loss=0.8010 time=0.0329 stft=1.2462
epoch 21 train batch=250/500 elapsed=201.8s
epoch 21 train batch=250/500 elapsed=202.6s loss=0.7997 time=0.0330 stft=1.2446
epoch 21 train batch=255/500 elapsed=205.9s
epoch 21 train batch=255/500 elapsed=206.7s loss=0.8040 time=0.0331 stft=1.2519
epoch 21 train batch=260/500 elapsed=209.9s
epoch 21 train batch=260/500 elapsed=210.7s loss=0.8028 time=0.0330 stft=1.2502
epoch 21 train batch=265/500 elapsed=214.0s
epoch 21 train batch=265/500 elapsed=214.8s loss=0.8097 time=0.0329 stft=1.2644
epoch 21 train batch=270/500 elapsed=218.0s
epoch 21 train batch=270/500 elapsed=218.9s loss=0.8099 time=0.0330 stft=1.2650
epoch 21 train batch=275/500 elapsed=222.1s
epoch 21 train batch=275/500 elapsed=222.9s loss=0.8085 time=0.0330 stft=1.2625
epoch 21 train batch=280/500 elapsed=226.2s
epoch 21 train batch=280/500 elapsed=227.0s loss=0.8077 time=0.0329 stft=1.2614
epoch 21 train batch=285/500 elapsed=230.2s
epoch 21 train batch=285/500 elapsed=231.0s loss=0.8204 time=0.0327 stft=1.2878
epoch 21 train batch=290/500 elapsed=234.3s
epoch 21 train batch=290/500 elapsed=235.1s loss=0.8254 time=0.0326 stft=1.2985
epoch 21 train batch=295/500 elapsed=238.4s
epoch 21 train batch=295/500 elapsed=239.2s loss=0.8206 time=0.0327 stft=1.2884
epoch 21 train batch=300/500 elapsed=242.4s
epoch 21 train batch=300/500 elapsed=243.2s loss=0.8223 time=0.0326 stft=1.2922
epoch 21 train batch=305/500 elapsed=246.5s
epoch 21 train batch=305/500 elapsed=247.3s loss=0.8305 time=0.0324 stft=1.3097
epoch 21 train batch=310/500 elapsed=250.5s
epoch 21 train batch=310/500 elapsed=251.3s loss=0.8260 time=0.0324 stft=1.3004
epoch 21 train batch=315/500 elapsed=254.6s
epoch 21 train batch=315/500 elapsed=255.4s loss=0.8236 time=0.0322 stft=1.2964
epoch 21 train batch=320/500 elapsed=258.6s
epoch 21 train batch=320/500 elapsed=259.5s loss=0.8196 time=0.0323 stft=1.2881
epoch 21 train batch=325/500 elapsed=262.7s
epoch 21 train batch=325/500 elapsed=263.5s loss=0.8176 time=0.0324 stft=1.2839
epoch 21 train batch=330/500 elapsed=266.8s
epoch 21 train batch=330/500 elapsed=267.6s loss=0.8165 time=0.0322 stft=1.2822
epoch 21 train batch=335/500 elapsed=270.8s
epoch 21 train batch=335/500 elapsed=271.6s loss=0.8130 time=0.0322 stft=1.2751
epoch 21 train batch=340/500 elapsed=274.9s
epoch 21 train batch=340/500 elapsed=275.7s loss=0.8084 time=0.0323 stft=1.2660
epoch 21 train batch=345/500 elapsed=278.9s
epoch 21 train batch=345/500 elapsed=279.8s loss=0.8112 time=0.0320 stft=1.2726
epoch 21 train batch=350/500 elapsed=283.0s
epoch 21 train batch=350/500 elapsed=283.8s loss=0.8138 time=0.0321 stft=1.2783
epoch 21 train batch=355/500 elapsed=287.1s
epoch 21 train batch=355/500 elapsed=287.9s loss=0.8127 time=0.0319 stft=1.2768
epoch 21 train batch=360/500 elapsed=291.1s
epoch 21 train batch=360/500 elapsed=291.9s loss=0.8252 time=0.0319 stft=1.3010
epoch 21 train batch=365/500 elapsed=295.2s
epoch 21 train batch=365/500 elapsed=296.0s loss=0.8214 time=0.0319 stft=1.2927
epoch 21 train batch=370/500 elapsed=299.2s
epoch 21 train batch=370/500 elapsed=300.0s loss=0.8177 time=0.0319 stft=1.2850
epoch 21 train batch=375/500 elapsed=303.3s
epoch 21 train batch=375/500 elapsed=304.1s loss=0.8142 time=0.0321 stft=1.2777
epoch 21 train batch=380/500 elapsed=307.4s
epoch 21 train batch=380/500 elapsed=308.2s loss=0.8165 time=0.0320 stft=1.2830
epoch 21 train batch=385/500 elapsed=311.4s
epoch 21 train batch=385/500 elapsed=312.2s loss=0.8129 time=0.0320 stft=1.2760
epoch 21 train batch=390/500 elapsed=315.5s
epoch 21 train batch=390/500 elapsed=316.3s loss=0.8207 time=0.0320 stft=1.2923
epoch 21 train batch=395/500 elapsed=319.5s
epoch 21 train batch=395/500 elapsed=320.3s loss=0.8227 time=0.0320 stft=1.2965
epoch 21 train batch=400/500 elapsed=323.6s
epoch 21 train batch=400/500 elapsed=324.4s loss=0.8199 time=0.0320 stft=1.2913
epoch 21 train batch=405/500 elapsed=327.6s
epoch 21 train batch=405/500 elapsed=328.4s loss=0.8178 time=0.0320 stft=1.2876
epoch 21 train batch=410/500 elapsed=331.7s
epoch 21 train batch=410/500 elapsed=332.5s loss=0.8141 time=0.0320 stft=1.2802
epoch 21 train batch=415/500 elapsed=335.8s
epoch 21 train batch=415/500 elapsed=336.6s loss=0.8140 time=0.0320 stft=1.2800
epoch 21 train batch=420/500 elapsed=339.8s
epoch 21 train batch=420/500 elapsed=340.6s loss=0.8129 time=0.0320 stft=1.2783
epoch 21 train batch=425/500 elapsed=343.9s
epoch 21 train batch=425/500 elapsed=344.7s loss=0.8126 time=0.0321 stft=1.2771
epoch 21 train batch=430/500 elapsed=347.9s
epoch 21 train batch=430/500 elapsed=348.8s loss=0.8180 time=0.0320 stft=1.2889
epoch 21 train batch=435/500 elapsed=352.0s
epoch 21 train batch=435/500 elapsed=352.8s loss=0.8214 time=0.0321 stft=1.2954
epoch 21 train batch=440/500 elapsed=356.1s
epoch 21 train batch=440/500 elapsed=356.9s loss=0.8207 time=0.0323 stft=1.2937
epoch 21 train batch=445/500 elapsed=360.2s
epoch 21 train batch=445/500 elapsed=361.0s loss=0.8186 time=0.0324 stft=1.2889
epoch 21 train batch=450/500 elapsed=364.2s
epoch 21 train batch=450/500 elapsed=365.0s loss=0.8161 time=0.0326 stft=1.2833
epoch 21 train batch=455/500 elapsed=368.3s
epoch 21 train batch=455/500 elapsed=369.1s loss=0.8134 time=0.0326 stft=1.2783
epoch 21 train batch=460/500 elapsed=372.4s
epoch 21 train batch=460/500 elapsed=373.2s loss=0.8125 time=0.0326 stft=1.2765
epoch 21 train batch=465/500 elapsed=376.4s
epoch 21 train batch=465/500 elapsed=377.3s loss=0.8143 time=0.0325 stft=1.2807
epoch 21 train batch=470/500 elapsed=380.5s
epoch 21 train batch=470/500 elapsed=381.3s loss=0.8131 time=0.0325 stft=1.2781
epoch 21 train batch=475/500 elapsed=384.6s
epoch 21 train batch=475/500 elapsed=385.4s loss=0.8095 time=0.0324 stft=1.2714
epoch 21 train batch=480/500 elapsed=388.6s
epoch 21 train batch=480/500 elapsed=389.4s loss=0.8064 time=0.0324 stft=1.2656
epoch 21 train batch=485/500 elapsed=392.7s
epoch 21 train batch=485/500 elapsed=393.5s loss=0.8029 time=0.0324 stft=1.2589
epoch 21 train batch=490/500 elapsed=396.8s
epoch 21 train batch=490/500 elapsed=397.6s loss=0.8032 time=0.0323 stft=1.2599
epoch 21 train batch=495/500 elapsed=400.8s
epoch 21 train batch=495/500 elapsed=401.6s loss=0.8041 time=0.0322 stft=1.2617
epoch 21 train batch=500/500 elapsed=404.9s
epoch 21 train batch=500/500 elapsed=405.7s loss=0.8012 time=0.0322 stft=1.2556
valid started total=20
valid batch=5/20 elapsed=1.1s
valid batch=10/20 elapsed=2.4s
valid batch=15/20 elapsed=3.8s
valid batch=20/20 elapsed=5.1s
epoch=21 train_loss=0.8118 valid_loss=1.4373 valid_si_sdr=-37.07dB
epoch 22 train started total=500
epoch 22 train batch=5/500 elapsed=3.3s
epoch 22 train batch=5/500 elapsed=4.1s loss=0.5241 time=0.0445 stft=0.6731
epoch 22 train batch=10/500 elapsed=7.3s
epoch 22 train batch=10/500 elapsed=8.1s loss=0.4933 time=0.0370 stft=0.6538
epoch 22 train batch=15/500 elapsed=11.4s
epoch 22 train batch=15/500 elapsed=12.2s loss=0.7700 time=0.0351 stft=1.1925
epoch 22 train batch=20/500 elapsed=15.5s
epoch 22 train batch=20/500 elapsed=16.3s loss=0.8117 time=0.0368 stft=1.2677
epoch 22 train batch=25/500 elapsed=19.5s
epoch 22 train batch=25/500 elapsed=20.3s loss=0.7999 time=0.0357 stft=1.2486
epoch 22 train batch=30/500 elapsed=23.6s
epoch 22 train batch=30/500 elapsed=24.4s loss=0.8622 time=0.0349 stft=1.3798
epoch 22 train batch=35/500 elapsed=27.6s
epoch 22 train batch=35/500 elapsed=28.4s loss=0.8399 time=0.0333 stft=1.3420
epoch 22 train batch=40/500 elapsed=31.7s
epoch 22 train batch=40/500 elapsed=32.5s loss=0.9501 time=0.0322 stft=1.5661
epoch 22 train batch=45/500 elapsed=35.7s
epoch 22 train batch=45/500 elapsed=36.5s loss=0.9059 time=0.0329 stft=1.4746
epoch 22 train batch=50/500 elapsed=39.8s
epoch 22 train batch=50/500 elapsed=40.6s loss=0.8721 time=0.0347 stft=1.3976
epoch 22 train batch=55/500 elapsed=43.8s
epoch 22 train batch=55/500 elapsed=44.6s loss=0.8384 time=0.0348 stft=1.3305
epoch 22 train batch=60/500 elapsed=47.9s
epoch 22 train batch=60/500 elapsed=48.7s loss=0.8906 time=0.0332 stft=1.4448
epoch 22 train batch=65/500 elapsed=51.9s
epoch 22 train batch=65/500 elapsed=52.7s loss=0.9098 time=0.0338 stft=1.4823
epoch 22 train batch=70/500 elapsed=56.0s
epoch 22 train batch=70/500 elapsed=56.8s loss=0.8868 time=0.0331 stft=1.4394
epoch 22 train batch=75/500 elapsed=60.0s
epoch 22 train batch=75/500 elapsed=60.8s loss=0.8635 time=0.0332 stft=1.3928
epoch 22 train batch=80/500 elapsed=64.1s
epoch 22 train batch=80/500 elapsed=64.9s loss=0.8490 time=0.0332 stft=1.3613
epoch 22 train batch=85/500 elapsed=68.1s
epoch 22 train batch=85/500 elapsed=68.9s loss=0.8258 time=0.0330 stft=1.3180
epoch 22 train batch=90/500 elapsed=72.2s
epoch 22 train batch=90/500 elapsed=73.0s loss=0.8528 time=0.0325 stft=1.3756
epoch 22 train batch=95/500 elapsed=76.2s
epoch 22 train batch=95/500 elapsed=77.0s loss=0.8595 time=0.0326 stft=1.3879
epoch 22 train batch=100/500 elapsed=80.3s
epoch 22 train batch=100/500 elapsed=81.1s loss=0.8557 time=0.0323 stft=1.3771
epoch 22 train batch=105/500 elapsed=84.3s
epoch 22 train batch=105/500 elapsed=85.1s loss=0.8368 time=0.0322 stft=1.3423
epoch 22 train batch=110/500 elapsed=88.4s
epoch 22 train batch=110/500 elapsed=89.2s loss=0.8492 time=0.0325 stft=1.3646
epoch 22 train batch=115/500 elapsed=92.4s
epoch 22 train batch=115/500 elapsed=93.2s loss=0.8360 time=0.0320 stft=1.3397
epoch 22 train batch=120/500 elapsed=96.5s
epoch 22 train batch=120/500 elapsed=97.3s loss=0.8258 time=0.0318 stft=1.3194
epoch 22 train batch=125/500 elapsed=100.5s
epoch 22 train batch=125/500 elapsed=101.3s loss=0.8125 time=0.0320 stft=1.2934
epoch 22 train batch=130/500 elapsed=104.5s
epoch 22 train batch=130/500 elapsed=105.4s loss=0.8214 time=0.0322 stft=1.3088
epoch 22 train batch=135/500 elapsed=108.6s
epoch 22 train batch=135/500 elapsed=109.4s loss=0.8428 time=0.0320 stft=1.3532
epoch 22 train batch=140/500 elapsed=112.6s
epoch 22 train batch=140/500 elapsed=113.4s loss=0.8403 time=0.0321 stft=1.3499
epoch 22 train batch=145/500 elapsed=116.7s
epoch 22 train batch=145/500 elapsed=117.5s loss=0.8320 time=0.0321 stft=1.3317
epoch 22 train batch=150/500 elapsed=120.7s
epoch 22 train batch=150/500 elapsed=121.5s loss=0.8391 time=0.0322 stft=1.3468
epoch 22 train batch=155/500 elapsed=124.8s
epoch 22 train batch=155/500 elapsed=125.6s loss=0.8378 time=0.0323 stft=1.3416
epoch 22 train batch=160/500 elapsed=128.8s
epoch 22 train batch=160/500 elapsed=129.6s loss=0.8390 time=0.0319 stft=1.3453
epoch 22 train batch=165/500 elapsed=132.9s
epoch 22 train batch=165/500 elapsed=133.7s loss=0.8381 time=0.0320 stft=1.3432
epoch 22 train batch=170/500 elapsed=136.9s
epoch 22 train batch=170/500 elapsed=137.7s loss=0.8294 time=0.0320 stft=1.3262
epoch 22 train batch=175/500 elapsed=141.0s
epoch 22 train batch=175/500 elapsed=141.8s loss=0.8252 time=0.0318 stft=1.3192
epoch 22 train batch=180/500 elapsed=145.0s
epoch 22 train batch=180/500 elapsed=145.8s loss=0.8295 time=0.0320 stft=1.3266
epoch 22 train batch=185/500 elapsed=149.1s
epoch 22 train batch=185/500 elapsed=149.9s loss=0.8267 time=0.0320 stft=1.3205
epoch 22 train batch=190/500 elapsed=153.1s
epoch 22 train batch=190/500 elapsed=153.9s loss=0.8225 time=0.0320 stft=1.3124
epoch 22 train batch=195/500 elapsed=157.2s
epoch 22 train batch=195/500 elapsed=158.0s loss=0.8195 time=0.0316 stft=1.3071
epoch 22 train batch=200/500 elapsed=161.2s
epoch 22 train batch=200/500 elapsed=162.0s loss=0.8345 time=0.0313 stft=1.3384
epoch 22 train batch=205/500 elapsed=165.3s
epoch 22 train batch=205/500 elapsed=166.1s loss=0.8344 time=0.0312 stft=1.3371
epoch 22 train batch=210/500 elapsed=169.3s
epoch 22 train batch=210/500 elapsed=170.1s loss=0.8319 time=0.0314 stft=1.3322
epoch 22 train batch=215/500 elapsed=173.3s
epoch 22 train batch=215/500 elapsed=174.1s loss=0.8273 time=0.0316 stft=1.3212
epoch 22 train batch=220/500 elapsed=177.4s
epoch 22 train batch=220/500 elapsed=178.2s loss=0.8475 time=0.0315 stft=1.3625
epoch 22 train batch=225/500 elapsed=181.4s
epoch 22 train batch=225/500 elapsed=182.2s loss=0.8480 time=0.0315 stft=1.3625
epoch 22 train batch=230/500 elapsed=185.5s
epoch 22 train batch=230/500 elapsed=186.3s loss=0.8508 time=0.0315 stft=1.3688
epoch 22 train batch=235/500 elapsed=189.5s
epoch 22 train batch=235/500 elapsed=190.3s loss=0.8497 time=0.0315 stft=1.3663
epoch 22 train batch=240/500 elapsed=193.5s
epoch 22 train batch=240/500 elapsed=194.3s loss=0.8528 time=0.0317 stft=1.3725
epoch 22 train batch=245/500 elapsed=197.6s
epoch 22 train batch=245/500 elapsed=198.4s loss=0.8606 time=0.0316 stft=1.3878
epoch 22 train batch=250/500 elapsed=201.6s
epoch 22 train batch=250/500 elapsed=202.4s loss=0.8661 time=0.0314 stft=1.4006
epoch 22 train batch=255/500 elapsed=205.7s
epoch 22 train batch=255/500 elapsed=206.5s loss=0.8594 time=0.0315 stft=1.3872
epoch 22 train batch=260/500 elapsed=209.7s
epoch 22 train batch=260/500 elapsed=210.6s loss=0.8678 time=0.0315 stft=1.4034
epoch 22 train batch=265/500 elapsed=213.8s
epoch 22 train batch=265/500 elapsed=214.6s loss=0.8641 time=0.0315 stft=1.3955
epoch 22 train batch=270/500 elapsed=217.8s
epoch 22 train batch=270/500 elapsed=218.6s loss=0.8618 time=0.0314 stft=1.3918
epoch 22 train batch=275/500 elapsed=221.9s
epoch 22 train batch=275/500 elapsed=222.7s loss=0.8647 time=0.0316 stft=1.3966
epoch 22 train batch=280/500 elapsed=226.0s
epoch 22 train batch=280/500 elapsed=226.8s loss=0.8593 time=0.0316 stft=1.3852
epoch 22 train batch=285/500 elapsed=230.0s
epoch 22 train batch=285/500 elapsed=230.8s loss=0.8577 time=0.0316 stft=1.3812
epoch 22 train batch=290/500 elapsed=234.1s
epoch 22 train batch=290/500 elapsed=234.9s loss=0.8566 time=0.0316 stft=1.3794
epoch 22 train batch=295/500 elapsed=238.1s
epoch 22 train batch=295/500 elapsed=238.9s loss=0.8600 time=0.0318 stft=1.3856
epoch 22 train batch=300/500 elapsed=242.2s
epoch 22 train batch=300/500 elapsed=243.0s loss=0.8550 time=0.0315 stft=1.3783
epoch 22 train batch=305/500 elapsed=246.2s
epoch 22 train batch=305/500 elapsed=247.0s loss=0.8575 time=0.0313 stft=1.3838
epoch 22 train batch=310/500 elapsed=250.3s
epoch 22 train batch=310/500 elapsed=251.1s loss=0.8527 time=0.0314 stft=1.3726
epoch 22 train batch=315/500 elapsed=254.4s
epoch 22 train batch=315/500 elapsed=255.2s loss=0.8612 time=0.0312 stft=1.3903
epoch 22 train batch=320/500 elapsed=258.4s
epoch 22 train batch=320/500 elapsed=259.2s loss=0.8640 time=0.0312 stft=1.3967
epoch 22 train batch=325/500 elapsed=262.5s
epoch 22 train batch=325/500 elapsed=263.3s loss=0.8633 time=0.0314 stft=1.3949
epoch 22 train batch=330/500 elapsed=266.5s
epoch 22 train batch=330/500 elapsed=267.3s loss=0.8732 time=0.0314 stft=1.4156
epoch 22 train batch=335/500 elapsed=270.6s
epoch 22 train batch=335/500 elapsed=271.4s loss=0.8710 time=0.0314 stft=1.4108
epoch 22 train batch=340/500 elapsed=274.7s
epoch 22 train batch=340/500 elapsed=275.5s loss=0.8729 time=0.0314 stft=1.4150
epoch 22 train batch=345/500 elapsed=278.7s
epoch 22 train batch=345/500 elapsed=279.5s loss=0.8758 time=0.0312 stft=1.4224
epoch 22 train batch=350/500 elapsed=282.8s
epoch 22 train batch=350/500 elapsed=283.6s loss=0.8701 time=0.0313 stft=1.4113
epoch 22 train batch=355/500 elapsed=286.9s
epoch 22 train batch=355/500 elapsed=287.7s loss=0.8646 time=0.0312 stft=1.4009
epoch 22 train batch=360/500 elapsed=290.9s
epoch 22 train batch=360/500 elapsed=291.7s loss=0.8669 time=0.0312 stft=1.4056
epoch 22 train batch=365/500 elapsed=295.0s
epoch 22 train batch=365/500 elapsed=295.8s loss=0.8777 time=0.0311 stft=1.4278
epoch 22 train batch=370/500 elapsed=299.1s
epoch 22 train batch=370/500 elapsed=299.9s loss=0.8815 time=0.0310 stft=1.4358
epoch 22 train batch=375/500 elapsed=303.1s
epoch 22 train batch=375/500 elapsed=303.9s loss=0.8798 time=0.0311 stft=1.4318
epoch 22 train batch=380/500 elapsed=307.2s
epoch 22 train batch=380/500 elapsed=308.0s loss=0.8770 time=0.0309 stft=1.4272
epoch 22 train batch=385/500 elapsed=311.2s
epoch 22 train batch=385/500 elapsed=312.0s loss=0.8713 time=0.0309 stft=1.4162
epoch 22 train batch=390/500 elapsed=315.3s
epoch 22 train batch=390/500 elapsed=316.1s loss=0.8721 time=0.0308 stft=1.4184
epoch 22 train batch=395/500 elapsed=319.3s
epoch 22 train batch=395/500 elapsed=320.2s loss=0.8782 time=0.0308 stft=1.4307
epoch 22 train batch=400/500 elapsed=323.4s
epoch 22 train batch=400/500 elapsed=324.2s loss=0.8734 time=0.0308 stft=1.4213
epoch 22 train batch=405/500 elapsed=327.5s
epoch 22 train batch=405/500 elapsed=328.3s loss=0.8751 time=0.0310 stft=1.4243
epoch 22 train batch=410/500 elapsed=331.5s
epoch 22 train batch=410/500 elapsed=332.3s loss=0.8713 time=0.0311 stft=1.4165
epoch 22 train batch=415/500 elapsed=335.6s
epoch 22 train batch=415/500 elapsed=336.4s loss=0.8738 time=0.0312 stft=1.4208
epoch 22 train batch=420/500 elapsed=339.6s
epoch 22 train batch=420/500 elapsed=340.4s loss=0.8697 time=0.0312 stft=1.4124
epoch 22 train batch=425/500 elapsed=343.7s
epoch 22 train batch=425/500 elapsed=344.5s loss=0.8695 time=0.0312 stft=1.4115
epoch 22 train batch=430/500 elapsed=347.7s
epoch 22 train batch=430/500 elapsed=348.5s loss=0.8655 time=0.0314 stft=1.4033
epoch 22 train batch=435/500 elapsed=351.8s
epoch 22 train batch=435/500 elapsed=352.6s loss=0.8658 time=0.0313 stft=1.4038
epoch 22 train batch=440/500 elapsed=355.8s
epoch 22 train batch=440/500 elapsed=356.6s loss=0.8664 time=0.0312 stft=1.4059
epoch 22 train batch=445/500 elapsed=359.9s
epoch 22 train batch=445/500 elapsed=360.7s loss=0.8625 time=0.0312 stft=1.3981
epoch 22 train batch=450/500 elapsed=363.9s
epoch 22 train batch=450/500 elapsed=364.7s loss=0.8610 time=0.0311 stft=1.3959
epoch 22 train batch=455/500 elapsed=367.9s
epoch 22 train batch=455/500 elapsed=368.7s loss=0.8610 time=0.0313 stft=1.3949
epoch 22 train batch=460/500 elapsed=372.0s
epoch 22 train batch=460/500 elapsed=372.8s loss=0.8575 time=0.0314 stft=1.3876
epoch 22 train batch=465/500 elapsed=376.0s
epoch 22 train batch=465/500 elapsed=376.8s loss=0.8587 time=0.0313 stft=1.3901
epoch 22 train batch=470/500 elapsed=380.1s
epoch 22 train batch=470/500 elapsed=380.9s loss=0.8637 time=0.0313 stft=1.4007
epoch 22 train batch=475/500 elapsed=384.1s
epoch 22 train batch=475/500 elapsed=384.9s loss=0.8605 time=0.0314 stft=1.3937
epoch 22 train batch=480/500 elapsed=388.1s
epoch 22 train batch=480/500 elapsed=388.9s loss=0.8586 time=0.0314 stft=1.3900
epoch 22 train batch=485/500 elapsed=392.2s
epoch 22 train batch=485/500 elapsed=393.0s loss=0.8685 time=0.0312 stft=1.4102
epoch 22 train batch=490/500 elapsed=396.2s
epoch 22 train batch=490/500 elapsed=397.0s loss=0.8657 time=0.0312 stft=1.4050
epoch 22 train batch=495/500 elapsed=400.2s
epoch 22 train batch=495/500 elapsed=401.0s loss=0.8661 time=0.0311 stft=1.4064
epoch 22 train batch=500/500 elapsed=404.3s
epoch 22 train batch=500/500 elapsed=405.1s loss=0.8640 time=0.0312 stft=1.4019
valid started total=20
valid batch=5/20 elapsed=1.1s
valid batch=10/20 elapsed=2.4s
valid batch=15/20 elapsed=3.8s
valid batch=20/20 elapsed=5.1s
epoch=22 train_loss=0.8339 valid_loss=1.4227 valid_si_sdr=-36.89dB
epoch 23 train started total=500
epoch 23 train batch=5/500 elapsed=3.3s
epoch 23 train batch=5/500 elapsed=4.1s loss=1.0737 time=0.0206 stft=1.8207
epoch 23 train batch=10/500 elapsed=7.3s
epoch 23 train batch=10/500 elapsed=8.1s loss=0.7783 time=0.0228 stft=1.2347
epoch 23 train batch=15/500 elapsed=11.4s
epoch 23 train batch=15/500 elapsed=12.2s loss=0.8426 time=0.0255 stft=1.3696
epoch 23 train batch=20/500 elapsed=15.4s
epoch 23 train batch=20/500 elapsed=16.2s loss=0.8259 time=0.0278 stft=1.3165
epoch 23 train batch=25/500 elapsed=19.5s
epoch 23 train batch=25/500 elapsed=20.3s loss=0.8283 time=0.0302 stft=1.3155
epoch 23 train batch=30/500 elapsed=23.5s
epoch 23 train batch=30/500 elapsed=24.3s loss=0.7737 time=0.0315 stft=1.2050
epoch 23 train batch=35/500 elapsed=27.5s
epoch 23 train batch=35/500 elapsed=28.3s loss=0.7282 time=0.0301 stft=1.1220
epoch 23 train batch=40/500 elapsed=31.6s
epoch 23 train batch=40/500 elapsed=32.4s loss=0.7234 time=0.0298 stft=1.1106
epoch 23 train batch=45/500 elapsed=35.6s
epoch 23 train batch=45/500 elapsed=36.4s loss=0.7764 time=0.0299 stft=1.2158
epoch 23 train batch=50/500 elapsed=39.7s
epoch 23 train batch=50/500 elapsed=40.5s loss=0.7759 time=0.0296 stft=1.2196
epoch 23 train batch=55/500 elapsed=43.7s
epoch 23 train batch=55/500 elapsed=44.5s loss=0.7711 time=0.0310 stft=1.2068
epoch 23 train batch=60/500 elapsed=47.7s
epoch 23 train batch=60/500 elapsed=48.6s loss=0.7523 time=0.0309 stft=1.1684
epoch 23 train batch=65/500 elapsed=51.8s
epoch 23 train batch=65/500 elapsed=52.6s loss=0.7348 time=0.0313 stft=1.1325
epoch 23 train batch=70/500 elapsed=55.8s
epoch 23 train batch=70/500 elapsed=56.6s loss=0.7589 time=0.0306 stft=1.1826
epoch 23 train batch=75/500 elapsed=59.9s
epoch 23 train batch=75/500 elapsed=60.7s loss=0.7654 time=0.0301 stft=1.1992
epoch 23 train batch=80/500 elapsed=63.9s
epoch 23 train batch=80/500 elapsed=64.7s loss=0.7569 time=0.0302 stft=1.1827
epoch 23 train batch=85/500 elapsed=68.0s
epoch 23 train batch=85/500 elapsed=68.8s loss=0.7932 time=0.0298 stft=1.2582
epoch 23 train batch=90/500 elapsed=72.0s
epoch 23 train batch=90/500 elapsed=72.8s loss=0.8053 time=0.0298 stft=1.2840
epoch 23 train batch=95/500 elapsed=76.1s
epoch 23 train batch=95/500 elapsed=76.9s loss=0.8004 time=0.0299 stft=1.2753
epoch 23 train batch=100/500 elapsed=80.1s
epoch 23 train batch=100/500 elapsed=80.9s loss=0.7979 time=0.0296 stft=1.2724
epoch 23 train batch=105/500 elapsed=84.2s
epoch 23 train batch=105/500 elapsed=85.0s loss=0.7939 time=0.0295 stft=1.2641
epoch 23 train batch=110/500 elapsed=88.3s
epoch 23 train batch=110/500 elapsed=89.1s loss=0.7919 time=0.0295 stft=1.2583
epoch 23 train batch=115/500 elapsed=92.3s
epoch 23 train batch=115/500 elapsed=93.1s loss=0.7811 time=0.0298 stft=1.2366
epoch 23 train batch=120/500 elapsed=96.4s
epoch 23 train batch=120/500 elapsed=97.2s loss=0.7806 time=0.0300 stft=1.2361
epoch 23 train batch=125/500 elapsed=100.4s
epoch 23 train batch=125/500 elapsed=101.2s loss=0.7701 time=0.0297 stft=1.2139
epoch 23 train batch=130/500 elapsed=104.5s
epoch 23 train batch=130/500 elapsed=105.3s loss=0.7706 time=0.0303 stft=1.2133
epoch 23 train batch=135/500 elapsed=108.5s
epoch 23 train batch=135/500 elapsed=109.3s loss=0.7746 time=0.0299 stft=1.2253
epoch 23 train batch=140/500 elapsed=112.6s
epoch 23 train batch=140/500 elapsed=113.4s loss=0.7896 time=0.0302 stft=1.2555
epoch 23 train batch=145/500 elapsed=116.7s
epoch 23 train batch=145/500 elapsed=117.5s loss=0.7909 time=0.0303 stft=1.2550
epoch 23 train batch=150/500 elapsed=120.7s
epoch 23 train batch=150/500 elapsed=121.5s loss=0.7825 time=0.0303 stft=1.2384
epoch 23 train batch=155/500 elapsed=124.8s
epoch 23 train batch=155/500 elapsed=125.6s loss=0.7882 time=0.0308 stft=1.2470
epoch 23 train batch=160/500 elapsed=128.8s
epoch 23 train batch=160/500 elapsed=129.6s loss=0.7944 time=0.0312 stft=1.2593
epoch 23 train batch=165/500 elapsed=132.9s
epoch 23 train batch=165/500 elapsed=133.7s loss=0.7888 time=0.0315 stft=1.2452
epoch 23 train batch=170/500 elapsed=137.0s
epoch 23 train batch=170/500 elapsed=137.8s loss=0.7951 time=0.0316 stft=1.2568
epoch 23 train batch=175/500 elapsed=141.0s
epoch 23 train batch=175/500 elapsed=141.8s loss=0.7946 time=0.0317 stft=1.2557
epoch 23 train batch=180/500 elapsed=145.1s
epoch 23 train batch=180/500 elapsed=145.9s loss=0.8018 time=0.0321 stft=1.2677
epoch 23 train batch=185/500 elapsed=149.1s
epoch 23 train batch=185/500 elapsed=150.0s loss=0.8074 time=0.0323 stft=1.2784
epoch 23 train batch=190/500 elapsed=153.2s
epoch 23 train batch=190/500 elapsed=154.0s loss=0.8058 time=0.0325 stft=1.2747
epoch 23 train batch=195/500 elapsed=157.3s
epoch 23 train batch=195/500 elapsed=158.1s loss=0.8112 time=0.0329 stft=1.2834
epoch 23 train batch=200/500 elapsed=161.4s
epoch 23 train batch=200/500 elapsed=162.2s loss=0.8098 time=0.0326 stft=1.2832
epoch 23 train batch=205/500 elapsed=165.4s
epoch 23 train batch=205/500 elapsed=166.3s loss=0.8078 time=0.0324 stft=1.2787
epoch 23 train batch=210/500 elapsed=169.5s
epoch 23 train batch=210/500 elapsed=170.3s loss=0.8066 time=0.0320 stft=1.2771
epoch 23 train batch=215/500 elapsed=173.6s
epoch 23 train batch=215/500 elapsed=174.4s loss=0.8016 time=0.0320 stft=1.2665
epoch 23 train batch=220/500 elapsed=177.6s
epoch 23 train batch=220/500 elapsed=178.5s loss=0.8093 time=0.0318 stft=1.2837
epoch 23 train batch=225/500 elapsed=181.7s
epoch 23 train batch=225/500 elapsed=182.5s loss=0.8160 time=0.0315 stft=1.2980
epoch 23 train batch=230/500 elapsed=185.8s
epoch 23 train batch=230/500 elapsed=186.6s loss=0.8234 time=0.0316 stft=1.3128
epoch 23 train batch=235/500 elapsed=189.9s
epoch 23 train batch=235/500 elapsed=190.7s loss=0.8203 time=0.0315 stft=1.3078
epoch 23 train batch=240/500 elapsed=193.9s
epoch 23 train batch=240/500 elapsed=194.7s loss=0.8232 time=0.0314 stft=1.3148
epoch 23 train batch=245/500 elapsed=198.0s
epoch 23 train batch=245/500 elapsed=198.8s loss=0.8175 time=0.0312 stft=1.3040
epoch 23 train batch=250/500 elapsed=202.0s
epoch 23 train batch=250/500 elapsed=202.8s loss=0.8203 time=0.0312 stft=1.3097
epoch 23 train batch=255/500 elapsed=206.1s
epoch 23 train batch=255/500 elapsed=206.9s loss=0.8312 time=0.0309 stft=1.3327
epoch 23 train batch=260/500 elapsed=210.1s
epoch 23 train batch=260/500 elapsed=210.9s loss=0.8335 time=0.0310 stft=1.3370
epoch 23 train batch=265/500 elapsed=214.2s
epoch 23 train batch=265/500 elapsed=215.0s loss=0.8274 time=0.0311 stft=1.3251
epoch 23 train batch=270/500 elapsed=218.2s
epoch 23 train batch=270/500 elapsed=219.0s loss=0.8303 time=0.0312 stft=1.3304
epoch 23 train batch=275/500 elapsed=222.2s
epoch 23 train batch=275/500 elapsed=223.0s loss=0.8442 time=0.0309 stft=1.3596
epoch 23 train batch=280/500 elapsed=226.3s
epoch 23 train batch=280/500 elapsed=227.1s loss=0.8426 time=0.0309 stft=1.3569
epoch 23 train batch=285/500 elapsed=230.3s
epoch 23 train batch=285/500 elapsed=231.1s loss=0.8363 time=0.0310 stft=1.3449
epoch 23 train batch=290/500 elapsed=234.3s
epoch 23 train batch=290/500 elapsed=235.1s loss=0.8397 time=0.0310 stft=1.3514
epoch 23 train batch=295/500 elapsed=238.4s
epoch 23 train batch=295/500 elapsed=239.2s loss=0.8386 time=0.0309 stft=1.3495
epoch 23 train batch=300/500 elapsed=242.4s
epoch 23 train batch=300/500 elapsed=243.2s loss=0.8424 time=0.0306 stft=1.3593
epoch 23 train batch=305/500 elapsed=246.4s
epoch 23 train batch=305/500 elapsed=247.2s loss=0.8492 time=0.0305 stft=1.3734
epoch 23 train batch=310/500 elapsed=250.5s
epoch 23 train batch=310/500 elapsed=251.3s loss=0.8511 time=0.0305 stft=1.3771
epoch 23 train batch=315/500 elapsed=254.5s
epoch 23 train batch=315/500 elapsed=255.3s loss=0.8609 time=0.0306 stft=1.3958
epoch 23 train batch=320/500 elapsed=258.6s
epoch 23 train batch=320/500 elapsed=259.4s loss=0.8588 time=0.0306 stft=1.3919
epoch 23 train batch=325/500 elapsed=262.6s
epoch 23 train batch=325/500 elapsed=263.4s loss=0.8569 time=0.0305 stft=1.3874
epoch 23 train batch=330/500 elapsed=266.6s
epoch 23 train batch=330/500 elapsed=267.4s loss=0.8515 time=0.0305 stft=1.3767
epoch 23 train batch=335/500 elapsed=270.7s
epoch 23 train batch=335/500 elapsed=271.5s loss=0.8502 time=0.0305 stft=1.3735
epoch 23 train batch=340/500 elapsed=274.7s
epoch 23 train batch=340/500 elapsed=275.5s loss=0.8466 time=0.0305 stft=1.3665
epoch 23 train batch=345/500 elapsed=278.8s
epoch 23 train batch=345/500 elapsed=279.6s loss=0.8450 time=0.0305 stft=1.3635
epoch 23 train batch=350/500 elapsed=282.8s
epoch 23 train batch=350/500 elapsed=283.6s loss=0.8511 time=0.0304 stft=1.3759
epoch 23 train batch=355/500 elapsed=286.9s
epoch 23 train batch=355/500 elapsed=287.7s loss=0.8575 time=0.0304 stft=1.3888
epoch 23 train batch=360/500 elapsed=290.9s
epoch 23 train batch=360/500 elapsed=291.7s loss=0.8566 time=0.0305 stft=1.3863
epoch 23 train batch=365/500 elapsed=295.0s
epoch 23 train batch=365/500 elapsed=295.8s loss=0.8654 time=0.0304 stft=1.4041
epoch 23 train batch=370/500 elapsed=299.0s
epoch 23 train batch=370/500 elapsed=299.8s loss=0.8666 time=0.0305 stft=1.4067
epoch 23 train batch=375/500 elapsed=303.1s
epoch 23 train batch=375/500 elapsed=303.9s loss=0.8719 time=0.0303 stft=1.4176
epoch 23 train batch=380/500 elapsed=307.2s
epoch 23 train batch=380/500 elapsed=308.0s loss=0.8719 time=0.0302 stft=1.4189
epoch 23 train batch=385/500 elapsed=311.2s
epoch 23 train batch=385/500 elapsed=312.0s loss=0.8691 time=0.0302 stft=1.4136
epoch 23 train batch=390/500 elapsed=315.3s
epoch 23 train batch=390/500 elapsed=316.1s loss=0.8707 time=0.0301 stft=1.4170
epoch 23 train batch=395/500 elapsed=319.3s
epoch 23 train batch=395/500 elapsed=320.1s loss=0.8716 time=0.0303 stft=1.4162
epoch 23 train batch=400/500 elapsed=323.4s
epoch 23 train batch=400/500 elapsed=324.2s loss=0.8766 time=0.0301 stft=1.4272
epoch 23 train batch=405/500 elapsed=327.4s
epoch 23 train batch=405/500 elapsed=328.3s loss=0.8822 time=0.0299 stft=1.4393
epoch 23 train batch=410/500 elapsed=331.5s
epoch 23 train batch=410/500 elapsed=332.3s loss=0.8847 time=0.0300 stft=1.4437
epoch 23 train batch=415/500 elapsed=335.6s
epoch 23 train batch=415/500 elapsed=336.4s loss=0.8806 time=0.0301 stft=1.4353
epoch 23 train batch=420/500 elapsed=339.6s
epoch 23 train batch=420/500 elapsed=340.4s loss=0.8866 time=0.0301 stft=1.4481
epoch 23 train batch=425/500 elapsed=343.7s
epoch 23 train batch=425/500 elapsed=344.5s loss=0.8851 time=0.0301 stft=1.4451
epoch 23 train batch=430/500 elapsed=347.7s
epoch 23 train batch=430/500 elapsed=348.5s loss=0.8843 time=0.0301 stft=1.4431
epoch 23 train batch=435/500 elapsed=351.8s
epoch 23 train batch=435/500 elapsed=352.6s loss=0.8848 time=0.0300 stft=1.4444
epoch 23 train batch=440/500 elapsed=355.9s
epoch 23 train batch=440/500 elapsed=356.7s loss=0.8871 time=0.0299 stft=1.4496
epoch 23 train batch=445/500 elapsed=359.9s
epoch 23 train batch=445/500 elapsed=360.7s loss=0.8829 time=0.0299 stft=1.4409
epoch 23 train batch=450/500 elapsed=364.0s
epoch 23 train batch=450/500 elapsed=364.8s loss=0.8841 time=0.0298 stft=1.4432
epoch 23 train batch=455/500 elapsed=368.0s
epoch 23 train batch=455/500 elapsed=368.8s loss=0.8934 time=0.0297 stft=1.4618
epoch 23 train batch=460/500 elapsed=372.1s
epoch 23 train batch=460/500 elapsed=372.9s loss=0.8903 time=0.0297 stft=1.4562
epoch 23 train batch=465/500 elapsed=376.2s
epoch 23 train batch=465/500 elapsed=377.0s loss=0.8862 time=0.0298 stft=1.4481
epoch 23 train batch=470/500 elapsed=380.2s
epoch 23 train batch=470/500 elapsed=381.1s loss=0.8820 time=0.0297 stft=1.4398
epoch 23 train batch=475/500 elapsed=384.3s
epoch 23 train batch=475/500 elapsed=385.1s loss=0.8829 time=0.0298 stft=1.4417
epoch 23 train batch=480/500 elapsed=388.4s
epoch 23 train batch=480/500 elapsed=389.2s loss=0.8821 time=0.0298 stft=1.4399
epoch 23 train batch=485/500 elapsed=392.4s
epoch 23 train batch=485/500 elapsed=393.2s loss=0.8801 time=0.0298 stft=1.4362
epoch 23 train batch=490/500 elapsed=396.5s
epoch 23 train batch=490/500 elapsed=397.3s loss=0.8779 time=0.0298 stft=1.4316
epoch 23 train batch=495/500 elapsed=400.5s
epoch 23 train batch=495/500 elapsed=401.3s loss=0.8736 time=0.0298 stft=1.4234
epoch 23 train batch=500/500 elapsed=404.6s
epoch 23 train batch=500/500 elapsed=405.4s loss=0.8713 time=0.0297 stft=1.4193
valid started total=20
valid batch=5/20 elapsed=1.1s
valid batch=10/20 elapsed=2.4s
valid batch=15/20 elapsed=3.8s
valid batch=20/20 elapsed=5.1s
epoch=23 train_loss=0.8558 valid_loss=1.4008 valid_si_sdr=-36.72dB
epoch 24 train started total=500
epoch 24 train batch=5/500 elapsed=3.3s
epoch 24 train batch=5/500 elapsed=4.1s loss=0.4956 time=0.0276 stft=0.6598
epoch 24 train batch=10/500 elapsed=7.3s
epoch 24 train batch=10/500 elapsed=8.1s loss=0.7534 time=0.0293 stft=1.1936
epoch 24 train batch=15/500 elapsed=11.4s
epoch 24 train batch=15/500 elapsed=12.2s loss=0.6581 time=0.0311 stft=0.9898
epoch 24 train batch=20/500 elapsed=15.4s
epoch 24 train batch=20/500 elapsed=16.2s loss=0.7467 time=0.0325 stft=1.1557
epoch 24 train batch=25/500 elapsed=19.5s
epoch 24 train batch=25/500 elapsed=20.3s loss=0.7001 time=0.0332 stft=1.0622
epoch 24 train batch=30/500 elapsed=23.5s
epoch 24 train batch=30/500 elapsed=24.3s loss=0.6652 time=0.0333 stft=0.9946
epoch 24 train batch=35/500 elapsed=27.6s
epoch 24 train batch=35/500 elapsed=28.4s loss=0.6838 time=0.0333 stft=1.0326
epoch 24 train batch=40/500 elapsed=31.6s
epoch 24 train batch=40/500 elapsed=32.4s loss=0.6880 time=0.0331 stft=1.0408
epoch 24 train batch=45/500 elapsed=35.7s
epoch 24 train batch=45/500 elapsed=36.5s loss=0.6636 time=0.0322 stft=0.9994
epoch 24 train batch=50/500 elapsed=39.8s
epoch 24 train batch=50/500 elapsed=40.6s loss=0.6815 time=0.0307 stft=1.0461
epoch 24 train batch=55/500 elapsed=43.8s
epoch 24 train batch=55/500 elapsed=44.6s loss=0.6717 time=0.0312 stft=1.0168
epoch 24 train batch=60/500 elapsed=47.9s
epoch 24 train batch=60/500 elapsed=48.7s loss=0.6799 time=0.0314 stft=1.0326
epoch 24 train batch=65/500 elapsed=51.9s
epoch 24 train batch=65/500 elapsed=52.7s loss=0.7060 time=0.0309 stft=1.0917
epoch 24 train batch=70/500 elapsed=56.0s
epoch 24 train batch=70/500 elapsed=56.8s loss=0.7104 time=0.0312 stft=1.0990
epoch 24 train batch=75/500 elapsed=60.1s
epoch 24 train batch=75/500 elapsed=60.9s loss=0.6987 time=0.0312 stft=1.0747
epoch 24 train batch=80/500 elapsed=64.1s
epoch 24 train batch=80/500 elapsed=64.9s loss=0.7066 time=0.0308 stft=1.0935
epoch 24 train batch=85/500 elapsed=68.2s
epoch 24 train batch=85/500 elapsed=69.0s loss=0.7178 time=0.0306 stft=1.1177
epoch 24 train batch=90/500 elapsed=72.2s
epoch 24 train batch=90/500 elapsed=73.1s loss=0.7070 time=0.0310 stft=1.0941
epoch 24 train batch=95/500 elapsed=76.3s
epoch 24 train batch=95/500 elapsed=77.1s loss=0.6968 time=0.0316 stft=1.0719
epoch 24 train batch=100/500 elapsed=80.4s
epoch 24 train batch=100/500 elapsed=81.2s loss=0.6938 time=0.0318 stft=1.0636
epoch 24 train batch=105/500 elapsed=84.4s
epoch 24 train batch=105/500 elapsed=85.2s loss=0.6933 time=0.0320 stft=1.0605
epoch 24 train batch=110/500 elapsed=88.5s
epoch 24 train batch=110/500 elapsed=89.3s loss=0.6848 time=0.0319 stft=1.0423
epoch 24 train batch=115/500 elapsed=92.5s
epoch 24 train batch=115/500 elapsed=93.3s loss=0.6792 time=0.0323 stft=1.0295
epoch 24 train batch=120/500 elapsed=96.6s
epoch 24 train batch=120/500 elapsed=97.4s loss=0.6831 time=0.0322 stft=1.0370
epoch 24 train batch=125/500 elapsed=100.7s
epoch 24 train batch=125/500 elapsed=101.5s loss=0.6872 time=0.0325 stft=1.0457
epoch 24 train batch=130/500 elapsed=104.7s
epoch 24 train batch=130/500 elapsed=105.5s loss=0.7011 time=0.0329 stft=1.0722
epoch 24 train batch=135/500 elapsed=108.8s
epoch 24 train batch=135/500 elapsed=109.6s loss=0.7281 time=0.0323 stft=1.1295
epoch 24 train batch=140/500 elapsed=112.8s
epoch 24 train batch=140/500 elapsed=113.7s loss=0.7343 time=0.0323 stft=1.1422
epoch 24 train batch=145/500 elapsed=116.9s
epoch 24 train batch=145/500 elapsed=117.7s loss=0.7263 time=0.0322 stft=1.1259
epoch 24 train batch=150/500 elapsed=120.9s
epoch 24 train batch=150/500 elapsed=121.8s loss=0.7250 time=0.0322 stft=1.1249
epoch 24 train batch=155/500 elapsed=125.0s
epoch 24 train batch=155/500 elapsed=125.8s loss=0.7346 time=0.0326 stft=1.1429
epoch 24 train batch=160/500 elapsed=129.1s
epoch 24 train batch=160/500 elapsed=129.9s loss=0.7556 time=0.0323 stft=1.1869
epoch 24 train batch=165/500 elapsed=133.1s
epoch 24 train batch=165/500 elapsed=133.9s loss=0.7522 time=0.0319 stft=1.1818
epoch 24 train batch=170/500 elapsed=137.2s
epoch 24 train batch=170/500 elapsed=138.0s loss=0.7510 time=0.0318 stft=1.1808
epoch 24 train batch=175/500 elapsed=141.2s
epoch 24 train batch=175/500 elapsed=142.0s loss=0.7518 time=0.0314 stft=1.1840
epoch 24 train batch=180/500 elapsed=145.3s
epoch 24 train batch=180/500 elapsed=146.1s loss=0.7652 time=0.0316 stft=1.2088
epoch 24 train batch=185/500 elapsed=149.3s
epoch 24 train batch=185/500 elapsed=150.1s loss=0.7634 time=0.0316 stft=1.2037
epoch 24 train batch=190/500 elapsed=153.4s
epoch 24 train batch=190/500 elapsed=154.2s loss=0.7614 time=0.0316 stft=1.1996
epoch 24 train batch=195/500 elapsed=157.5s
epoch 24 train batch=195/500 elapsed=158.3s loss=0.7810 time=0.0314 stft=1.2384
epoch 24 train batch=200/500 elapsed=161.5s
epoch 24 train batch=200/500 elapsed=162.3s loss=0.7747 time=0.0315 stft=1.2250
epoch 24 train batch=205/500 elapsed=165.6s
epoch 24 train batch=205/500 elapsed=166.4s loss=0.7731 time=0.0317 stft=1.2214
epoch 24 train batch=210/500 elapsed=169.6s
epoch 24 train batch=210/500 elapsed=170.4s loss=0.7679 time=0.0317 stft=1.2109
epoch 24 train batch=215/500 elapsed=173.7s
epoch 24 train batch=215/500 elapsed=174.5s loss=0.7665 time=0.0317 stft=1.2084
epoch 24 train batch=220/500 elapsed=177.7s
epoch 24 train batch=220/500 elapsed=178.5s loss=0.7612 time=0.0317 stft=1.1976
epoch 24 train batch=225/500 elapsed=181.8s
epoch 24 train batch=225/500 elapsed=182.6s loss=0.7606 time=0.0315 stft=1.1968
epoch 24 train batch=230/500 elapsed=185.9s
epoch 24 train batch=230/500 elapsed=186.7s loss=0.7643 time=0.0319 stft=1.2017
epoch 24 train batch=235/500 elapsed=189.9s
epoch 24 train batch=235/500 elapsed=190.7s loss=0.7722 time=0.0319 stft=1.2176
epoch 24 train batch=240/500 elapsed=194.0s
epoch 24 train batch=240/500 elapsed=194.8s loss=0.7765 time=0.0318 stft=1.2268
epoch 24 train batch=245/500 elapsed=198.1s
epoch 24 train batch=245/500 elapsed=198.9s loss=0.7741 time=0.0315 stft=1.2234
epoch 24 train batch=250/500 elapsed=202.1s
epoch 24 train batch=250/500 elapsed=202.9s loss=0.7826 time=0.0315 stft=1.2396
epoch 24 train batch=255/500 elapsed=206.2s
epoch 24 train batch=255/500 elapsed=207.0s loss=0.7874 time=0.0313 stft=1.2496
epoch 24 train batch=260/500 elapsed=210.3s
epoch 24 train batch=260/500 elapsed=211.1s loss=0.7854 time=0.0312 stft=1.2463
epoch 24 train batch=265/500 elapsed=214.3s
epoch 24 train batch=265/500 elapsed=215.1s loss=0.7837 time=0.0311 stft=1.2438
epoch 24 train batch=270/500 elapsed=218.4s
epoch 24 train batch=270/500 elapsed=219.2s loss=0.7826 time=0.0311 stft=1.2414
epoch 24 train batch=275/500 elapsed=222.4s
epoch 24 train batch=275/500 elapsed=223.3s loss=0.7776 time=0.0312 stft=1.2319
epoch 24 train batch=280/500 elapsed=226.5s
epoch 24 train batch=280/500 elapsed=227.3s loss=0.7725 time=0.0310 stft=1.2221
epoch 24 train batch=285/500 elapsed=230.6s
epoch 24 train batch=285/500 elapsed=231.4s loss=0.7740 time=0.0310 stft=1.2240
epoch 24 train batch=290/500 elapsed=234.6s
epoch 24 train batch=290/500 elapsed=235.4s loss=0.7705 time=0.0309 stft=1.2165
epoch 24 train batch=295/500 elapsed=238.7s
epoch 24 train batch=295/500 elapsed=239.5s loss=0.7668 time=0.0309 stft=1.2088
epoch 24 train batch=300/500 elapsed=242.8s
epoch 24 train batch=300/500 elapsed=243.6s loss=0.7637 time=0.0308 stft=1.2031
epoch 24 train batch=305/500 elapsed=246.8s
epoch 24 train batch=305/500 elapsed=247.6s loss=0.7604 time=0.0308 stft=1.1968
epoch 24 train batch=310/500 elapsed=250.9s
epoch 24 train batch=310/500 elapsed=251.7s loss=0.7545 time=0.0305 stft=1.1867
epoch 24 train batch=315/500 elapsed=254.9s
epoch 24 train batch=315/500 elapsed=255.7s loss=0.7515 time=0.0305 stft=1.1807
epoch 24 train batch=320/500 elapsed=259.0s
epoch 24 train batch=320/500 elapsed=259.8s loss=0.7606 time=0.0303 stft=1.1999
epoch 24 train batch=325/500 elapsed=263.1s
epoch 24 train batch=325/500 elapsed=263.9s loss=0.7571 time=0.0302 stft=1.1927
epoch 24 train batch=330/500 elapsed=267.1s
epoch 24 train batch=330/500 elapsed=267.9s loss=0.7591 time=0.0303 stft=1.1955
epoch 24 train batch=335/500 elapsed=271.2s
epoch 24 train batch=335/500 elapsed=272.0s loss=0.7590 time=0.0303 stft=1.1954
epoch 24 train batch=340/500 elapsed=275.2s
epoch 24 train batch=340/500 elapsed=276.0s loss=0.7600 time=0.0303 stft=1.1973
epoch 24 train batch=345/500 elapsed=279.3s
epoch 24 train batch=345/500 elapsed=280.1s loss=0.7620 time=0.0302 stft=1.2021
epoch 24 train batch=350/500 elapsed=283.4s
epoch 24 train batch=350/500 elapsed=284.2s loss=0.7604 time=0.0302 stft=1.1994
epoch 24 train batch=355/500 elapsed=287.4s
epoch 24 train batch=355/500 elapsed=288.2s loss=0.7633 time=0.0302 stft=1.2057
epoch 24 train batch=360/500 elapsed=291.5s
epoch 24 train batch=360/500 elapsed=292.3s loss=0.7674 time=0.0303 stft=1.2139
epoch 24 train batch=365/500 elapsed=295.5s
epoch 24 train batch=365/500 elapsed=296.4s loss=0.7648 time=0.0304 stft=1.2081
epoch 24 train batch=370/500 elapsed=299.6s
epoch 24 train batch=370/500 elapsed=300.4s loss=0.7638 time=0.0303 stft=1.2062
epoch 24 train batch=375/500 elapsed=303.7s
epoch 24 train batch=375/500 elapsed=304.5s loss=0.7642 time=0.0303 stft=1.2065
epoch 24 train batch=380/500 elapsed=307.8s
epoch 24 train batch=380/500 elapsed=308.6s loss=0.7664 time=0.0301 stft=1.2116
epoch 24 train batch=385/500 elapsed=311.8s
epoch 24 train batch=385/500 elapsed=312.6s loss=0.7645 time=0.0301 stft=1.2080
epoch 24 train batch=390/500 elapsed=315.9s
epoch 24 train batch=390/500 elapsed=316.7s loss=0.7624 time=0.0300 stft=1.2041
epoch 24 train batch=395/500 elapsed=319.9s
epoch 24 train batch=395/500 elapsed=320.7s loss=0.7619 time=0.0300 stft=1.2035
epoch 24 train batch=400/500 elapsed=324.0s
epoch 24 train batch=400/500 elapsed=324.8s loss=0.7581 time=0.0299 stft=1.1964
epoch 24 train batch=405/500 elapsed=328.0s
epoch 24 train batch=405/500 elapsed=328.9s loss=0.7569 time=0.0299 stft=1.1941
epoch 24 train batch=410/500 elapsed=332.1s
epoch 24 train batch=410/500 elapsed=332.9s loss=0.7595 time=0.0300 stft=1.1994
epoch 24 train batch=415/500 elapsed=336.2s
epoch 24 train batch=415/500 elapsed=337.0s loss=0.7585 time=0.0299 stft=1.1973
epoch 24 train batch=420/500 elapsed=340.2s
epoch 24 train batch=420/500 elapsed=341.0s loss=0.7623 time=0.0299 stft=1.2045
epoch 24 train batch=425/500 elapsed=344.3s
epoch 24 train batch=425/500 elapsed=345.1s loss=0.7631 time=0.0301 stft=1.2052
epoch 24 train batch=430/500 elapsed=348.3s
epoch 24 train batch=430/500 elapsed=349.1s loss=0.7700 time=0.0300 stft=1.2196
epoch 24 train batch=435/500 elapsed=352.4s
epoch 24 train batch=435/500 elapsed=353.2s loss=0.7683 time=0.0300 stft=1.2165
epoch 24 train batch=440/500 elapsed=356.5s
epoch 24 train batch=440/500 elapsed=357.3s loss=0.7656 time=0.0300 stft=1.2112
epoch 24 train batch=445/500 elapsed=360.5s
epoch 24 train batch=445/500 elapsed=361.3s loss=0.7668 time=0.0300 stft=1.2144
epoch 24 train batch=450/500 elapsed=364.6s
epoch 24 train batch=450/500 elapsed=365.4s loss=0.7665 time=0.0300 stft=1.2135
epoch 24 train batch=455/500 elapsed=368.6s
epoch 24 train batch=455/500 elapsed=369.5s loss=0.7671 time=0.0301 stft=1.2138
epoch 24 train batch=460/500 elapsed=372.7s
epoch 24 train batch=460/500 elapsed=373.5s loss=0.7646 time=0.0302 stft=1.2085
epoch 24 train batch=465/500 elapsed=376.8s
epoch 24 train batch=465/500 elapsed=377.6s loss=0.7682 time=0.0301 stft=1.2149
epoch 24 train batch=470/500 elapsed=380.8s
epoch 24 train batch=470/500 elapsed=381.6s loss=0.7664 time=0.0301 stft=1.2120
epoch 24 train batch=475/500 elapsed=384.9s
epoch 24 train batch=475/500 elapsed=385.7s loss=0.7663 time=0.0301 stft=1.2118
epoch 24 train batch=480/500 elapsed=388.9s
epoch 24 train batch=480/500 elapsed=389.7s loss=0.7640 time=0.0302 stft=1.2070
epoch 24 train batch=485/500 elapsed=393.0s
epoch 24 train batch=485/500 elapsed=393.8s loss=0.7630 time=0.0301 stft=1.2057
epoch 24 train batch=490/500 elapsed=397.1s
epoch 24 train batch=490/500 elapsed=397.9s loss=0.7612 time=0.0302 stft=1.2019
epoch 24 train batch=495/500 elapsed=401.1s
epoch 24 train batch=495/500 elapsed=401.9s loss=0.7618 time=0.0303 stft=1.2028
epoch 24 train batch=500/500 elapsed=405.2s
epoch 24 train batch=500/500 elapsed=406.0s loss=0.7594 time=0.0302 stft=1.1981
valid started total=20
valid batch=5/20 elapsed=1.1s
valid batch=10/20 elapsed=2.4s
valid batch=15/20 elapsed=3.8s
valid batch=20/20 elapsed=5.1s
epoch=24 train_loss=0.7650 valid_loss=1.3797 valid_si_sdr=-36.60dB
epoch 25 train started total=500
epoch 25 train batch=5/500 elapsed=3.3s
epoch 25 train batch=5/500 elapsed=4.1s loss=0.9433 time=0.0219 stft=1.6197
epoch 25 train batch=10/500 elapsed=7.3s
epoch 25 train batch=10/500 elapsed=8.1s loss=0.7324 time=0.0235 stft=1.1972
epoch 25 train batch=15/500 elapsed=11.4s
epoch 25 train batch=15/500 elapsed=12.2s loss=0.7318 time=0.0254 stft=1.1806
epoch 25 train batch=20/500 elapsed=15.5s
epoch 25 train batch=20/500 elapsed=16.3s loss=0.8741 time=0.0250 stft=1.4605
epoch 25 train batch=25/500 elapsed=19.5s
epoch 25 train batch=25/500 elapsed=20.3s loss=0.8796 time=0.0251 stft=1.4659
epoch 25 train batch=30/500 elapsed=23.6s
epoch 25 train batch=30/500 elapsed=24.4s loss=0.9526 time=0.0252 stft=1.6050
epoch 25 train batch=35/500 elapsed=27.6s
epoch 25 train batch=35/500 elapsed=28.4s loss=1.0638 time=0.0261 stft=1.8242
epoch 25 train batch=40/500 elapsed=31.7s
epoch 25 train batch=40/500 elapsed=32.5s loss=1.0757 time=0.0259 stft=1.8417
epoch 25 train batch=45/500 elapsed=35.7s
epoch 25 train batch=45/500 elapsed=36.6s loss=1.0150 time=0.0256 stft=1.7215
epoch 25 train batch=50/500 elapsed=39.8s
epoch 25 train batch=50/500 elapsed=40.6s loss=1.0322 time=0.0260 stft=1.7525
epoch 25 train batch=55/500 elapsed=43.9s
epoch 25 train batch=55/500 elapsed=44.7s loss=1.0296 time=0.0265 stft=1.7477
epoch 25 train batch=60/500 elapsed=47.9s
epoch 25 train batch=60/500 elapsed=48.7s loss=1.0432 time=0.0268 stft=1.7753
epoch 25 train batch=65/500 elapsed=52.0s
epoch 25 train batch=65/500 elapsed=52.8s loss=0.9999 time=0.0272 stft=1.6859
epoch 25 train batch=70/500 elapsed=56.0s
epoch 25 train batch=70/500 elapsed=56.8s loss=0.9669 time=0.0271 stft=1.6198
epoch 25 train batch=75/500 elapsed=60.1s
epoch 25 train batch=75/500 elapsed=60.9s loss=0.9976 time=0.0267 stft=1.6810
epoch 25 train batch=80/500 elapsed=64.1s
epoch 25 train batch=80/500 elapsed=64.9s loss=0.9733 time=0.0273 stft=1.6303
epoch 25 train batch=85/500 elapsed=68.2s
epoch 25 train batch=85/500 elapsed=69.0s loss=0.9633 time=0.0281 stft=1.6071
epoch 25 train batch=90/500 elapsed=72.2s
epoch 25 train batch=90/500 elapsed=73.0s loss=0.9511 time=0.0281 stft=1.5815
epoch 25 train batch=95/500 elapsed=76.3s
epoch 25 train batch=95/500 elapsed=77.1s loss=0.9426 time=0.0277 stft=1.5637
epoch 25 train batch=100/500 elapsed=80.3s
epoch 25 train batch=100/500 elapsed=81.1s loss=0.9463 time=0.0280 stft=1.5733
epoch 25 train batch=105/500 elapsed=84.4s
epoch 25 train batch=105/500 elapsed=85.2s loss=0.9266 time=0.0284 stft=1.5340
epoch 25 train batch=110/500 elapsed=88.5s
epoch 25 train batch=110/500 elapsed=89.3s loss=0.9208 time=0.0283 stft=1.5234
epoch 25 train batch=115/500 elapsed=92.5s
epoch 25 train batch=115/500 elapsed=93.3s loss=0.9218 time=0.0282 stft=1.5245
epoch 25 train batch=120/500 elapsed=96.6s
epoch 25 train batch=120/500 elapsed=97.4s loss=0.9295 time=0.0288 stft=1.5356
epoch 25 train batch=125/500 elapsed=100.6s
epoch 25 train batch=125/500 elapsed=101.5s loss=0.9125 time=0.0289 stft=1.5018
epoch 25 train batch=130/500 elapsed=104.7s
epoch 25 train batch=130/500 elapsed=105.5s loss=0.8984 time=0.0290 stft=1.4723
epoch 25 train batch=135/500 elapsed=108.8s
epoch 25 train batch=135/500 elapsed=109.6s loss=0.9022 time=0.0294 stft=1.4780
epoch 25 train batch=140/500 elapsed=112.8s
epoch 25 train batch=140/500 elapsed=113.6s loss=0.8952 time=0.0292 stft=1.4662
epoch 25 train batch=145/500 elapsed=116.9s
epoch 25 train batch=145/500 elapsed=117.7s loss=0.8793 time=0.0291 stft=1.4373
epoch 25 train batch=150/500 elapsed=120.9s
epoch 25 train batch=150/500 elapsed=121.7s loss=0.8741 time=0.0291 stft=1.4269
epoch 25 train batch=155/500 elapsed=125.0s
epoch 25 train batch=155/500 elapsed=125.8s loss=0.8699 time=0.0292 stft=1.4182
epoch 25 train batch=160/500 elapsed=129.0s
epoch 25 train batch=160/500 elapsed=129.8s loss=0.8839 time=0.0293 stft=1.4463
epoch 25 train batch=165/500 elapsed=133.1s
epoch 25 train batch=165/500 elapsed=133.9s loss=0.8719 time=0.0295 stft=1.4222
epoch 25 train batch=170/500 elapsed=137.1s
epoch 25 train batch=170/500 elapsed=138.0s loss=0.8615 time=0.0297 stft=1.4010
epoch 25 train batch=175/500 elapsed=141.2s
epoch 25 train batch=175/500 elapsed=142.0s loss=0.8503 time=0.0298 stft=1.3785
epoch 25 train batch=180/500 elapsed=145.2s
epoch 25 train batch=180/500 elapsed=146.1s loss=0.8459 time=0.0296 stft=1.3713
epoch 25 train batch=185/500 elapsed=149.3s
epoch 25 train batch=185/500 elapsed=150.1s loss=0.8493 time=0.0294 stft=1.3787
epoch 25 train batch=190/500 elapsed=153.4s
epoch 25 train batch=190/500 elapsed=154.2s loss=0.8511 time=0.0293 stft=1.3836
epoch 25 train batch=195/500 elapsed=157.4s
epoch 25 train batch=195/500 elapsed=158.2s loss=0.8598 time=0.0294 stft=1.4012
epoch 25 train batch=200/500 elapsed=161.5s
epoch 25 train batch=200/500 elapsed=162.3s loss=0.8517 time=0.0294 stft=1.3839
epoch 25 train batch=205/500 elapsed=165.5s
epoch 25 train batch=205/500 elapsed=166.3s loss=0.8539 time=0.0294 stft=1.3884
epoch 25 train batch=210/500 elapsed=169.6s
epoch 25 train batch=210/500 elapsed=170.4s loss=0.8467 time=0.0291 stft=1.3757
epoch 25 train batch=215/500 elapsed=173.6s
epoch 25 train batch=215/500 elapsed=174.4s loss=0.8443 time=0.0289 stft=1.3716
epoch 25 train batch=220/500 elapsed=177.7s
epoch 25 train batch=220/500 elapsed=178.5s loss=0.8548 time=0.0292 stft=1.3917
epoch 25 train batch=225/500 elapsed=181.7s
epoch 25 train batch=225/500 elapsed=182.6s loss=0.8457 time=0.0294 stft=1.3733
epoch 25 train batch=230/500 elapsed=185.8s
epoch 25 train batch=230/500 elapsed=186.6s loss=0.8581 time=0.0294 stft=1.3981
epoch 25 train batch=235/500 elapsed=189.9s
epoch 25 train batch=235/500 elapsed=190.7s loss=0.8508 time=0.0297 stft=1.3824
epoch 25 train batch=240/500 elapsed=193.9s
epoch 25 train batch=240/500 elapsed=194.7s loss=0.8456 time=0.0296 stft=1.3722
epoch 25 train batch=245/500 elapsed=198.0s
epoch 25 train batch=245/500 elapsed=198.8s loss=0.8381 time=0.0296 stft=1.3576
epoch 25 train batch=250/500 elapsed=202.0s
epoch 25 train batch=250/500 elapsed=202.8s loss=0.8362 time=0.0295 stft=1.3531
epoch 25 train batch=255/500 elapsed=206.1s
epoch 25 train batch=255/500 elapsed=206.9s loss=0.8329 time=0.0298 stft=1.3452
epoch 25 train batch=260/500 elapsed=210.1s
epoch 25 train batch=260/500 elapsed=210.9s loss=0.8392 time=0.0297 stft=1.3582
epoch 25 train batch=265/500 elapsed=214.2s
epoch 25 train batch=265/500 elapsed=215.0s loss=0.8415 time=0.0297 stft=1.3627
epoch 25 train batch=270/500 elapsed=218.2s
epoch 25 train batch=270/500 elapsed=219.1s loss=0.8348 time=0.0298 stft=1.3490
epoch 25 train batch=275/500 elapsed=222.3s
epoch 25 train batch=275/500 elapsed=223.1s loss=0.8462 time=0.0297 stft=1.3721
epoch 25 train batch=280/500 elapsed=226.4s
epoch 25 train batch=280/500 elapsed=227.2s loss=0.8439 time=0.0297 stft=1.3680
epoch 25 train batch=285/500 elapsed=230.4s
epoch 25 train batch=285/500 elapsed=231.2s loss=0.8478 time=0.0298 stft=1.3748
epoch 25 train batch=290/500 elapsed=234.5s
epoch 25 train batch=290/500 elapsed=235.3s loss=0.8499 time=0.0298 stft=1.3794
epoch 25 train batch=295/500 elapsed=238.6s
epoch 25 train batch=295/500 elapsed=239.4s loss=0.8444 time=0.0297 stft=1.3687
epoch 25 train batch=300/500 elapsed=242.6s
epoch 25 train batch=300/500 elapsed=243.4s loss=0.8435 time=0.0296 stft=1.3673
epoch 25 train batch=305/500 elapsed=246.7s
epoch 25 train batch=305/500 elapsed=247.5s loss=0.8467 time=0.0294 stft=1.3733
epoch 25 train batch=310/500 elapsed=250.7s
epoch 25 train batch=310/500 elapsed=251.5s loss=0.8472 time=0.0294 stft=1.3754
epoch 25 train batch=315/500 elapsed=254.8s
epoch 25 train batch=315/500 elapsed=255.6s loss=0.8432 time=0.0296 stft=1.3663
epoch 25 train batch=320/500 elapsed=258.9s
epoch 25 train batch=320/500 elapsed=259.7s loss=0.8418 time=0.0296 stft=1.3630
epoch 25 train batch=325/500 elapsed=262.9s
epoch 25 train batch=325/500 elapsed=263.7s loss=0.8447 time=0.0297 stft=1.3677
epoch 25 train batch=330/500 elapsed=267.0s
epoch 25 train batch=330/500 elapsed=267.8s loss=0.8413 time=0.0297 stft=1.3613
epoch 25 train batch=335/500 elapsed=271.0s
epoch 25 train batch=335/500 elapsed=271.8s loss=0.8414 time=0.0297 stft=1.3617
epoch 25 train batch=340/500 elapsed=275.1s
epoch 25 train batch=340/500 elapsed=275.9s loss=0.8400 time=0.0296 stft=1.3587
epoch 25 train batch=345/500 elapsed=279.1s
epoch 25 train batch=345/500 elapsed=279.9s loss=0.8371 time=0.0296 stft=1.3528
epoch 25 train batch=350/500 elapsed=283.2s
epoch 25 train batch=350/500 elapsed=284.0s loss=0.8329 time=0.0297 stft=1.3438
epoch 25 train batch=355/500 elapsed=287.3s
epoch 25 train batch=355/500 elapsed=288.1s loss=0.8320 time=0.0297 stft=1.3427
epoch 25 train batch=360/500 elapsed=291.3s
epoch 25 train batch=360/500 elapsed=292.1s loss=0.8266 time=0.0296 stft=1.3323
epoch 25 train batch=365/500 elapsed=295.4s
epoch 25 train batch=365/500 elapsed=296.2s loss=0.8337 time=0.0296 stft=1.3467
epoch 25 train batch=370/500 elapsed=299.4s
epoch 25 train batch=370/500 elapsed=300.3s loss=0.8361 time=0.0296 stft=1.3511
epoch 25 train batch=375/500 elapsed=303.5s
epoch 25 train batch=375/500 elapsed=304.3s loss=0.8315 time=0.0296 stft=1.3417
epoch 25 train batch=380/500 elapsed=307.6s
epoch 25 train batch=380/500 elapsed=308.4s loss=0.8322 time=0.0295 stft=1.3436
epoch 25 train batch=385/500 elapsed=311.6s
epoch 25 train batch=385/500 elapsed=312.4s loss=0.8313 time=0.0296 stft=1.3416
epoch 25 train batch=390/500 elapsed=315.7s
epoch 25 train batch=390/500 elapsed=316.5s loss=0.8302 time=0.0296 stft=1.3391
epoch 25 train batch=395/500 elapsed=319.7s
epoch 25 train batch=395/500 elapsed=320.5s loss=0.8322 time=0.0295 stft=1.3436
epoch 25 train batch=400/500 elapsed=323.8s
epoch 25 train batch=400/500 elapsed=324.6s loss=0.8289 time=0.0295 stft=1.3376
epoch 25 train batch=405/500 elapsed=327.8s
epoch 25 train batch=405/500 elapsed=328.6s loss=0.8306 time=0.0297 stft=1.3399
epoch 25 train batch=410/500 elapsed=331.9s
epoch 25 train batch=410/500 elapsed=332.7s loss=0.8304 time=0.0297 stft=1.3393
epoch 25 train batch=415/500 elapsed=336.0s
epoch 25 train batch=415/500 elapsed=336.8s loss=0.8317 time=0.0297 stft=1.3413
epoch 25 train batch=420/500 elapsed=340.0s
epoch 25 train batch=420/500 elapsed=340.8s loss=0.8276 time=0.0298 stft=1.3326
epoch 25 train batch=425/500 elapsed=344.1s
epoch 25 train batch=425/500 elapsed=344.9s loss=0.8342 time=0.0298 stft=1.3462
epoch 25 train batch=430/500 elapsed=348.1s
epoch 25 train batch=430/500 elapsed=348.9s loss=0.8354 time=0.0298 stft=1.3489
epoch 25 train batch=435/500 elapsed=352.2s
epoch 25 train batch=435/500 elapsed=353.0s loss=0.8352 time=0.0298 stft=1.3489
epoch 25 train batch=440/500 elapsed=356.2s
epoch 25 train batch=440/500 elapsed=357.0s loss=0.8336 time=0.0298 stft=1.3456
epoch 25 train batch=445/500 elapsed=360.3s
epoch 25 train batch=445/500 elapsed=361.1s loss=0.8420 time=0.0297 stft=1.3625
epoch 25 train batch=450/500 elapsed=364.3s
epoch 25 train batch=450/500 elapsed=365.1s loss=0.8382 time=0.0298 stft=1.3551
epoch 25 train batch=455/500 elapsed=368.4s
epoch 25 train batch=455/500 elapsed=369.2s loss=0.8399 time=0.0299 stft=1.3575
epoch 25 train batch=460/500 elapsed=372.4s
epoch 25 train batch=460/500 elapsed=373.2s loss=0.8368 time=0.0301 stft=1.3505
epoch 25 train batch=465/500 elapsed=376.5s
epoch 25 train batch=465/500 elapsed=377.3s loss=0.8368 time=0.0302 stft=1.3503
epoch 25 train batch=470/500 elapsed=380.6s
epoch 25 train batch=470/500 elapsed=381.4s loss=0.8405 time=0.0302 stft=1.3583
epoch 25 train batch=475/500 elapsed=384.6s
epoch 25 train batch=475/500 elapsed=385.4s loss=0.8393 time=0.0302 stft=1.3557
epoch 25 train batch=480/500 elapsed=388.7s
epoch 25 train batch=480/500 elapsed=389.5s loss=0.8436 time=0.0302 stft=1.3644
epoch 25 train batch=485/500 elapsed=392.7s
epoch 25 train batch=485/500 elapsed=393.6s loss=0.8471 time=0.0301 stft=1.3719
epoch 25 train batch=490/500 elapsed=396.8s
epoch 25 train batch=490/500 elapsed=397.6s loss=0.8547 time=0.0300 stft=1.3876
epoch 25 train batch=495/500 elapsed=400.9s
epoch 25 train batch=495/500 elapsed=401.7s loss=0.8524 time=0.0300 stft=1.3832
epoch 25 train batch=500/500 elapsed=404.9s
epoch 25 train batch=500/500 elapsed=405.7s loss=0.8578 time=0.0299 stft=1.3948
valid started total=20
valid batch=5/20 elapsed=1.1s
valid batch=10/20 elapsed=2.4s
valid batch=15/20 elapsed=3.8s
valid batch=20/20 elapsed=5.1s
epoch=25 train_loss=0.8056 valid_loss=1.3514 valid_si_sdr=-36.38dB
epoch 26 train started total=500
epoch 26 train batch=5/500 elapsed=3.3s
epoch 26 train batch=5/500 elapsed=4.1s loss=0.7410 time=0.0265 stft=1.1632
epoch 26 train batch=10/500 elapsed=7.3s
epoch 26 train batch=10/500 elapsed=8.2s loss=0.7637 time=0.0269 stft=1.1920
epoch 26 train batch=15/500 elapsed=11.4s
epoch 26 train batch=15/500 elapsed=12.2s loss=0.8920 time=0.0240 stft=1.4740
epoch 26 train batch=20/500 elapsed=15.5s
epoch 26 train batch=20/500 elapsed=16.3s loss=0.8719 time=0.0252 stft=1.4253
epoch 26 train batch=25/500 elapsed=19.5s
epoch 26 train batch=25/500 elapsed=20.3s loss=0.8638 time=0.0253 stft=1.4141
epoch 26 train batch=30/500 elapsed=23.6s
epoch 26 train batch=30/500 elapsed=24.4s loss=0.8040 time=0.0264 stft=1.2885
epoch 26 train batch=35/500 elapsed=27.6s
epoch 26 train batch=35/500 elapsed=28.4s loss=0.8602 time=0.0276 stft=1.4003
epoch 26 train batch=40/500 elapsed=31.7s
epoch 26 train batch=40/500 elapsed=32.5s loss=0.8259 time=0.0279 stft=1.3346
epoch 26 train batch=45/500 elapsed=35.7s
epoch 26 train batch=45/500 elapsed=36.5s loss=0.7897 time=0.0288 stft=1.2644
epoch 26 train batch=50/500 elapsed=39.8s
epoch 26 train batch=50/500 elapsed=40.6s loss=0.7866 time=0.0282 stft=1.2530
epoch 26 train batch=55/500 elapsed=43.9s
epoch 26 train batch=55/500 elapsed=44.7s loss=0.8104 time=0.0290 stft=1.2916
epoch 26 train batch=60/500 elapsed=47.9s
epoch 26 train batch=60/500 elapsed=48.7s loss=0.8518 time=0.0277 stft=1.3828
epoch 26 train batch=65/500 elapsed=52.0s
epoch 26 train batch=65/500 elapsed=52.8s loss=0.8488 time=0.0273 stft=1.3817
epoch 26 train batch=70/500 elapsed=56.0s
epoch 26 train batch=70/500 elapsed=56.9s loss=0.8643 time=0.0274 stft=1.4145
