W0528 13:07:07.590000 241 torch/distributed/run.py:852] 
W0528 13:07:07.590000 241 torch/distributed/run.py:852] *****************************************
W0528 13:07:07.590000 241 torch/distributed/run.py:852] Setting OMP_NUM_THREADS environment variable for each process to be 1 in default, to avoid your system being overloaded, please further tune the variable for optimal performance in your application as needed. 
W0528 13:07:07.590000 241 torch/distributed/run.py:852] *****************************************
Trainable parameters: 7,812,800 (7.81M)
/kaggle/working/phoanoa-v1/scripts/train.py:299: FutureWarning: `torch.cuda.amp.GradScaler(args...)` is deprecated. Please use `torch.amp.GradScaler('cuda', args...)` instead.
  scaler = torch.cuda.amp.GradScaler(enabled=bool(cfg["train"].get("amp", True)) and device.type == "cuda")
/kaggle/working/phoanoa-v1/scripts/train.py:299: FutureWarning: `torch.cuda.amp.GradScaler(args...)` is deprecated. Please use `torch.amp.GradScaler('cuda', args...)` instead.
  scaler = torch.cuda.amp.GradScaler(enabled=bool(cfg["train"].get("amp", True)) and device.type == "cuda")
Resumed from /kaggle/working/runs/phoanoa-v1/checkpoints/last.pt at epoch 67
/kaggle/working/phoanoa-v1/scripts/train.py:166: FutureWarning: `torch.cuda.amp.autocast(args...)` is deprecated. Please use `torch.amp.autocast('cuda', args...)` instead.
  with torch.cuda.amp.autocast(enabled=amp):
/kaggle/working/phoanoa-v1/scripts/train.py:166: FutureWarning: `torch.cuda.amp.autocast(args...)` is deprecated. Please use `torch.amp.autocast('cuda', args...)` instead.
  with torch.cuda.amp.autocast(enabled=amp):
/kaggle/working/phoanoa-v1/src/phoanoa/model.py:299: UserWarning: ComplexHalf support is experimental and many operators don't support it yet. (Triggered internally at /pytorch/aten/src/ATen/EmptyTensor.cpp:54.)
  corr_complex = torch.complex(correction[:, :, :, 0], correction[:, :, :, 1])
/kaggle/working/phoanoa-v1/src/phoanoa/model.py:299: UserWarning: ComplexHalf support is experimental and many operators don't support it yet. (Triggered internally at /pytorch/aten/src/ATen/EmptyTensor.cpp:54.)
  corr_complex = torch.complex(correction[:, :, :, 0], correction[:, :, :, 1])
epoch=67 step=1/500 loss=0.8314 time=0.0055 stft=1.3716 cons=0.00000 teacher=0.0000 teacher_w=0.049
epoch=67 step=5/500 loss=1.0593 time=0.0186 stft=1.7161 cons=0.00000 teacher=0.0000 teacher_w=0.049
epoch=67 step=10/500 loss=1.2304 time=0.0204 stft=1.9942 cons=0.00000 teacher=0.0000 teacher_w=0.049
epoch=67 step=15/500 loss=1.1223 time=0.0216 stft=1.8142 cons=0.00000 teacher=0.0000 teacher_w=0.049
epoch=67 step=20/500 loss=1.1782 time=0.0223 stft=1.9052 cons=0.00000 teacher=0.0000 teacher_w=0.049
epoch=67 step=25/500 loss=1.1550 time=0.0234 stft=1.8643 cons=0.00000 teacher=0.0000 teacher_w=0.049
epoch=67 step=30/500 loss=1.1919 time=0.0236 stft=1.9239 cons=0.00000 teacher=0.0000 teacher_w=0.049
epoch=67 step=35/500 loss=1.2447 time=0.0220 stft=2.0157 cons=0.00000 teacher=0.0000 teacher_w=0.049
epoch=67 step=40/500 loss=1.2343 time=0.0222 stft=1.9982 cons=0.00000 teacher=0.0000 teacher_w=0.049
epoch=67 step=45/500 loss=1.2166 time=0.0213 stft=1.9709 cons=0.00000 teacher=0.0000 teacher_w=0.049
epoch=67 step=50/500 loss=1.2332 time=0.0218 stft=1.9976 cons=0.00000 teacher=0.0000 teacher_w=0.049
epoch=67 step=55/500 loss=1.2208 time=0.0220 stft=1.9763 cons=0.00000 teacher=0.0000 teacher_w=0.049
epoch=67 step=60/500 loss=1.2193 time=0.0216 stft=1.9745 cons=0.00000 teacher=0.0000 teacher_w=0.049
epoch=67 step=65/500 loss=1.2164 time=0.0218 stft=1.9703 cons=0.00000 teacher=0.0000 teacher_w=0.049
epoch=67 step=70/500 loss=1.2336 time=0.0218 stft=1.9983 cons=0.00000 teacher=0.0000 teacher_w=0.049
epoch=67 step=75/500 loss=1.2284 time=0.0221 stft=1.9887 cons=0.00000 teacher=0.0000 teacher_w=0.049
epoch=67 step=80/500 loss=1.2164 time=0.0221 stft=1.9693 cons=0.00000 teacher=0.0000 teacher_w=0.049
epoch=67 step=85/500 loss=1.1997 time=0.0221 stft=1.9409 cons=0.00000 teacher=0.0000 teacher_w=0.049
epoch=67 step=90/500 loss=1.1909 time=0.0223 stft=1.9266 cons=0.00000 teacher=0.0000 teacher_w=0.049
epoch=67 step=95/500 loss=1.1942 time=0.0223 stft=1.9322 cons=0.00000 teacher=0.0000 teacher_w=0.049
epoch=67 step=100/500 loss=1.1918 time=0.0228 stft=1.9264 cons=0.00000 teacher=0.0000 teacher_w=0.049
epoch=67 step=105/500 loss=1.1892 time=0.0228 stft=1.9220 cons=0.00000 teacher=0.0000 teacher_w=0.049
epoch=67 step=110/500 loss=1.1953 time=0.0226 stft=1.9324 cons=0.00000 teacher=0.0000 teacher_w=0.049
epoch=67 step=115/500 loss=1.2003 time=0.0228 stft=1.9407 cons=0.00000 teacher=0.0000 teacher_w=0.049
epoch=67 step=120/500 loss=1.1956 time=0.0228 stft=1.9326 cons=0.00000 teacher=0.0000 teacher_w=0.049
epoch=67 step=125/500 loss=1.2015 time=0.0226 stft=1.9432 cons=0.00000 teacher=0.0000 teacher_w=0.049
epoch=67 step=130/500 loss=1.2131 time=0.0223 stft=1.9629 cons=0.00000 teacher=0.0000 teacher_w=0.049
epoch=67 step=135/500 loss=1.2064 time=0.0222 stft=1.9522 cons=0.00000 teacher=0.0000 teacher_w=0.049
epoch=67 step=140/500 loss=1.2088 time=0.0224 stft=1.9555 cons=0.00000 teacher=0.0000 teacher_w=0.049
epoch=67 step=145/500 loss=1.2035 time=0.0225 stft=1.9462 cons=0.00000 teacher=0.0000 teacher_w=0.049
epoch=67 step=150/500 loss=1.2044 time=0.0224 stft=1.9480 cons=0.00000 teacher=0.0000 teacher_w=0.049
epoch=67 step=155/500 loss=1.2008 time=0.0222 stft=1.9427 cons=0.00000 teacher=0.0000 teacher_w=0.049
epoch=67 step=160/500 loss=1.1974 time=0.0221 stft=1.9373 cons=0.00000 teacher=0.0000 teacher_w=0.049
epoch=67 step=165/500 loss=1.1953 time=0.0219 stft=1.9342 cons=0.00000 teacher=0.0000 teacher_w=0.049
epoch=67 step=170/500 loss=1.1941 time=0.0220 stft=1.9319 cons=0.00000 teacher=0.0000 teacher_w=0.049
epoch=67 step=175/500 loss=1.1900 time=0.0220 stft=1.9249 cons=0.00000 teacher=0.0000 teacher_w=0.049
epoch=67 step=180/500 loss=1.1893 time=0.0218 stft=1.9242 cons=0.00000 teacher=0.0000 teacher_w=0.049
epoch=67 step=185/500 loss=1.1962 time=0.0217 stft=1.9360 cons=0.00000 teacher=0.0000 teacher_w=0.049
epoch=67 step=190/500 loss=1.1985 time=0.0218 stft=1.9395 cons=0.00000 teacher=0.0000 teacher_w=0.049
epoch=67 step=195/500 loss=1.2094 time=0.0219 stft=1.9570 cons=0.00000 teacher=0.0000 teacher_w=0.049
epoch=67 step=200/500 loss=1.2090 time=0.0220 stft=1.9564 cons=0.00000 teacher=0.0000 teacher_w=0.049
epoch=67 step=205/500 loss=1.2001 time=0.0220 stft=1.9414 cons=0.00000 teacher=0.0000 teacher_w=0.049
epoch=67 step=210/500 loss=1.1963 time=0.0220 stft=1.9353 cons=0.00000 teacher=0.0000 teacher_w=0.049
epoch=67 step=215/500 loss=1.1963 time=0.0221 stft=1.9354 cons=0.00000 teacher=0.0000 teacher_w=0.049
epoch=67 step=220/500 loss=1.1895 time=0.0221 stft=1.9240 cons=0.00000 teacher=0.0000 teacher_w=0.049
epoch=67 step=225/500 loss=1.1916 time=0.0221 stft=1.9273 cons=0.00000 teacher=0.0000 teacher_w=0.049
epoch=67 step=230/500 loss=1.1906 time=0.0220 stft=1.9258 cons=0.00000 teacher=0.0000 teacher_w=0.049
epoch=67 step=235/500 loss=1.1931 time=0.0221 stft=1.9297 cons=0.00000 teacher=0.0000 teacher_w=0.049
epoch=67 step=240/500 loss=1.2030 time=0.0220 stft=1.9466 cons=0.00000 teacher=0.0000 teacher_w=0.049
epoch=67 step=245/500 loss=1.1970 time=0.0221 stft=1.9360 cons=0.00000 teacher=0.0000 teacher_w=0.049
epoch=67 step=250/500 loss=1.1991 time=0.0223 stft=1.9390 cons=0.00000 teacher=0.0000 teacher_w=0.049
epoch=67 step=255/500 loss=1.2013 time=0.0221 stft=1.9429 cons=0.00000 teacher=0.0000 teacher_w=0.049
epoch=67 step=260/500 loss=1.1967 time=0.0221 stft=1.9350 cons=0.00000 teacher=0.0000 teacher_w=0.049
epoch=67 step=265/500 loss=1.1955 time=0.0221 stft=1.9332 cons=0.00000 teacher=0.0000 teacher_w=0.049
epoch=67 step=270/500 loss=1.1942 time=0.0221 stft=1.9311 cons=0.00000 teacher=0.0000 teacher_w=0.049
epoch=67 step=275/500 loss=1.2004 time=0.0221 stft=1.9413 cons=0.00000 teacher=0.0000 teacher_w=0.049
epoch=67 step=280/500 loss=1.2022 time=0.0221 stft=1.9443 cons=0.00000 teacher=0.0000 teacher_w=0.049
epoch=67 step=285/500 loss=1.2009 time=0.0221 stft=1.9419 cons=0.00000 teacher=0.0000 teacher_w=0.049
epoch=67 step=290/500 loss=1.2006 time=0.0222 stft=1.9414 cons=0.00000 teacher=0.0000 teacher_w=0.049
epoch=67 step=295/500 loss=1.2016 time=0.0222 stft=1.9432 cons=0.00000 teacher=0.0000 teacher_w=0.049
epoch=67 step=300/500 loss=1.1994 time=0.0222 stft=1.9397 cons=0.00000 teacher=0.0000 teacher_w=0.049
epoch=67 step=305/500 loss=1.1935 time=0.0222 stft=1.9296 cons=0.00000 teacher=0.0000 teacher_w=0.049
epoch=67 step=310/500 loss=1.1912 time=0.0223 stft=1.9255 cons=0.00000 teacher=0.0000 teacher_w=0.049
epoch=67 step=315/500 loss=1.2030 time=0.0225 stft=1.9443 cons=0.00000 teacher=0.0000 teacher_w=0.049
epoch=67 step=320/500 loss=1.2059 time=0.0225 stft=1.9489 cons=0.00000 teacher=0.0000 teacher_w=0.049
epoch=67 step=325/500 loss=1.2112 time=0.0225 stft=1.9576 cons=0.00000 teacher=0.0000 teacher_w=0.049
epoch=67 step=330/500 loss=1.2048 time=0.0225 stft=1.9468 cons=0.00000 teacher=0.0000 teacher_w=0.049
epoch=67 step=335/500 loss=1.1997 time=0.0226 stft=1.9382 cons=0.00000 teacher=0.0000 teacher_w=0.049
epoch=67 step=340/500 loss=1.1977 time=0.0225 stft=1.9347 cons=0.00000 teacher=0.0000 teacher_w=0.049
epoch=67 step=345/500 loss=1.1967 time=0.0226 stft=1.9326 cons=0.00000 teacher=0.0000 teacher_w=0.049
epoch=67 step=350/500 loss=1.1953 time=0.0227 stft=1.9300 cons=0.00000 teacher=0.0000 teacher_w=0.049
epoch=67 step=355/500 loss=1.1989 time=0.0227 stft=1.9358 cons=0.00000 teacher=0.0000 teacher_w=0.049
epoch=67 step=360/500 loss=1.1967 time=0.0231 stft=1.9310 cons=0.00000 teacher=0.0000 teacher_w=0.049
epoch=67 step=365/500 loss=1.1971 time=0.0231 stft=1.9318 cons=0.00000 teacher=0.0000 teacher_w=0.049
epoch=67 step=370/500 loss=1.1954 time=0.0231 stft=1.9292 cons=0.00000 teacher=0.0000 teacher_w=0.049
epoch=67 step=375/500 loss=1.1915 time=0.0230 stft=1.9229 cons=0.00000 teacher=0.0000 teacher_w=0.049
epoch=67 step=380/500 loss=1.1905 time=0.0232 stft=1.9203 cons=0.00000 teacher=0.0000 teacher_w=0.049
epoch=67 step=385/500 loss=1.1957 time=0.0231 stft=1.9291 cons=0.00000 teacher=0.0000 teacher_w=0.049
epoch=67 step=390/500 loss=1.2039 time=0.0230 stft=1.9431 cons=0.00000 teacher=0.0000 teacher_w=0.049
epoch=67 step=395/500 loss=1.2061 time=0.0231 stft=1.9467 cons=0.00000 teacher=0.0000 teacher_w=0.049
epoch=67 step=400/500 loss=1.2089 time=0.0231 stft=1.9513 cons=0.00000 teacher=0.0000 teacher_w=0.049
epoch=67 step=405/500 loss=1.2139 time=0.0231 stft=1.9595 cons=0.00000 teacher=0.0000 teacher_w=0.049
epoch=67 step=410/500 loss=1.2139 time=0.0232 stft=1.9594 cons=0.00000 teacher=0.0000 teacher_w=0.049
epoch=67 step=415/500 loss=1.2117 time=0.0232 stft=1.9559 cons=0.00000 teacher=0.0000 teacher_w=0.049
epoch=67 step=420/500 loss=1.2124 time=0.0232 stft=1.9570 cons=0.00000 teacher=0.0000 teacher_w=0.049
epoch=67 step=425/500 loss=1.2121 time=0.0232 stft=1.9565 cons=0.00000 teacher=0.0000 teacher_w=0.049
epoch=67 step=430/500 loss=1.2089 time=0.0232 stft=1.9512 cons=0.00000 teacher=0.0000 teacher_w=0.049
epoch=67 step=435/500 loss=1.2073 time=0.0230 stft=1.9490 cons=0.00000 teacher=0.0000 teacher_w=0.049
epoch=67 step=440/500 loss=1.2054 time=0.0230 stft=1.9458 cons=0.00000 teacher=0.0000 teacher_w=0.049
epoch=67 step=445/500 loss=1.2083 time=0.0230 stft=1.9504 cons=0.00000 teacher=0.0000 teacher_w=0.049
epoch=67 step=450/500 loss=1.2085 time=0.0229 stft=1.9511 cons=0.00000 teacher=0.0000 teacher_w=0.049
epoch=67 step=455/500 loss=1.2060 time=0.0229 stft=1.9467 cons=0.00000 teacher=0.0000 teacher_w=0.049
epoch=67 step=460/500 loss=1.2038 time=0.0229 stft=1.9432 cons=0.00000 teacher=0.0000 teacher_w=0.049
epoch=67 step=465/500 loss=1.2079 time=0.0229 stft=1.9500 cons=0.00000 teacher=0.0000 teacher_w=0.049
epoch=67 step=470/500 loss=1.2030 time=0.0229 stft=1.9417 cons=0.00000 teacher=0.0000 teacher_w=0.049
epoch=67 step=475/500 loss=1.2045 time=0.0229 stft=1.9443 cons=0.00000 teacher=0.0000 teacher_w=0.049
epoch=67 step=480/500 loss=1.2026 time=0.0229 stft=1.9410 cons=0.00000 teacher=0.0000 teacher_w=0.049
epoch=67 step=485/500 loss=1.2019 time=0.0228 stft=1.9398 cons=0.00000 teacher=0.0000 teacher_w=0.049
epoch=67 step=490/500 loss=1.2041 time=0.0228 stft=1.9437 cons=0.00000 teacher=0.0000 teacher_w=0.049
epoch=67 step=495/500 loss=1.2060 time=0.0227 stft=1.9470 cons=0.00000 teacher=0.0000 teacher_w=0.049
epoch=67 step=500/500 loss=1.2085 time=0.0227 stft=1.9511 cons=0.00000 teacher=0.0000 teacher_w=0.049
epoch=67 train_loss=1.2064 valid_loss=1.9300 valid_si_sdr=-21.09dB cons=0.000000 lr=7.92088e-05
epoch=68 step=1/500 loss=0.9336 time=0.0230 stft=1.4980 cons=0.00000 teacher=0.0000 teacher_w=0.048
epoch=68 step=5/500 loss=1.0452 time=0.0282 stft=1.6617 cons=0.00000 teacher=0.0000 teacher_w=0.048
epoch=68 step=10/500 loss=1.0579 time=0.0267 stft=1.6850 cons=0.00000 teacher=0.0000 teacher_w=0.048
epoch=68 step=15/500 loss=1.0539 time=0.0260 stft=1.6772 cons=0.00000 teacher=0.0000 teacher_w=0.048
epoch=68 step=20/500 loss=1.0585 time=0.0245 stft=1.6935 cons=0.00000 teacher=0.0000 teacher_w=0.048
epoch=68 step=25/500 loss=1.0738 time=0.0250 stft=1.7160 cons=0.00000 teacher=0.0000 teacher_w=0.048
epoch=68 step=30/500 loss=1.0982 time=0.0242 stft=1.7605 cons=0.00000 teacher=0.0000 teacher_w=0.048
epoch=68 step=35/500 loss=1.1552 time=0.0241 stft=1.8556 cons=0.00000 teacher=0.0000 teacher_w=0.048
epoch=68 step=40/500 loss=1.1872 time=0.0244 stft=1.9088 cons=0.00000 teacher=0.0000 teacher_w=0.048
epoch=68 step=45/500 loss=1.1808 time=0.0240 stft=1.8986 cons=0.00000 teacher=0.0000 teacher_w=0.048
epoch=68 step=50/500 loss=1.1610 time=0.0241 stft=1.8657 cons=0.00000 teacher=0.0000 teacher_w=0.048
epoch=68 step=55/500 loss=1.2161 time=0.0229 stft=1.9614 cons=0.00000 teacher=0.0000 teacher_w=0.048
epoch=68 step=60/500 loss=1.1883 time=0.0229 stft=1.9153 cons=0.00000 teacher=0.0000 teacher_w=0.048
epoch=68 step=65/500 loss=1.1972 time=0.0227 stft=1.9310 cons=0.00000 teacher=0.0000 teacher_w=0.048
epoch=68 step=70/500 loss=1.2006 time=0.0229 stft=1.9364 cons=0.00000 teacher=0.0000 teacher_w=0.048
epoch=68 step=75/500 loss=1.2069 time=0.0234 stft=1.9456 cons=0.00000 teacher=0.0000 teacher_w=0.048
epoch=68 step=80/500 loss=1.2037 time=0.0233 stft=1.9403 cons=0.00000 teacher=0.0000 teacher_w=0.048
epoch=68 step=85/500 loss=1.1893 time=0.0235 stft=1.9161 cons=0.00000 teacher=0.0000 teacher_w=0.048
epoch=68 step=90/500 loss=1.1867 time=0.0235 stft=1.9112 cons=0.00000 teacher=0.0000 teacher_w=0.048
epoch=68 step=95/500 loss=1.1749 time=0.0239 stft=1.8903 cons=0.00000 teacher=0.0000 teacher_w=0.048
epoch=68 step=100/500 loss=1.1595 time=0.0241 stft=1.8648 cons=0.00000 teacher=0.0000 teacher_w=0.048
epoch=68 step=105/500 loss=1.1745 time=0.0238 stft=1.8909 cons=0.00000 teacher=0.0000 teacher_w=0.048
epoch=68 step=110/500 loss=1.1620 time=0.0243 stft=1.8690 cons=0.00000 teacher=0.0000 teacher_w=0.048
epoch=68 step=115/500 loss=1.1671 time=0.0244 stft=1.8767 cons=0.00000 teacher=0.0000 teacher_w=0.048
epoch=68 step=120/500 loss=1.1696 time=0.0248 stft=1.8795 cons=0.00000 teacher=0.0000 teacher_w=0.048
epoch=68 step=125/500 loss=1.1765 time=0.0248 stft=1.8909 cons=0.00000 teacher=0.0000 teacher_w=0.048
epoch=68 step=130/500 loss=1.1969 time=0.0245 stft=1.9261 cons=0.00000 teacher=0.0000 teacher_w=0.048
epoch=68 step=135/500 loss=1.2003 time=0.0245 stft=1.9319 cons=0.00000 teacher=0.0000 teacher_w=0.048
epoch=68 step=140/500 loss=1.2055 time=0.0244 stft=1.9405 cons=0.00000 teacher=0.0000 teacher_w=0.048
epoch=68 step=145/500 loss=1.2161 time=0.0245 stft=1.9583 cons=0.00000 teacher=0.0000 teacher_w=0.048
epoch=68 step=150/500 loss=1.2238 time=0.0245 stft=1.9711 cons=0.00000 teacher=0.0000 teacher_w=0.048
epoch=68 step=155/500 loss=1.2321 time=0.0243 stft=1.9856 cons=0.00000 teacher=0.0000 teacher_w=0.048
epoch=68 step=160/500 loss=1.2301 time=0.0240 stft=1.9830 cons=0.00000 teacher=0.0000 teacher_w=0.048
epoch=68 step=165/500 loss=1.2248 time=0.0241 stft=1.9742 cons=0.00000 teacher=0.0000 teacher_w=0.048
epoch=68 step=170/500 loss=1.2157 time=0.0240 stft=1.9595 cons=0.00000 teacher=0.0000 teacher_w=0.048
epoch=68 step=175/500 loss=1.2157 time=0.0239 stft=1.9598 cons=0.00000 teacher=0.0000 teacher_w=0.048
epoch=68 step=180/500 loss=1.2087 time=0.0241 stft=1.9477 cons=0.00000 teacher=0.0000 teacher_w=0.048
epoch=68 step=185/500 loss=1.2052 time=0.0241 stft=1.9419 cons=0.00000 teacher=0.0000 teacher_w=0.048
epoch=68 step=190/500 loss=1.1964 time=0.0240 stft=1.9274 cons=0.00000 teacher=0.0000 teacher_w=0.048
epoch=68 step=195/500 loss=1.2042 time=0.0239 stft=1.9404 cons=0.00000 teacher=0.0000 teacher_w=0.048
epoch=68 step=200/500 loss=1.1941 time=0.0237 stft=1.9242 cons=0.00000 teacher=0.0000 teacher_w=0.048
epoch=68 step=205/500 loss=1.1917 time=0.0237 stft=1.9197 cons=0.00000 teacher=0.0000 teacher_w=0.048
epoch=68 step=210/500 loss=1.1962 time=0.0237 stft=1.9270 cons=0.00000 teacher=0.0000 teacher_w=0.048
epoch=68 step=215/500 loss=1.2002 time=0.0238 stft=1.9334 cons=0.00000 teacher=0.0000 teacher_w=0.048
epoch=68 step=220/500 loss=1.1961 time=0.0237 stft=1.9269 cons=0.00000 teacher=0.0000 teacher_w=0.048
epoch=68 step=225/500 loss=1.1983 time=0.0237 stft=1.9305 cons=0.00000 teacher=0.0000 teacher_w=0.048
epoch=68 step=230/500 loss=1.1928 time=0.0236 stft=1.9215 cons=0.00000 teacher=0.0000 teacher_w=0.048
epoch=68 step=235/500 loss=1.1881 time=0.0236 stft=1.9139 cons=0.00000 teacher=0.0000 teacher_w=0.048
epoch=68 step=240/500 loss=1.1809 time=0.0237 stft=1.9018 cons=0.00000 teacher=0.0000 teacher_w=0.048
epoch=68 step=245/500 loss=1.1772 time=0.0237 stft=1.8956 cons=0.00000 teacher=0.0000 teacher_w=0.048
epoch=68 step=250/500 loss=1.1723 time=0.0237 stft=1.8876 cons=0.00000 teacher=0.0000 teacher_w=0.048
epoch=68 step=255/500 loss=1.1675 time=0.0238 stft=1.8794 cons=0.00000 teacher=0.0000 teacher_w=0.048
epoch=68 step=260/500 loss=1.1725 time=0.0239 stft=1.8877 cons=0.00000 teacher=0.0000 teacher_w=0.048
epoch=68 step=265/500 loss=1.1672 time=0.0240 stft=1.8788 cons=0.00000 teacher=0.0000 teacher_w=0.048
epoch=68 step=270/500 loss=1.1717 time=0.0239 stft=1.8866 cons=0.00000 teacher=0.0000 teacher_w=0.048
epoch=68 step=275/500 loss=1.1808 time=0.0239 stft=1.9016 cons=0.00000 teacher=0.0000 teacher_w=0.048
epoch=68 step=280/500 loss=1.1833 time=0.0240 stft=1.9055 cons=0.00000 teacher=0.0000 teacher_w=0.048
epoch=68 step=285/500 loss=1.1851 time=0.0238 stft=1.9093 cons=0.00000 teacher=0.0000 teacher_w=0.048
epoch=68 step=290/500 loss=1.1869 time=0.0238 stft=1.9121 cons=0.00000 teacher=0.0000 teacher_w=0.048
epoch=68 step=295/500 loss=1.1883 time=0.0241 stft=1.9137 cons=0.00000 teacher=0.0000 teacher_w=0.048
epoch=68 step=300/500 loss=1.1933 time=0.0240 stft=1.9224 cons=0.00000 teacher=0.0000 teacher_w=0.048
epoch=68 step=305/500 loss=1.1965 time=0.0239 stft=1.9279 cons=0.00000 teacher=0.0000 teacher_w=0.048
epoch=68 step=310/500 loss=1.1950 time=0.0239 stft=1.9252 cons=0.00000 teacher=0.0000 teacher_w=0.048
epoch=68 step=315/500 loss=1.1957 time=0.0238 stft=1.9266 cons=0.00000 teacher=0.0000 teacher_w=0.048
epoch=68 step=320/500 loss=1.2004 time=0.0239 stft=1.9344 cons=0.00000 teacher=0.0000 teacher_w=0.048
epoch=68 step=325/500 loss=1.2001 time=0.0238 stft=1.9342 cons=0.00000 teacher=0.0000 teacher_w=0.048
epoch=68 step=330/500 loss=1.1946 time=0.0238 stft=1.9249 cons=0.00000 teacher=0.0000 teacher_w=0.048
epoch=68 step=335/500 loss=1.1891 time=0.0238 stft=1.9156 cons=0.00000 teacher=0.0000 teacher_w=0.048
epoch=68 step=340/500 loss=1.1936 time=0.0238 stft=1.9233 cons=0.00000 teacher=0.0000 teacher_w=0.048
epoch=68 step=345/500 loss=1.1998 time=0.0238 stft=1.9333 cons=0.00000 teacher=0.0000 teacher_w=0.048
epoch=68 step=350/500 loss=1.1968 time=0.0239 stft=1.9282 cons=0.00000 teacher=0.0000 teacher_w=0.048
epoch=68 step=355/500 loss=1.1906 time=0.0239 stft=1.9179 cons=0.00000 teacher=0.0000 teacher_w=0.048
epoch=68 step=360/500 loss=1.1856 time=0.0239 stft=1.9094 cons=0.00000 teacher=0.0000 teacher_w=0.048
epoch=68 step=365/500 loss=1.1889 time=0.0238 stft=1.9151 cons=0.00000 teacher=0.0000 teacher_w=0.048
epoch=68 step=370/500 loss=1.1917 time=0.0238 stft=1.9200 cons=0.00000 teacher=0.0000 teacher_w=0.048
epoch=68 step=375/500 loss=1.1894 time=0.0237 stft=1.9164 cons=0.00000 teacher=0.0000 teacher_w=0.048
epoch=68 step=380/500 loss=1.1893 time=0.0237 stft=1.9162 cons=0.00000 teacher=0.0000 teacher_w=0.048
epoch=68 step=385/500 loss=1.1915 time=0.0237 stft=1.9197 cons=0.00000 teacher=0.0000 teacher_w=0.048
epoch=68 step=390/500 loss=1.1925 time=0.0237 stft=1.9213 cons=0.00000 teacher=0.0000 teacher_w=0.048
epoch=68 step=395/500 loss=1.1897 time=0.0239 stft=1.9163 cons=0.00000 teacher=0.0000 teacher_w=0.048
epoch=68 step=400/500 loss=1.1902 time=0.0239 stft=1.9171 cons=0.00000 teacher=0.0000 teacher_w=0.048
epoch=68 step=405/500 loss=1.1926 time=0.0239 stft=1.9213 cons=0.00000 teacher=0.0000 teacher_w=0.048
epoch=68 step=410/500 loss=1.1971 time=0.0239 stft=1.9287 cons=0.00000 teacher=0.0000 teacher_w=0.048
epoch=68 step=415/500 loss=1.1994 time=0.0238 stft=1.9328 cons=0.00000 teacher=0.0000 teacher_w=0.048
epoch=68 step=420/500 loss=1.2015 time=0.0239 stft=1.9362 cons=0.00000 teacher=0.0000 teacher_w=0.048
epoch=68 step=425/500 loss=1.2050 time=0.0240 stft=1.9417 cons=0.00000 teacher=0.0000 teacher_w=0.048
epoch=68 step=430/500 loss=1.2047 time=0.0239 stft=1.9414 cons=0.00000 teacher=0.0000 teacher_w=0.048
epoch=68 step=435/500 loss=1.2015 time=0.0239 stft=1.9359 cons=0.00000 teacher=0.0000 teacher_w=0.048
epoch=68 step=440/500 loss=1.2017 time=0.0239 stft=1.9365 cons=0.00000 teacher=0.0000 teacher_w=0.048
epoch=68 step=445/500 loss=1.2008 time=0.0239 stft=1.9348 cons=0.00000 teacher=0.0000 teacher_w=0.048
epoch=68 step=450/500 loss=1.2074 time=0.0238 stft=1.9461 cons=0.00000 teacher=0.0000 teacher_w=0.048
epoch=68 step=455/500 loss=1.2131 time=0.0237 stft=1.9561 cons=0.00000 teacher=0.0000 teacher_w=0.048
epoch=68 step=460/500 loss=1.2132 time=0.0238 stft=1.9561 cons=0.00000 teacher=0.0000 teacher_w=0.048
epoch=68 step=465/500 loss=1.2156 time=0.0239 stft=1.9600 cons=0.00000 teacher=0.0000 teacher_w=0.048
epoch=68 step=470/500 loss=1.2144 time=0.0239 stft=1.9579 cons=0.00000 teacher=0.0000 teacher_w=0.048
epoch=68 step=475/500 loss=1.2128 time=0.0240 stft=1.9549 cons=0.00000 teacher=0.0000 teacher_w=0.048
epoch=68 step=480/500 loss=1.2120 time=0.0239 stft=1.9539 cons=0.00000 teacher=0.0000 teacher_w=0.048
epoch=68 step=485/500 loss=1.2117 time=0.0238 stft=1.9535 cons=0.00000 teacher=0.0000 teacher_w=0.048
epoch=68 step=490/500 loss=1.2086 time=0.0238 stft=1.9484 cons=0.00000 teacher=0.0000 teacher_w=0.048
epoch=68 step=495/500 loss=1.2095 time=0.0237 stft=1.9502 cons=0.00000 teacher=0.0000 teacher_w=0.048
epoch=68 step=500/500 loss=1.2128 time=0.0237 stft=1.9558 cons=0.00000 teacher=0.0000 teacher_w=0.048
epoch=68 train_loss=1.2249 valid_loss=1.9211 valid_si_sdr=-20.95dB cons=0.000000 lr=7.66555e-05
epoch=69 step=1/500 loss=0.7525 time=0.0182 stft=1.1958 cons=0.00000 teacher=0.0000 teacher_w=0.046
epoch=69 step=5/500 loss=1.0349 time=0.0325 stft=1.6107 cons=0.00000 teacher=0.0000 teacher_w=0.046
epoch=69 step=10/500 loss=1.0788 time=0.0259 stft=1.7132 cons=0.00000 teacher=0.0000 teacher_w=0.046
epoch=69 step=15/500 loss=1.0426 time=0.0233 stft=1.6640 cons=0.00000 teacher=0.0000 teacher_w=0.046
epoch=69 step=20/500 loss=1.1875 time=0.0230 stft=1.9095 cons=0.00000 teacher=0.0000 teacher_w=0.046
epoch=69 step=25/500 loss=1.1935 time=0.0229 stft=1.9226 cons=0.00000 teacher=0.0000 teacher_w=0.046
epoch=69 step=30/500 loss=1.1690 time=0.0233 stft=1.8792 cons=0.00000 teacher=0.0000 teacher_w=0.046
epoch=69 step=35/500 loss=1.1761 time=0.0244 stft=1.8860 cons=0.00000 teacher=0.0000 teacher_w=0.046
epoch=69 step=40/500 loss=1.1827 time=0.0232 stft=1.9007 cons=0.00000 teacher=0.0000 teacher_w=0.046
epoch=69 step=45/500 loss=1.1436 time=0.0229 stft=1.8370 cons=0.00000 teacher=0.0000 teacher_w=0.046
epoch=69 step=50/500 loss=1.1568 time=0.0222 stft=1.8617 cons=0.00000 teacher=0.0000 teacher_w=0.046
epoch=69 step=55/500 loss=1.1553 time=0.0216 stft=1.8614 cons=0.00000 teacher=0.0000 teacher_w=0.046
epoch=69 step=60/500 loss=1.1561 time=0.0222 stft=1.8609 cons=0.00000 teacher=0.0000 teacher_w=0.046
epoch=69 step=65/500 loss=1.1619 time=0.0220 stft=1.8719 cons=0.00000 teacher=0.0000 teacher_w=0.046
epoch=69 step=70/500 loss=1.1906 time=0.0219 stft=1.9205 cons=0.00000 teacher=0.0000 teacher_w=0.046
epoch=69 step=75/500 loss=1.1921 time=0.0218 stft=1.9231 cons=0.00000 teacher=0.0000 teacher_w=0.046
epoch=69 step=80/500 loss=1.1744 time=0.0219 stft=1.8926 cons=0.00000 teacher=0.0000 teacher_w=0.046
epoch=69 step=85/500 loss=1.1650 time=0.0218 stft=1.8776 cons=0.00000 teacher=0.0000 teacher_w=0.046
epoch=69 step=90/500 loss=1.1520 time=0.0222 stft=1.8551 cons=0.00000 teacher=0.0000 teacher_w=0.046
epoch=69 step=95/500 loss=1.1396 time=0.0222 stft=1.8342 cons=0.00000 teacher=0.0000 teacher_w=0.046
epoch=69 step=100/500 loss=1.1625 time=0.0217 stft=1.8735 cons=0.00000 teacher=0.0000 teacher_w=0.046
epoch=69 step=105/500 loss=1.1506 time=0.0224 stft=1.8526 cons=0.00000 teacher=0.0000 teacher_w=0.046
epoch=69 step=110/500 loss=1.1712 time=0.0224 stft=1.8867 cons=0.00000 teacher=0.0000 teacher_w=0.046
epoch=69 step=115/500 loss=1.1824 time=0.0229 stft=1.9045 cons=0.00000 teacher=0.0000 teacher_w=0.046
epoch=69 step=120/500 loss=1.1919 time=0.0228 stft=1.9207 cons=0.00000 teacher=0.0000 teacher_w=0.046
epoch=69 step=125/500 loss=1.1971 time=0.0229 stft=1.9290 cons=0.00000 teacher=0.0000 teacher_w=0.046
epoch=69 step=130/500 loss=1.1981 time=0.0228 stft=1.9314 cons=0.00000 teacher=0.0000 teacher_w=0.046
epoch=69 step=135/500 loss=1.2120 time=0.0230 stft=1.9540 cons=0.00000 teacher=0.0000 teacher_w=0.046
epoch=69 step=140/500 loss=1.2150 time=0.0228 stft=1.9594 cons=0.00000 teacher=0.0000 teacher_w=0.046
epoch=69 step=145/500 loss=1.2398 time=0.0227 stft=2.0008 cons=0.00000 teacher=0.0000 teacher_w=0.046
epoch=69 step=150/500 loss=1.2325 time=0.0226 stft=1.9893 cons=0.00000 teacher=0.0000 teacher_w=0.046
epoch=69 step=155/500 loss=1.2175 time=0.0228 stft=1.9638 cons=0.00000 teacher=0.0000 teacher_w=0.046
epoch=69 step=160/500 loss=1.2191 time=0.0228 stft=1.9668 cons=0.00000 teacher=0.0000 teacher_w=0.046
epoch=69 step=165/500 loss=1.2202 time=0.0229 stft=1.9679 cons=0.00000 teacher=0.0000 teacher_w=0.046
epoch=69 step=170/500 loss=1.2213 time=0.0227 stft=1.9705 cons=0.00000 teacher=0.0000 teacher_w=0.046
epoch=69 step=175/500 loss=1.2108 time=0.0230 stft=1.9520 cons=0.00000 teacher=0.0000 teacher_w=0.046
epoch=69 step=180/500 loss=1.2078 time=0.0230 stft=1.9469 cons=0.00000 teacher=0.0000 teacher_w=0.046
epoch=69 step=185/500 loss=1.2069 time=0.0226 stft=1.9466 cons=0.00000 teacher=0.0000 teacher_w=0.046
epoch=69 step=190/500 loss=1.2060 time=0.0226 stft=1.9451 cons=0.00000 teacher=0.0000 teacher_w=0.046
epoch=69 step=195/500 loss=1.2063 time=0.0226 stft=1.9458 cons=0.00000 teacher=0.0000 teacher_w=0.046
epoch=69 step=200/500 loss=1.2125 time=0.0225 stft=1.9564 cons=0.00000 teacher=0.0000 teacher_w=0.046
epoch=69 step=205/500 loss=1.2020 time=0.0225 stft=1.9389 cons=0.00000 teacher=0.0000 teacher_w=0.046
epoch=69 step=210/500 loss=1.2130 time=0.0223 stft=1.9579 cons=0.00000 teacher=0.0000 teacher_w=0.046
epoch=69 step=215/500 loss=1.2021 time=0.0222 stft=1.9400 cons=0.00000 teacher=0.0000 teacher_w=0.046
epoch=69 step=220/500 loss=1.2195 time=0.0223 stft=1.9686 cons=0.00000 teacher=0.0000 teacher_w=0.046
epoch=69 step=225/500 loss=1.2226 time=0.0222 stft=1.9741 cons=0.00000 teacher=0.0000 teacher_w=0.046
epoch=69 step=230/500 loss=1.2185 time=0.0223 stft=1.9668 cons=0.00000 teacher=0.0000 teacher_w=0.046
epoch=69 step=235/500 loss=1.2192 time=0.0223 stft=1.9679 cons=0.00000 teacher=0.0000 teacher_w=0.046
epoch=69 step=240/500 loss=1.2174 time=0.0221 stft=1.9654 cons=0.00000 teacher=0.0000 teacher_w=0.046
epoch=69 step=245/500 loss=1.2253 time=0.0223 stft=1.9786 cons=0.00000 teacher=0.0000 teacher_w=0.046
epoch=69 step=250/500 loss=1.2362 time=0.0221 stft=1.9972 cons=0.00000 teacher=0.0000 teacher_w=0.046
epoch=69 step=255/500 loss=1.2322 time=0.0222 stft=1.9902 cons=0.00000 teacher=0.0000 teacher_w=0.046
epoch=69 step=260/500 loss=1.2307 time=0.0222 stft=1.9876 cons=0.00000 teacher=0.0000 teacher_w=0.046
epoch=69 step=265/500 loss=1.2259 time=0.0223 stft=1.9792 cons=0.00000 teacher=0.0000 teacher_w=0.046
epoch=69 step=270/500 loss=1.2222 time=0.0223 stft=1.9734 cons=0.00000 teacher=0.0000 teacher_w=0.046
epoch=69 step=275/500 loss=1.2146 time=0.0225 stft=1.9599 cons=0.00000 teacher=0.0000 teacher_w=0.046
epoch=69 step=280/500 loss=1.2152 time=0.0224 stft=1.9613 cons=0.00000 teacher=0.0000 teacher_w=0.046
epoch=69 step=285/500 loss=1.2158 time=0.0224 stft=1.9622 cons=0.00000 teacher=0.0000 teacher_w=0.046
epoch=69 step=290/500 loss=1.2165 time=0.0225 stft=1.9630 cons=0.00000 teacher=0.0000 teacher_w=0.046
epoch=69 step=295/500 loss=1.2129 time=0.0225 stft=1.9571 cons=0.00000 teacher=0.0000 teacher_w=0.046
epoch=69 step=300/500 loss=1.2104 time=0.0226 stft=1.9531 cons=0.00000 teacher=0.0000 teacher_w=0.046
epoch=69 step=305/500 loss=1.2153 time=0.0225 stft=1.9615 cons=0.00000 teacher=0.0000 teacher_w=0.046
epoch=69 step=310/500 loss=1.2141 time=0.0224 stft=1.9598 cons=0.00000 teacher=0.0000 teacher_w=0.046
epoch=69 step=315/500 loss=1.2124 time=0.0223 stft=1.9576 cons=0.00000 teacher=0.0000 teacher_w=0.046
epoch=69 step=320/500 loss=1.2116 time=0.0222 stft=1.9566 cons=0.00000 teacher=0.0000 teacher_w=0.046
epoch=69 step=325/500 loss=1.2085 time=0.0222 stft=1.9512 cons=0.00000 teacher=0.0000 teacher_w=0.046
epoch=69 step=330/500 loss=1.2138 time=0.0222 stft=1.9600 cons=0.00000 teacher=0.0000 teacher_w=0.046
epoch=69 step=335/500 loss=1.2218 time=0.0222 stft=1.9733 cons=0.00000 teacher=0.0000 teacher_w=0.046
epoch=69 step=340/500 loss=1.2181 time=0.0223 stft=1.9671 cons=0.00000 teacher=0.0000 teacher_w=0.046
epoch=69 step=345/500 loss=1.2129 time=0.0225 stft=1.9579 cons=0.00000 teacher=0.0000 teacher_w=0.046
epoch=69 step=350/500 loss=1.2071 time=0.0225 stft=1.9483 cons=0.00000 teacher=0.0000 teacher_w=0.046
epoch=69 step=355/500 loss=1.2017 time=0.0226 stft=1.9391 cons=0.00000 teacher=0.0000 teacher_w=0.046
epoch=69 step=360/500 loss=1.1965 time=0.0227 stft=1.9299 cons=0.00000 teacher=0.0000 teacher_w=0.046
epoch=69 step=365/500 loss=1.1916 time=0.0227 stft=1.9214 cons=0.00000 teacher=0.0000 teacher_w=0.046
epoch=69 step=370/500 loss=1.1895 time=0.0227 stft=1.9182 cons=0.00000 teacher=0.0000 teacher_w=0.046
epoch=69 step=375/500 loss=1.1863 time=0.0228 stft=1.9125 cons=0.00000 teacher=0.0000 teacher_w=0.046
epoch=69 step=380/500 loss=1.1893 time=0.0227 stft=1.9177 cons=0.00000 teacher=0.0000 teacher_w=0.046
epoch=69 step=385/500 loss=1.1865 time=0.0227 stft=1.9132 cons=0.00000 teacher=0.0000 teacher_w=0.046
epoch=69 step=390/500 loss=1.1840 time=0.0227 stft=1.9092 cons=0.00000 teacher=0.0000 teacher_w=0.046
epoch=69 step=395/500 loss=1.1851 time=0.0226 stft=1.9113 cons=0.00000 teacher=0.0000 teacher_w=0.046
epoch=69 step=400/500 loss=1.1815 time=0.0226 stft=1.9050 cons=0.00000 teacher=0.0000 teacher_w=0.046
epoch=69 step=405/500 loss=1.1822 time=0.0225 stft=1.9066 cons=0.00000 teacher=0.0000 teacher_w=0.046
epoch=69 step=410/500 loss=1.1786 time=0.0226 stft=1.9004 cons=0.00000 teacher=0.0000 teacher_w=0.046
epoch=69 step=415/500 loss=1.1810 time=0.0227 stft=1.9041 cons=0.00000 teacher=0.0000 teacher_w=0.046
epoch=69 step=420/500 loss=1.1783 time=0.0227 stft=1.8995 cons=0.00000 teacher=0.0000 teacher_w=0.046
epoch=69 step=425/500 loss=1.1831 time=0.0228 stft=1.9071 cons=0.00000 teacher=0.0000 teacher_w=0.046
epoch=69 step=430/500 loss=1.1802 time=0.0228 stft=1.9021 cons=0.00000 teacher=0.0000 teacher_w=0.046
epoch=69 step=435/500 loss=1.1767 time=0.0229 stft=1.8962 cons=0.00000 teacher=0.0000 teacher_w=0.046
epoch=69 step=440/500 loss=1.1781 time=0.0228 stft=1.8989 cons=0.00000 teacher=0.0000 teacher_w=0.046
epoch=69 step=445/500 loss=1.1748 time=0.0229 stft=1.8932 cons=0.00000 teacher=0.0000 teacher_w=0.046
epoch=69 step=450/500 loss=1.1725 time=0.0229 stft=1.8895 cons=0.00000 teacher=0.0000 teacher_w=0.046
epoch=69 step=455/500 loss=1.1716 time=0.0229 stft=1.8881 cons=0.00000 teacher=0.0000 teacher_w=0.046
epoch=69 step=460/500 loss=1.1739 time=0.0228 stft=1.8921 cons=0.00000 teacher=0.0000 teacher_w=0.046
epoch=69 step=465/500 loss=1.1759 time=0.0228 stft=1.8955 cons=0.00000 teacher=0.0000 teacher_w=0.046
epoch=69 step=470/500 loss=1.1760 time=0.0228 stft=1.8959 cons=0.00000 teacher=0.0000 teacher_w=0.046
epoch=69 step=475/500 loss=1.1761 time=0.0228 stft=1.8958 cons=0.00000 teacher=0.0000 teacher_w=0.046
epoch=69 step=480/500 loss=1.1772 time=0.0228 stft=1.8977 cons=0.00000 teacher=0.0000 teacher_w=0.046
epoch=69 step=485/500 loss=1.1755 time=0.0228 stft=1.8950 cons=0.00000 teacher=0.0000 teacher_w=0.046
epoch=69 step=490/500 loss=1.1802 time=0.0228 stft=1.9029 cons=0.00000 teacher=0.0000 teacher_w=0.046
epoch=69 step=495/500 loss=1.1806 time=0.0228 stft=1.9037 cons=0.00000 teacher=0.0000 teacher_w=0.046
epoch=69 step=500/500 loss=1.1779 time=0.0227 stft=1.8995 cons=0.00000 teacher=0.0000 teacher_w=0.046
epoch=69 train_loss=1.1837 valid_loss=1.9147 valid_si_sdr=-20.84dB cons=0.000000 lr=7.41181e-05
epoch=70 step=1/500 loss=1.5932 time=0.0321 stft=2.5637 cons=0.00000 teacher=0.0000 teacher_w=0.045
epoch=70 step=5/500 loss=1.1807 time=0.0281 stft=1.8856 cons=0.00000 teacher=0.0000 teacher_w=0.045
epoch=70 step=10/500 loss=1.1650 time=0.0237 stft=1.8724 cons=0.00000 teacher=0.0000 teacher_w=0.045
epoch=70 step=15/500 loss=1.1083 time=0.0204 stft=1.7862 cons=0.00000 teacher=0.0000 teacher_w=0.045
epoch=70 step=20/500 loss=1.1799 time=0.0215 stft=1.9030 cons=0.00000 teacher=0.0000 teacher_w=0.045
epoch=70 step=25/500 loss=1.1571 time=0.0211 stft=1.8675 cons=0.00000 teacher=0.0000 teacher_w=0.045
epoch=70 step=30/500 loss=1.2061 time=0.0219 stft=1.9487 cons=0.00000 teacher=0.0000 teacher_w=0.045
epoch=70 step=35/500 loss=1.1996 time=0.0229 stft=1.9354 cons=0.00000 teacher=0.0000 teacher_w=0.045
epoch=70 step=40/500 loss=1.2064 time=0.0222 stft=1.9492 cons=0.00000 teacher=0.0000 teacher_w=0.045
epoch=70 step=45/500 loss=1.2762 time=0.0215 stft=2.0670 cons=0.00000 teacher=0.0000 teacher_w=0.045
epoch=70 step=50/500 loss=1.3285 time=0.0211 stft=2.1558 cons=0.00000 teacher=0.0000 teacher_w=0.045
epoch=70 step=55/500 loss=1.3485 time=0.0215 stft=2.1894 cons=0.00000 teacher=0.0000 teacher_w=0.045
epoch=70 step=60/500 loss=1.3642 time=0.0213 stft=2.2159 cons=0.00000 teacher=0.0000 teacher_w=0.045
epoch=70 step=65/500 loss=1.3277 time=0.0213 stft=2.1551 cons=0.00000 teacher=0.0000 teacher_w=0.045
epoch=70 step=70/500 loss=1.3275 time=0.0209 stft=2.1553 cons=0.00000 teacher=0.0000 teacher_w=0.045
epoch=70 step=75/500 loss=1.3072 time=0.0214 stft=2.1208 cons=0.00000 teacher=0.0000 teacher_w=0.045
epoch=70 step=80/500 loss=1.2892 time=0.0212 stft=2.0908 cons=0.00000 teacher=0.0000 teacher_w=0.045
epoch=70 step=85/500 loss=1.3131 time=0.0211 stft=2.1313 cons=0.00000 teacher=0.0000 teacher_w=0.045
epoch=70 step=90/500 loss=1.3015 time=0.0210 stft=2.1123 cons=0.00000 teacher=0.0000 teacher_w=0.045
epoch=70 step=95/500 loss=1.2911 time=0.0212 stft=2.0941 cons=0.00000 teacher=0.0000 teacher_w=0.045
epoch=70 step=100/500 loss=1.2696 time=0.0213 stft=2.0575 cons=0.00000 teacher=0.0000 teacher_w=0.045
epoch=70 step=105/500 loss=1.2519 time=0.0214 stft=2.0275 cons=0.00000 teacher=0.0000 teacher_w=0.045
epoch=70 step=110/500 loss=1.2411 time=0.0213 stft=2.0092 cons=0.00000 teacher=0.0000 teacher_w=0.045
epoch=70 step=115/500 loss=1.2536 time=0.0212 stft=2.0305 cons=0.00000 teacher=0.0000 teacher_w=0.045
epoch=70 step=120/500 loss=1.2563 time=0.0209 stft=2.0354 cons=0.00000 teacher=0.0000 teacher_w=0.045
epoch=70 step=125/500 loss=1.2520 time=0.0207 stft=2.0287 cons=0.00000 teacher=0.0000 teacher_w=0.045
epoch=70 step=130/500 loss=1.2689 time=0.0208 stft=2.0570 cons=0.00000 teacher=0.0000 teacher_w=0.045
epoch=70 step=135/500 loss=1.2629 time=0.0210 stft=2.0469 cons=0.00000 teacher=0.0000 teacher_w=0.045
epoch=70 step=140/500 loss=1.2548 time=0.0211 stft=2.0333 cons=0.00000 teacher=0.0000 teacher_w=0.045
epoch=70 step=145/500 loss=1.2515 time=0.0213 stft=2.0269 cons=0.00000 teacher=0.0000 teacher_w=0.045
epoch=70 step=150/500 loss=1.2587 time=0.0216 stft=2.0383 cons=0.00000 teacher=0.0000 teacher_w=0.045
epoch=70 step=155/500 loss=1.2527 time=0.0216 stft=2.0286 cons=0.00000 teacher=0.0000 teacher_w=0.045
epoch=70 step=160/500 loss=1.2514 time=0.0216 stft=2.0259 cons=0.00000 teacher=0.0000 teacher_w=0.045
epoch=70 step=165/500 loss=1.2412 time=0.0217 stft=2.0085 cons=0.00000 teacher=0.0000 teacher_w=0.045
epoch=70 step=170/500 loss=1.2388 time=0.0220 stft=2.0041 cons=0.00000 teacher=0.0000 teacher_w=0.045
epoch=70 step=175/500 loss=1.2333 time=0.0218 stft=1.9955 cons=0.00000 teacher=0.0000 teacher_w=0.045
epoch=70 step=180/500 loss=1.2394 time=0.0218 stft=2.0057 cons=0.00000 teacher=0.0000 teacher_w=0.045
epoch=70 step=185/500 loss=1.2455 time=0.0218 stft=2.0162 cons=0.00000 teacher=0.0000 teacher_w=0.045
epoch=70 step=190/500 loss=1.2353 time=0.0218 stft=1.9989 cons=0.00000 teacher=0.0000 teacher_w=0.045
epoch=70 step=195/500 loss=1.2386 time=0.0219 stft=2.0042 cons=0.00000 teacher=0.0000 teacher_w=0.045
epoch=70 step=200/500 loss=1.2325 time=0.0218 stft=1.9941 cons=0.00000 teacher=0.0000 teacher_w=0.045
epoch=70 step=205/500 loss=1.2331 time=0.0219 stft=1.9947 cons=0.00000 teacher=0.0000 teacher_w=0.045
epoch=70 step=210/500 loss=1.2273 time=0.0219 stft=1.9847 cons=0.00000 teacher=0.0000 teacher_w=0.045
epoch=70 step=215/500 loss=1.2317 time=0.0220 stft=1.9918 cons=0.00000 teacher=0.0000 teacher_w=0.045
epoch=70 step=220/500 loss=1.2297 time=0.0224 stft=1.9883 cons=0.00000 teacher=0.0000 teacher_w=0.045
epoch=70 step=225/500 loss=1.2279 time=0.0226 stft=1.9845 cons=0.00000 teacher=0.0000 teacher_w=0.045
epoch=70 step=230/500 loss=1.2359 time=0.0226 stft=1.9978 cons=0.00000 teacher=0.0000 teacher_w=0.045
epoch=70 step=235/500 loss=1.2356 time=0.0225 stft=1.9975 cons=0.00000 teacher=0.0000 teacher_w=0.045
epoch=70 step=240/500 loss=1.2404 time=0.0224 stft=2.0058 cons=0.00000 teacher=0.0000 teacher_w=0.045
epoch=70 step=245/500 loss=1.2358 time=0.0224 stft=1.9981 cons=0.00000 teacher=0.0000 teacher_w=0.045
epoch=70 step=250/500 loss=1.2267 time=0.0226 stft=1.9825 cons=0.00000 teacher=0.0000 teacher_w=0.045
epoch=70 step=255/500 loss=1.2323 time=0.0227 stft=1.9917 cons=0.00000 teacher=0.0000 teacher_w=0.045
epoch=70 step=260/500 loss=1.2299 time=0.0226 stft=1.9878 cons=0.00000 teacher=0.0000 teacher_w=0.045
epoch=70 step=265/500 loss=1.2337 time=0.0225 stft=1.9947 cons=0.00000 teacher=0.0000 teacher_w=0.045
epoch=70 step=270/500 loss=1.2253 time=0.0225 stft=1.9806 cons=0.00000 teacher=0.0000 teacher_w=0.045
epoch=70 step=275/500 loss=1.2325 time=0.0224 stft=1.9928 cons=0.00000 teacher=0.0000 teacher_w=0.045
epoch=70 step=280/500 loss=1.2377 time=0.0224 stft=2.0017 cons=0.00000 teacher=0.0000 teacher_w=0.045
epoch=70 step=285/500 loss=1.2415 time=0.0227 stft=2.0079 cons=0.00000 teacher=0.0000 teacher_w=0.045
epoch=70 step=290/500 loss=1.2362 time=0.0229 stft=1.9986 cons=0.00000 teacher=0.0000 teacher_w=0.045
epoch=70 step=295/500 loss=1.2365 time=0.0228 stft=1.9991 cons=0.00000 teacher=0.0000 teacher_w=0.045
epoch=70 step=300/500 loss=1.2401 time=0.0227 stft=2.0053 cons=0.00000 teacher=0.0000 teacher_w=0.045
epoch=70 step=305/500 loss=1.2363 time=0.0227 stft=1.9988 cons=0.00000 teacher=0.0000 teacher_w=0.045
epoch=70 step=310/500 loss=1.2327 time=0.0227 stft=1.9929 cons=0.00000 teacher=0.0000 teacher_w=0.045
epoch=70 step=315/500 loss=1.2274 time=0.0226 stft=1.9842 cons=0.00000 teacher=0.0000 teacher_w=0.045
epoch=70 step=320/500 loss=1.2297 time=0.0225 stft=1.9883 cons=0.00000 teacher=0.0000 teacher_w=0.045
epoch=70 step=325/500 loss=1.2272 time=0.0225 stft=1.9840 cons=0.00000 teacher=0.0000 teacher_w=0.045
epoch=70 step=330/500 loss=1.2282 time=0.0228 stft=1.9852 cons=0.00000 teacher=0.0000 teacher_w=0.045
epoch=70 step=335/500 loss=1.2275 time=0.0227 stft=1.9841 cons=0.00000 teacher=0.0000 teacher_w=0.045
epoch=70 step=340/500 loss=1.2295 time=0.0227 stft=1.9876 cons=0.00000 teacher=0.0000 teacher_w=0.045
epoch=70 step=345/500 loss=1.2226 time=0.0227 stft=1.9761 cons=0.00000 teacher=0.0000 teacher_w=0.045
epoch=70 step=350/500 loss=1.2274 time=0.0226 stft=1.9841 cons=0.00000 teacher=0.0000 teacher_w=0.045
epoch=70 step=355/500 loss=1.2321 time=0.0225 stft=1.9921 cons=0.00000 teacher=0.0000 teacher_w=0.045
epoch=70 step=360/500 loss=1.2308 time=0.0224 stft=1.9904 cons=0.00000 teacher=0.0000 teacher_w=0.045
epoch=70 step=365/500 loss=1.2284 time=0.0224 stft=1.9865 cons=0.00000 teacher=0.0000 teacher_w=0.045
epoch=70 step=370/500 loss=1.2318 time=0.0224 stft=1.9922 cons=0.00000 teacher=0.0000 teacher_w=0.045
epoch=70 step=375/500 loss=1.2295 time=0.0224 stft=1.9884 cons=0.00000 teacher=0.0000 teacher_w=0.045
epoch=70 step=380/500 loss=1.2285 time=0.0224 stft=1.9865 cons=0.00000 teacher=0.0000 teacher_w=0.045
epoch=70 step=385/500 loss=1.2300 time=0.0224 stft=1.9891 cons=0.00000 teacher=0.0000 teacher_w=0.045
epoch=70 step=390/500 loss=1.2263 time=0.0225 stft=1.9827 cons=0.00000 teacher=0.0000 teacher_w=0.045
epoch=70 step=395/500 loss=1.2240 time=0.0224 stft=1.9789 cons=0.00000 teacher=0.0000 teacher_w=0.045
epoch=70 step=400/500 loss=1.2218 time=0.0224 stft=1.9752 cons=0.00000 teacher=0.0000 teacher_w=0.045
epoch=70 step=405/500 loss=1.2220 time=0.0223 stft=1.9758 cons=0.00000 teacher=0.0000 teacher_w=0.045
epoch=70 step=410/500 loss=1.2170 time=0.0225 stft=1.9671 cons=0.00000 teacher=0.0000 teacher_w=0.045
epoch=70 step=415/500 loss=1.2228 time=0.0225 stft=1.9769 cons=0.00000 teacher=0.0000 teacher_w=0.045
epoch=70 step=420/500 loss=1.2252 time=0.0224 stft=1.9809 cons=0.00000 teacher=0.0000 teacher_w=0.045
epoch=70 step=425/500 loss=1.2271 time=0.0225 stft=1.9838 cons=0.00000 teacher=0.0000 teacher_w=0.045
epoch=70 step=430/500 loss=1.2245 time=0.0226 stft=1.9792 cons=0.00000 teacher=0.0000 teacher_w=0.045
epoch=70 step=435/500 loss=1.2237 time=0.0225 stft=1.9781 cons=0.00000 teacher=0.0000 teacher_w=0.045
epoch=70 step=440/500 loss=1.2229 time=0.0224 stft=1.9771 cons=0.00000 teacher=0.0000 teacher_w=0.045
epoch=70 step=445/500 loss=1.2206 time=0.0225 stft=1.9728 cons=0.00000 teacher=0.0000 teacher_w=0.045
epoch=70 step=450/500 loss=1.2242 time=0.0226 stft=1.9786 cons=0.00000 teacher=0.0000 teacher_w=0.045
epoch=70 step=455/500 loss=1.2220 time=0.0227 stft=1.9747 cons=0.00000 teacher=0.0000 teacher_w=0.045
epoch=70 step=460/500 loss=1.2216 time=0.0227 stft=1.9739 cons=0.00000 teacher=0.0000 teacher_w=0.045
epoch=70 step=465/500 loss=1.2210 time=0.0228 stft=1.9728 cons=0.00000 teacher=0.0000 teacher_w=0.045
epoch=70 step=470/500 loss=1.2218 time=0.0228 stft=1.9741 cons=0.00000 teacher=0.0000 teacher_w=0.045
epoch=70 step=475/500 loss=1.2178 time=0.0228 stft=1.9675 cons=0.00000 teacher=0.0000 teacher_w=0.045
epoch=70 step=480/500 loss=1.2204 time=0.0229 stft=1.9716 cons=0.00000 teacher=0.0000 teacher_w=0.045
epoch=70 step=485/500 loss=1.2166 time=0.0229 stft=1.9652 cons=0.00000 teacher=0.0000 teacher_w=0.045
epoch=70 step=490/500 loss=1.2175 time=0.0228 stft=1.9669 cons=0.00000 teacher=0.0000 teacher_w=0.045
epoch=70 step=495/500 loss=1.2257 time=0.0228 stft=1.9807 cons=0.00000 teacher=0.0000 teacher_w=0.045
epoch=70 step=500/500 loss=1.2261 time=0.0227 stft=1.9815 cons=0.00000 teacher=0.0000 teacher_w=0.045
epoch=70 train_loss=1.2221 valid_loss=1.9082 valid_si_sdr=-20.76dB cons=0.000000 lr=7.15985e-05
epoch=71 step=1/500 loss=2.0904 time=0.0168 stft=3.4207 cons=0.00000 teacher=0.0000 teacher_w=0.044
epoch=71 step=5/500 loss=1.4111 time=0.0242 stft=2.2752 cons=0.00000 teacher=0.0000 teacher_w=0.044
epoch=71 step=10/500 loss=1.4962 time=0.0204 stft=2.4311 cons=0.00000 teacher=0.0000 teacher_w=0.044
epoch=71 step=15/500 loss=1.5420 time=0.0187 stft=2.5151 cons=0.00000 teacher=0.0000 teacher_w=0.044
epoch=71 step=20/500 loss=1.3701 time=0.0205 stft=2.2202 cons=0.00000 teacher=0.0000 teacher_w=0.044
epoch=71 step=25/500 loss=1.3188 time=0.0208 stft=2.1363 cons=0.00000 teacher=0.0000 teacher_w=0.044
epoch=71 step=30/500 loss=1.3122 time=0.0231 stft=2.1206 cons=0.00000 teacher=0.0000 teacher_w=0.044
epoch=71 step=35/500 loss=1.2892 time=0.0249 stft=2.0791 cons=0.00000 teacher=0.0000 teacher_w=0.044
epoch=71 step=40/500 loss=1.2493 time=0.0239 stft=2.0154 cons=0.00000 teacher=0.0000 teacher_w=0.044
epoch=71 step=45/500 loss=1.2782 time=0.0237 stft=2.0632 cons=0.00000 teacher=0.0000 teacher_w=0.044
epoch=71 step=50/500 loss=1.2803 time=0.0237 stft=2.0665 cons=0.00000 teacher=0.0000 teacher_w=0.044
epoch=71 step=55/500 loss=1.2481 time=0.0237 stft=2.0132 cons=0.00000 teacher=0.0000 teacher_w=0.044
epoch=71 step=60/500 loss=1.2179 time=0.0234 stft=1.9646 cons=0.00000 teacher=0.0000 teacher_w=0.044
epoch=71 step=65/500 loss=1.2073 time=0.0236 stft=1.9456 cons=0.00000 teacher=0.0000 teacher_w=0.044
epoch=71 step=70/500 loss=1.2156 time=0.0236 stft=1.9596 cons=0.00000 teacher=0.0000 teacher_w=0.044
epoch=71 step=75/500 loss=1.2265 time=0.0232 stft=1.9790 cons=0.00000 teacher=0.0000 teacher_w=0.044
epoch=71 step=80/500 loss=1.2099 time=0.0229 stft=1.9517 cons=0.00000 teacher=0.0000 teacher_w=0.044
epoch=71 step=85/500 loss=1.2141 time=0.0237 stft=1.9564 cons=0.00000 teacher=0.0000 teacher_w=0.044
epoch=71 step=90/500 loss=1.2106 time=0.0235 stft=1.9511 cons=0.00000 teacher=0.0000 teacher_w=0.044
epoch=71 step=95/500 loss=1.2117 time=0.0238 stft=1.9521 cons=0.00000 teacher=0.0000 teacher_w=0.044
epoch=71 step=100/500 loss=1.2274 time=0.0237 stft=1.9786 cons=0.00000 teacher=0.0000 teacher_w=0.044
epoch=71 step=105/500 loss=1.2373 time=0.0238 stft=1.9936 cons=0.00000 teacher=0.0000 teacher_w=0.044
epoch=71 step=110/500 loss=1.2411 time=0.0237 stft=2.0004 cons=0.00000 teacher=0.0000 teacher_w=0.044
epoch=71 step=115/500 loss=1.2472 time=0.0236 stft=2.0111 cons=0.00000 teacher=0.0000 teacher_w=0.044
epoch=71 step=120/500 loss=1.2396 time=0.0236 stft=1.9984 cons=0.00000 teacher=0.0000 teacher_w=0.044
epoch=71 step=125/500 loss=1.2518 time=0.0236 stft=2.0190 cons=0.00000 teacher=0.0000 teacher_w=0.044
epoch=71 step=130/500 loss=1.2502 time=0.0234 stft=2.0168 cons=0.00000 teacher=0.0000 teacher_w=0.044
epoch=71 step=135/500 loss=1.2401 time=0.0234 stft=2.0003 cons=0.00000 teacher=0.0000 teacher_w=0.044
epoch=71 step=140/500 loss=1.2437 time=0.0232 stft=2.0066 cons=0.00000 teacher=0.0000 teacher_w=0.044
epoch=71 step=145/500 loss=1.2392 time=0.0231 stft=1.9993 cons=0.00000 teacher=0.0000 teacher_w=0.044
epoch=71 step=150/500 loss=1.2411 time=0.0228 stft=2.0031 cons=0.00000 teacher=0.0000 teacher_w=0.044
epoch=71 step=155/500 loss=1.2274 time=0.0228 stft=1.9805 cons=0.00000 teacher=0.0000 teacher_w=0.044
epoch=71 step=160/500 loss=1.2302 time=0.0226 stft=1.9858 cons=0.00000 teacher=0.0000 teacher_w=0.044
epoch=71 step=165/500 loss=1.2346 time=0.0225 stft=1.9934 cons=0.00000 teacher=0.0000 teacher_w=0.044
epoch=71 step=170/500 loss=1.2447 time=0.0223 stft=2.0110 cons=0.00000 teacher=0.0000 teacher_w=0.044
epoch=71 step=175/500 loss=1.2414 time=0.0222 stft=2.0060 cons=0.00000 teacher=0.0000 teacher_w=0.044
epoch=71 step=180/500 loss=1.2368 time=0.0221 stft=1.9984 cons=0.00000 teacher=0.0000 teacher_w=0.044
epoch=71 step=185/500 loss=1.2398 time=0.0218 stft=2.0041 cons=0.00000 teacher=0.0000 teacher_w=0.044
epoch=71 step=190/500 loss=1.2304 time=0.0218 stft=1.9886 cons=0.00000 teacher=0.0000 teacher_w=0.044
epoch=71 step=195/500 loss=1.2247 time=0.0220 stft=1.9792 cons=0.00000 teacher=0.0000 teacher_w=0.044
epoch=71 step=200/500 loss=1.2314 time=0.0222 stft=1.9893 cons=0.00000 teacher=0.0000 teacher_w=0.044
epoch=71 step=205/500 loss=1.2181 time=0.0221 stft=1.9673 cons=0.00000 teacher=0.0000 teacher_w=0.044
epoch=71 step=210/500 loss=1.2129 time=0.0223 stft=1.9581 cons=0.00000 teacher=0.0000 teacher_w=0.044
epoch=71 step=215/500 loss=1.2117 time=0.0223 stft=1.9560 cons=0.00000 teacher=0.0000 teacher_w=0.044
epoch=71 step=220/500 loss=1.2086 time=0.0223 stft=1.9510 cons=0.00000 teacher=0.0000 teacher_w=0.044
epoch=71 step=225/500 loss=1.2061 time=0.0223 stft=1.9469 cons=0.00000 teacher=0.0000 teacher_w=0.044
epoch=71 step=230/500 loss=1.2081 time=0.0221 stft=1.9505 cons=0.00000 teacher=0.0000 teacher_w=0.044
epoch=71 step=235/500 loss=1.2059 time=0.0219 stft=1.9474 cons=0.00000 teacher=0.0000 teacher_w=0.044
epoch=71 step=240/500 loss=1.1991 time=0.0220 stft=1.9358 cons=0.00000 teacher=0.0000 teacher_w=0.044
epoch=71 step=245/500 loss=1.2021 time=0.0221 stft=1.9406 cons=0.00000 teacher=0.0000 teacher_w=0.044
epoch=71 step=250/500 loss=1.2110 time=0.0221 stft=1.9555 cons=0.00000 teacher=0.0000 teacher_w=0.044
epoch=71 step=255/500 loss=1.2070 time=0.0222 stft=1.9484 cons=0.00000 teacher=0.0000 teacher_w=0.044
epoch=71 step=260/500 loss=1.2069 time=0.0221 stft=1.9483 cons=0.00000 teacher=0.0000 teacher_w=0.044
epoch=71 step=265/500 loss=1.2036 time=0.0223 stft=1.9422 cons=0.00000 teacher=0.0000 teacher_w=0.044
epoch=71 step=270/500 loss=1.2012 time=0.0227 stft=1.9372 cons=0.00000 teacher=0.0000 teacher_w=0.044
epoch=71 step=275/500 loss=1.2070 time=0.0225 stft=1.9472 cons=0.00000 teacher=0.0000 teacher_w=0.044
epoch=71 step=280/500 loss=1.2078 time=0.0224 stft=1.9490 cons=0.00000 teacher=0.0000 teacher_w=0.044
epoch=71 step=285/500 loss=1.2069 time=0.0224 stft=1.9475 cons=0.00000 teacher=0.0000 teacher_w=0.044
epoch=71 step=290/500 loss=1.2033 time=0.0223 stft=1.9415 cons=0.00000 teacher=0.0000 teacher_w=0.044
epoch=71 step=295/500 loss=1.2040 time=0.0224 stft=1.9426 cons=0.00000 teacher=0.0000 teacher_w=0.044
epoch=71 step=300/500 loss=1.1985 time=0.0225 stft=1.9331 cons=0.00000 teacher=0.0000 teacher_w=0.044
epoch=71 step=305/500 loss=1.1988 time=0.0224 stft=1.9338 cons=0.00000 teacher=0.0000 teacher_w=0.044
epoch=71 step=310/500 loss=1.2015 time=0.0225 stft=1.9382 cons=0.00000 teacher=0.0000 teacher_w=0.044
epoch=71 step=315/500 loss=1.2054 time=0.0224 stft=1.9449 cons=0.00000 teacher=0.0000 teacher_w=0.044
epoch=71 step=320/500 loss=1.2020 time=0.0226 stft=1.9387 cons=0.00000 teacher=0.0000 teacher_w=0.044
epoch=71 step=325/500 loss=1.2022 time=0.0225 stft=1.9392 cons=0.00000 teacher=0.0000 teacher_w=0.044
epoch=71 step=330/500 loss=1.2044 time=0.0226 stft=1.9427 cons=0.00000 teacher=0.0000 teacher_w=0.044
epoch=71 step=335/500 loss=1.2046 time=0.0226 stft=1.9431 cons=0.00000 teacher=0.0000 teacher_w=0.044
epoch=71 step=340/500 loss=1.2076 time=0.0226 stft=1.9482 cons=0.00000 teacher=0.0000 teacher_w=0.044
epoch=71 step=345/500 loss=1.2057 time=0.0225 stft=1.9453 cons=0.00000 teacher=0.0000 teacher_w=0.044
epoch=71 step=350/500 loss=1.2040 time=0.0224 stft=1.9426 cons=0.00000 teacher=0.0000 teacher_w=0.044
epoch=71 step=355/500 loss=1.2042 time=0.0224 stft=1.9431 cons=0.00000 teacher=0.0000 teacher_w=0.044
epoch=71 step=360/500 loss=1.2021 time=0.0224 stft=1.9396 cons=0.00000 teacher=0.0000 teacher_w=0.044
epoch=71 step=365/500 loss=1.2072 time=0.0225 stft=1.9483 cons=0.00000 teacher=0.0000 teacher_w=0.044
epoch=71 step=370/500 loss=1.2091 time=0.0225 stft=1.9514 cons=0.00000 teacher=0.0000 teacher_w=0.044
epoch=71 step=375/500 loss=1.2075 time=0.0226 stft=1.9486 cons=0.00000 teacher=0.0000 teacher_w=0.044
epoch=71 step=380/500 loss=1.2053 time=0.0227 stft=1.9446 cons=0.00000 teacher=0.0000 teacher_w=0.044
epoch=71 step=385/500 loss=1.2088 time=0.0226 stft=1.9507 cons=0.00000 teacher=0.0000 teacher_w=0.044
epoch=71 step=390/500 loss=1.2066 time=0.0228 stft=1.9468 cons=0.00000 teacher=0.0000 teacher_w=0.044
epoch=71 step=395/500 loss=1.2017 time=0.0229 stft=1.9384 cons=0.00000 teacher=0.0000 teacher_w=0.044
epoch=71 step=400/500 loss=1.1991 time=0.0228 stft=1.9340 cons=0.00000 teacher=0.0000 teacher_w=0.044
epoch=71 step=405/500 loss=1.2018 time=0.0228 stft=1.9384 cons=0.00000 teacher=0.0000 teacher_w=0.044
epoch=71 step=410/500 loss=1.2068 time=0.0227 stft=1.9469 cons=0.00000 teacher=0.0000 teacher_w=0.044
epoch=71 step=415/500 loss=1.2024 time=0.0227 stft=1.9398 cons=0.00000 teacher=0.0000 teacher_w=0.044
epoch=71 step=420/500 loss=1.2055 time=0.0228 stft=1.9446 cons=0.00000 teacher=0.0000 teacher_w=0.044
epoch=71 step=425/500 loss=1.2038 time=0.0228 stft=1.9419 cons=0.00000 teacher=0.0000 teacher_w=0.044
epoch=71 step=430/500 loss=1.2030 time=0.0228 stft=1.9405 cons=0.00000 teacher=0.0000 teacher_w=0.044
epoch=71 step=435/500 loss=1.2018 time=0.0228 stft=1.9386 cons=0.00000 teacher=0.0000 teacher_w=0.044
epoch=71 step=440/500 loss=1.2144 time=0.0228 stft=1.9598 cons=0.00000 teacher=0.0000 teacher_w=0.044
epoch=71 step=445/500 loss=1.2174 time=0.0227 stft=1.9648 cons=0.00000 teacher=0.0000 teacher_w=0.044
epoch=71 step=450/500 loss=1.2159 time=0.0228 stft=1.9621 cons=0.00000 teacher=0.0000 teacher_w=0.044
epoch=71 step=455/500 loss=1.2159 time=0.0227 stft=1.9624 cons=0.00000 teacher=0.0000 teacher_w=0.044
epoch=71 step=460/500 loss=1.2120 time=0.0227 stft=1.9558 cons=0.00000 teacher=0.0000 teacher_w=0.044
epoch=71 step=465/500 loss=1.2108 time=0.0228 stft=1.9536 cons=0.00000 teacher=0.0000 teacher_w=0.044
epoch=71 step=470/500 loss=1.2136 time=0.0228 stft=1.9583 cons=0.00000 teacher=0.0000 teacher_w=0.044
epoch=71 step=475/500 loss=1.2106 time=0.0227 stft=1.9536 cons=0.00000 teacher=0.0000 teacher_w=0.044
epoch=71 step=480/500 loss=1.2088 time=0.0227 stft=1.9507 cons=0.00000 teacher=0.0000 teacher_w=0.044
epoch=71 step=485/500 loss=1.2139 time=0.0226 stft=1.9594 cons=0.00000 teacher=0.0000 teacher_w=0.044
epoch=71 step=490/500 loss=1.2115 time=0.0227 stft=1.9551 cons=0.00000 teacher=0.0000 teacher_w=0.044
epoch=71 step=495/500 loss=1.2090 time=0.0227 stft=1.9513 cons=0.00000 teacher=0.0000 teacher_w=0.044
epoch=71 step=500/500 loss=1.2094 time=0.0227 stft=1.9518 cons=0.00000 teacher=0.0000 teacher_w=0.044
epoch=71 train_loss=1.2271 valid_loss=1.9009 valid_si_sdr=-20.63dB cons=0.000000 lr=6.90983e-05
epoch=72 step=1/500 loss=0.7941 time=0.0135 stft=1.2724 cons=0.00000 teacher=0.0000 teacher_w=0.042
epoch=72 step=5/500 loss=0.8669 time=0.0281 stft=1.3597 cons=0.00000 teacher=0.0000 teacher_w=0.042
epoch=72 step=10/500 loss=1.0291 time=0.0254 stft=1.6402 cons=0.00000 teacher=0.0000 teacher_w=0.042
epoch=72 step=15/500 loss=1.0676 time=0.0246 stft=1.7024 cons=0.00000 teacher=0.0000 teacher_w=0.042
epoch=72 step=20/500 loss=1.1380 time=0.0227 stft=1.8292 cons=0.00000 teacher=0.0000 teacher_w=0.042
epoch=72 step=25/500 loss=1.1834 time=0.0214 stft=1.9087 cons=0.00000 teacher=0.0000 teacher_w=0.042
epoch=72 step=30/500 loss=1.1661 time=0.0216 stft=1.8786 cons=0.00000 teacher=0.0000 teacher_w=0.042
epoch=72 step=35/500 loss=1.1872 time=0.0224 stft=1.9145 cons=0.00000 teacher=0.0000 teacher_w=0.042
epoch=72 step=40/500 loss=1.1930 time=0.0226 stft=1.9243 cons=0.00000 teacher=0.0000 teacher_w=0.042
epoch=72 step=45/500 loss=1.1612 time=0.0239 stft=1.8691 cons=0.00000 teacher=0.0000 teacher_w=0.042
epoch=72 step=50/500 loss=1.1557 time=0.0236 stft=1.8606 cons=0.00000 teacher=0.0000 teacher_w=0.042
epoch=72 step=55/500 loss=1.1382 time=0.0238 stft=1.8300 cons=0.00000 teacher=0.0000 teacher_w=0.042
epoch=72 step=60/500 loss=1.1236 time=0.0238 stft=1.8049 cons=0.00000 teacher=0.0000 teacher_w=0.042
epoch=72 step=65/500 loss=1.1180 time=0.0237 stft=1.7968 cons=0.00000 teacher=0.0000 teacher_w=0.042
epoch=72 step=70/500 loss=1.1097 time=0.0240 stft=1.7826 cons=0.00000 teacher=0.0000 teacher_w=0.042
epoch=72 step=75/500 loss=1.1220 time=0.0233 stft=1.8051 cons=0.00000 teacher=0.0000 teacher_w=0.042
epoch=72 step=80/500 loss=1.1303 time=0.0233 stft=1.8190 cons=0.00000 teacher=0.0000 teacher_w=0.042
epoch=72 step=85/500 loss=1.1275 time=0.0242 stft=1.8116 cons=0.00000 teacher=0.0000 teacher_w=0.042
epoch=72 step=90/500 loss=1.1325 time=0.0241 stft=1.8210 cons=0.00000 teacher=0.0000 teacher_w=0.042
epoch=72 step=95/500 loss=1.1309 time=0.0237 stft=1.8196 cons=0.00000 teacher=0.0000 teacher_w=0.042
epoch=72 step=100/500 loss=1.1170 time=0.0241 stft=1.7954 cons=0.00000 teacher=0.0000 teacher_w=0.042
epoch=72 step=105/500 loss=1.1208 time=0.0243 stft=1.8013 cons=0.00000 teacher=0.0000 teacher_w=0.042
epoch=72 step=110/500 loss=1.1411 time=0.0242 stft=1.8356 cons=0.00000 teacher=0.0000 teacher_w=0.042
epoch=72 step=115/500 loss=1.1284 time=0.0244 stft=1.8140 cons=0.00000 teacher=0.0000 teacher_w=0.042
epoch=72 step=120/500 loss=1.1339 time=0.0245 stft=1.8225 cons=0.00000 teacher=0.0000 teacher_w=0.042
epoch=72 step=125/500 loss=1.1491 time=0.0240 stft=1.8493 cons=0.00000 teacher=0.0000 teacher_w=0.042
epoch=72 step=130/500 loss=1.1716 time=0.0243 stft=1.8864 cons=0.00000 teacher=0.0000 teacher_w=0.042
epoch=72 step=135/500 loss=1.1837 time=0.0241 stft=1.9072 cons=0.00000 teacher=0.0000 teacher_w=0.042
epoch=72 step=140/500 loss=1.1877 time=0.0240 stft=1.9135 cons=0.00000 teacher=0.0000 teacher_w=0.042
epoch=72 step=145/500 loss=1.1870 time=0.0242 stft=1.9120 cons=0.00000 teacher=0.0000 teacher_w=0.042
epoch=72 step=150/500 loss=1.1878 time=0.0239 stft=1.9139 cons=0.00000 teacher=0.0000 teacher_w=0.042
epoch=72 step=155/500 loss=1.1948 time=0.0237 stft=1.9258 cons=0.00000 teacher=0.0000 teacher_w=0.042
epoch=72 step=160/500 loss=1.1899 time=0.0238 stft=1.9177 cons=0.00000 teacher=0.0000 teacher_w=0.042
epoch=72 step=165/500 loss=1.1908 time=0.0235 stft=1.9199 cons=0.00000 teacher=0.0000 teacher_w=0.042
epoch=72 step=170/500 loss=1.1920 time=0.0235 stft=1.9222 cons=0.00000 teacher=0.0000 teacher_w=0.042
epoch=72 step=175/500 loss=1.1978 time=0.0233 stft=1.9323 cons=0.00000 teacher=0.0000 teacher_w=0.042
epoch=72 step=180/500 loss=1.1922 time=0.0234 stft=1.9226 cons=0.00000 teacher=0.0000 teacher_w=0.042
epoch=72 step=185/500 loss=1.1940 time=0.0231 stft=1.9266 cons=0.00000 teacher=0.0000 teacher_w=0.042
epoch=72 step=190/500 loss=1.1937 time=0.0232 stft=1.9260 cons=0.00000 teacher=0.0000 teacher_w=0.042
epoch=72 step=195/500 loss=1.1927 time=0.0231 stft=1.9244 cons=0.00000 teacher=0.0000 teacher_w=0.042
epoch=72 step=200/500 loss=1.1857 time=0.0230 stft=1.9129 cons=0.00000 teacher=0.0000 teacher_w=0.042
epoch=72 step=205/500 loss=1.1839 time=0.0230 stft=1.9096 cons=0.00000 teacher=0.0000 teacher_w=0.042
epoch=72 step=210/500 loss=1.1800 time=0.0230 stft=1.9033 cons=0.00000 teacher=0.0000 teacher_w=0.042
epoch=72 step=215/500 loss=1.1834 time=0.0231 stft=1.9085 cons=0.00000 teacher=0.0000 teacher_w=0.042
epoch=72 step=220/500 loss=1.1959 time=0.0230 stft=1.9293 cons=0.00000 teacher=0.0000 teacher_w=0.042
epoch=72 step=225/500 loss=1.1942 time=0.0230 stft=1.9263 cons=0.00000 teacher=0.0000 teacher_w=0.042
epoch=72 step=230/500 loss=1.1914 time=0.0232 stft=1.9209 cons=0.00000 teacher=0.0000 teacher_w=0.042
epoch=72 step=235/500 loss=1.1940 time=0.0231 stft=1.9252 cons=0.00000 teacher=0.0000 teacher_w=0.042
epoch=72 step=240/500 loss=1.1923 time=0.0235 stft=1.9214 cons=0.00000 teacher=0.0000 teacher_w=0.042
epoch=72 step=245/500 loss=1.1904 time=0.0237 stft=1.9173 cons=0.00000 teacher=0.0000 teacher_w=0.042
epoch=72 step=250/500 loss=1.1905 time=0.0236 stft=1.9178 cons=0.00000 teacher=0.0000 teacher_w=0.042
epoch=72 step=255/500 loss=1.1959 time=0.0236 stft=1.9267 cons=0.00000 teacher=0.0000 teacher_w=0.042
epoch=72 step=260/500 loss=1.1932 time=0.0234 stft=1.9226 cons=0.00000 teacher=0.0000 teacher_w=0.042
epoch=72 step=265/500 loss=1.1925 time=0.0234 stft=1.9215 cons=0.00000 teacher=0.0000 teacher_w=0.042
epoch=72 step=270/500 loss=1.1884 time=0.0235 stft=1.9143 cons=0.00000 teacher=0.0000 teacher_w=0.042
epoch=72 step=275/500 loss=1.1881 time=0.0234 stft=1.9139 cons=0.00000 teacher=0.0000 teacher_w=0.042
epoch=72 step=280/500 loss=1.1858 time=0.0234 stft=1.9102 cons=0.00000 teacher=0.0000 teacher_w=0.042
epoch=72 step=285/500 loss=1.1871 time=0.0234 stft=1.9123 cons=0.00000 teacher=0.0000 teacher_w=0.042
epoch=72 step=290/500 loss=1.1848 time=0.0237 stft=1.9080 cons=0.00000 teacher=0.0000 teacher_w=0.042
epoch=72 step=295/500 loss=1.1837 time=0.0239 stft=1.9052 cons=0.00000 teacher=0.0000 teacher_w=0.042
epoch=72 step=300/500 loss=1.1910 time=0.0236 stft=1.9181 cons=0.00000 teacher=0.0000 teacher_w=0.042
epoch=72 step=305/500 loss=1.1843 time=0.0237 stft=1.9069 cons=0.00000 teacher=0.0000 teacher_w=0.042
epoch=72 step=310/500 loss=1.1806 time=0.0237 stft=1.9008 cons=0.00000 teacher=0.0000 teacher_w=0.042
epoch=72 step=315/500 loss=1.1809 time=0.0239 stft=1.9005 cons=0.00000 teacher=0.0000 teacher_w=0.042
epoch=72 step=320/500 loss=1.1876 time=0.0239 stft=1.9120 cons=0.00000 teacher=0.0000 teacher_w=0.042
epoch=72 step=325/500 loss=1.1922 time=0.0238 stft=1.9200 cons=0.00000 teacher=0.0000 teacher_w=0.042
epoch=72 step=330/500 loss=1.1937 time=0.0237 stft=1.9228 cons=0.00000 teacher=0.0000 teacher_w=0.042
epoch=72 step=335/500 loss=1.1932 time=0.0237 stft=1.9217 cons=0.00000 teacher=0.0000 teacher_w=0.042
epoch=72 step=340/500 loss=1.1912 time=0.0236 stft=1.9187 cons=0.00000 teacher=0.0000 teacher_w=0.042
epoch=72 step=345/500 loss=1.1946 time=0.0238 stft=1.9241 cons=0.00000 teacher=0.0000 teacher_w=0.042
epoch=72 step=350/500 loss=1.1939 time=0.0239 stft=1.9226 cons=0.00000 teacher=0.0000 teacher_w=0.042
epoch=72 step=355/500 loss=1.1902 time=0.0240 stft=1.9163 cons=0.00000 teacher=0.0000 teacher_w=0.042
epoch=72 step=360/500 loss=1.1938 time=0.0240 stft=1.9223 cons=0.00000 teacher=0.0000 teacher_w=0.042
epoch=72 step=365/500 loss=1.1932 time=0.0240 stft=1.9210 cons=0.00000 teacher=0.0000 teacher_w=0.042
epoch=72 step=370/500 loss=1.1917 time=0.0240 stft=1.9186 cons=0.00000 teacher=0.0000 teacher_w=0.042
epoch=72 step=375/500 loss=1.1907 time=0.0239 stft=1.9170 cons=0.00000 teacher=0.0000 teacher_w=0.042
epoch=72 step=380/500 loss=1.1912 time=0.0240 stft=1.9176 cons=0.00000 teacher=0.0000 teacher_w=0.042
epoch=72 step=385/500 loss=1.1913 time=0.0239 stft=1.9182 cons=0.00000 teacher=0.0000 teacher_w=0.042
epoch=72 step=390/500 loss=1.1967 time=0.0238 stft=1.9274 cons=0.00000 teacher=0.0000 teacher_w=0.042
epoch=72 step=395/500 loss=1.2006 time=0.0238 stft=1.9338 cons=0.00000 teacher=0.0000 teacher_w=0.042
epoch=72 step=400/500 loss=1.2050 time=0.0238 stft=1.9411 cons=0.00000 teacher=0.0000 teacher_w=0.042
epoch=72 step=405/500 loss=1.2048 time=0.0240 stft=1.9402 cons=0.00000 teacher=0.0000 teacher_w=0.042
epoch=72 step=410/500 loss=1.2014 time=0.0238 stft=1.9350 cons=0.00000 teacher=0.0000 teacher_w=0.042
epoch=72 step=415/500 loss=1.2089 time=0.0238 stft=1.9475 cons=0.00000 teacher=0.0000 teacher_w=0.042
epoch=72 step=420/500 loss=1.2049 time=0.0238 stft=1.9410 cons=0.00000 teacher=0.0000 teacher_w=0.042
epoch=72 step=425/500 loss=1.2035 time=0.0238 stft=1.9386 cons=0.00000 teacher=0.0000 teacher_w=0.042
epoch=72 step=430/500 loss=1.2094 time=0.0238 stft=1.9484 cons=0.00000 teacher=0.0000 teacher_w=0.042
epoch=72 step=435/500 loss=1.2103 time=0.0237 stft=1.9501 cons=0.00000 teacher=0.0000 teacher_w=0.042
epoch=72 step=440/500 loss=1.2103 time=0.0237 stft=1.9504 cons=0.00000 teacher=0.0000 teacher_w=0.042
epoch=72 step=445/500 loss=1.2109 time=0.0236 stft=1.9516 cons=0.00000 teacher=0.0000 teacher_w=0.042
epoch=72 step=450/500 loss=1.2134 time=0.0235 stft=1.9559 cons=0.00000 teacher=0.0000 teacher_w=0.042
epoch=72 step=455/500 loss=1.2179 time=0.0234 stft=1.9639 cons=0.00000 teacher=0.0000 teacher_w=0.042
epoch=72 step=460/500 loss=1.2177 time=0.0234 stft=1.9634 cons=0.00000 teacher=0.0000 teacher_w=0.042
epoch=72 step=465/500 loss=1.2149 time=0.0234 stft=1.9588 cons=0.00000 teacher=0.0000 teacher_w=0.042
epoch=72 step=470/500 loss=1.2128 time=0.0235 stft=1.9549 cons=0.00000 teacher=0.0000 teacher_w=0.042
epoch=72 step=475/500 loss=1.2148 time=0.0235 stft=1.9583 cons=0.00000 teacher=0.0000 teacher_w=0.042
epoch=72 step=480/500 loss=1.2132 time=0.0235 stft=1.9556 cons=0.00000 teacher=0.0000 teacher_w=0.042
epoch=72 step=485/500 loss=1.2155 time=0.0234 stft=1.9597 cons=0.00000 teacher=0.0000 teacher_w=0.042
epoch=72 step=490/500 loss=1.2254 time=0.0234 stft=1.9763 cons=0.00000 teacher=0.0000 teacher_w=0.042
epoch=72 step=495/500 loss=1.2242 time=0.0233 stft=1.9745 cons=0.00000 teacher=0.0000 teacher_w=0.042
epoch=72 step=500/500 loss=1.2255 time=0.0233 stft=1.9769 cons=0.00000 teacher=0.0000 teacher_w=0.042
epoch=72 train_loss=1.2308 valid_loss=1.8939 valid_si_sdr=-20.45dB cons=0.000000 lr=6.66193e-05
epoch=73 step=1/500 loss=0.8668 time=0.0343 stft=1.3239 cons=0.00000 teacher=0.0000 teacher_w=0.041
epoch=73 step=5/500 loss=0.9936 time=0.0203 stft=1.5875 cons=0.00000 teacher=0.0000 teacher_w=0.041
epoch=73 step=10/500 loss=1.0320 time=0.0221 stft=1.6533 cons=0.00000 teacher=0.0000 teacher_w=0.041
epoch=73 step=15/500 loss=1.1133 time=0.0254 stft=1.7842 cons=0.00000 teacher=0.0000 teacher_w=0.041
epoch=73 step=20/500 loss=1.2313 time=0.0268 stft=1.9776 cons=0.00000 teacher=0.0000 teacher_w=0.041
epoch=73 step=25/500 loss=1.2503 time=0.0266 stft=2.0123 cons=0.00000 teacher=0.0000 teacher_w=0.041
epoch=73 step=30/500 loss=1.1973 time=0.0261 stft=1.9239 cons=0.00000 teacher=0.0000 teacher_w=0.041
epoch=73 step=35/500 loss=1.2325 time=0.0259 stft=1.9849 cons=0.00000 teacher=0.0000 teacher_w=0.041
epoch=73 step=40/500 loss=1.2051 time=0.0251 stft=1.9408 cons=0.00000 teacher=0.0000 teacher_w=0.041
epoch=73 step=45/500 loss=1.1973 time=0.0241 stft=1.9305 cons=0.00000 teacher=0.0000 teacher_w=0.041
epoch=73 step=50/500 loss=1.2024 time=0.0239 stft=1.9398 cons=0.00000 teacher=0.0000 teacher_w=0.041
epoch=73 step=55/500 loss=1.2396 time=0.0238 stft=2.0026 cons=0.00000 teacher=0.0000 teacher_w=0.041
epoch=73 step=60/500 loss=1.2484 time=0.0237 stft=2.0175 cons=0.00000 teacher=0.0000 teacher_w=0.041
epoch=73 step=65/500 loss=1.2443 time=0.0231 stft=2.0124 cons=0.00000 teacher=0.0000 teacher_w=0.041
epoch=73 step=70/500 loss=1.2506 time=0.0230 stft=2.0229 cons=0.00000 teacher=0.0000 teacher_w=0.041
epoch=73 step=75/500 loss=1.2419 time=0.0227 stft=2.0080 cons=0.00000 teacher=0.0000 teacher_w=0.041
epoch=73 step=80/500 loss=1.2219 time=0.0235 stft=1.9729 cons=0.00000 teacher=0.0000 teacher_w=0.041
epoch=73 step=85/500 loss=1.2046 time=0.0239 stft=1.9429 cons=0.00000 teacher=0.0000 teacher_w=0.041
epoch=73 step=90/500 loss=1.1889 time=0.0238 stft=1.9165 cons=0.00000 teacher=0.0000 teacher_w=0.041
epoch=73 step=95/500 loss=1.1919 time=0.0240 stft=1.9214 cons=0.00000 teacher=0.0000 teacher_w=0.041
epoch=73 step=100/500 loss=1.1951 time=0.0242 stft=1.9257 cons=0.00000 teacher=0.0000 teacher_w=0.041
epoch=73 step=105/500 loss=1.2039 time=0.0242 stft=1.9402 cons=0.00000 teacher=0.0000 teacher_w=0.041
epoch=73 step=110/500 loss=1.2008 time=0.0245 stft=1.9352 cons=0.00000 teacher=0.0000 teacher_w=0.041
epoch=73 step=115/500 loss=1.1953 time=0.0244 stft=1.9261 cons=0.00000 teacher=0.0000 teacher_w=0.041
epoch=73 step=120/500 loss=1.1828 time=0.0241 stft=1.9062 cons=0.00000 teacher=0.0000 teacher_w=0.041
epoch=73 step=125/500 loss=1.1935 time=0.0238 stft=1.9249 cons=0.00000 teacher=0.0000 teacher_w=0.041
epoch=73 step=130/500 loss=1.1883 time=0.0237 stft=1.9164 cons=0.00000 teacher=0.0000 teacher_w=0.041
epoch=73 step=135/500 loss=1.1989 time=0.0233 stft=1.9347 cons=0.00000 teacher=0.0000 teacher_w=0.041
epoch=73 step=140/500 loss=1.2006 time=0.0233 stft=1.9380 cons=0.00000 teacher=0.0000 teacher_w=0.041
epoch=73 step=145/500 loss=1.2138 time=0.0229 stft=1.9608 cons=0.00000 teacher=0.0000 teacher_w=0.041
epoch=73 step=150/500 loss=1.2049 time=0.0229 stft=1.9457 cons=0.00000 teacher=0.0000 teacher_w=0.041
epoch=73 step=155/500 loss=1.1981 time=0.0231 stft=1.9339 cons=0.00000 teacher=0.0000 teacher_w=0.041
epoch=73 step=160/500 loss=1.1998 time=0.0233 stft=1.9356 cons=0.00000 teacher=0.0000 teacher_w=0.041
epoch=73 step=165/500 loss=1.2040 time=0.0233 stft=1.9427 cons=0.00000 teacher=0.0000 teacher_w=0.041
epoch=73 step=170/500 loss=1.2153 time=0.0231 stft=1.9620 cons=0.00000 teacher=0.0000 teacher_w=0.041
epoch=73 step=175/500 loss=1.2160 time=0.0230 stft=1.9638 cons=0.00000 teacher=0.0000 teacher_w=0.041
epoch=73 step=180/500 loss=1.2168 time=0.0231 stft=1.9654 cons=0.00000 teacher=0.0000 teacher_w=0.041
epoch=73 step=185/500 loss=1.2229 time=0.0231 stft=1.9751 cons=0.00000 teacher=0.0000 teacher_w=0.041
epoch=73 step=190/500 loss=1.2191 time=0.0230 stft=1.9691 cons=0.00000 teacher=0.0000 teacher_w=0.041
epoch=73 step=195/500 loss=1.2205 time=0.0231 stft=1.9711 cons=0.00000 teacher=0.0000 teacher_w=0.041
epoch=73 step=200/500 loss=1.2150 time=0.0229 stft=1.9621 cons=0.00000 teacher=0.0000 teacher_w=0.041
epoch=73 step=205/500 loss=1.2258 time=0.0229 stft=1.9805 cons=0.00000 teacher=0.0000 teacher_w=0.041
epoch=73 step=210/500 loss=1.2273 time=0.0228 stft=1.9833 cons=0.00000 teacher=0.0000 teacher_w=0.041
epoch=73 step=215/500 loss=1.2250 time=0.0226 stft=1.9798 cons=0.00000 teacher=0.0000 teacher_w=0.041
epoch=73 step=220/500 loss=1.2219 time=0.0225 stft=1.9748 cons=0.00000 teacher=0.0000 teacher_w=0.041
epoch=73 step=225/500 loss=1.2207 time=0.0227 stft=1.9721 cons=0.00000 teacher=0.0000 teacher_w=0.041
epoch=73 step=230/500 loss=1.2268 time=0.0226 stft=1.9825 cons=0.00000 teacher=0.0000 teacher_w=0.041
epoch=73 step=235/500 loss=1.2291 time=0.0226 stft=1.9861 cons=0.00000 teacher=0.0000 teacher_w=0.041
epoch=73 step=240/500 loss=1.2241 time=0.0226 stft=1.9777 cons=0.00000 teacher=0.0000 teacher_w=0.041
epoch=73 step=245/500 loss=1.2206 time=0.0229 stft=1.9715 cons=0.00000 teacher=0.0000 teacher_w=0.041
epoch=73 step=250/500 loss=1.2182 time=0.0227 stft=1.9677 cons=0.00000 teacher=0.0000 teacher_w=0.041
epoch=73 step=255/500 loss=1.2164 time=0.0227 stft=1.9647 cons=0.00000 teacher=0.0000 teacher_w=0.041
epoch=73 step=260/500 loss=1.2170 time=0.0226 stft=1.9661 cons=0.00000 teacher=0.0000 teacher_w=0.041
epoch=73 step=265/500 loss=1.2191 time=0.0226 stft=1.9696 cons=0.00000 teacher=0.0000 teacher_w=0.041
epoch=73 step=270/500 loss=1.2218 time=0.0225 stft=1.9747 cons=0.00000 teacher=0.0000 teacher_w=0.041
epoch=73 step=275/500 loss=1.2217 time=0.0225 stft=1.9744 cons=0.00000 teacher=0.0000 teacher_w=0.041
epoch=73 step=280/500 loss=1.2254 time=0.0225 stft=1.9806 cons=0.00000 teacher=0.0000 teacher_w=0.041
epoch=73 step=285/500 loss=1.2244 time=0.0225 stft=1.9793 cons=0.00000 teacher=0.0000 teacher_w=0.041
epoch=73 step=290/500 loss=1.2305 time=0.0224 stft=1.9898 cons=0.00000 teacher=0.0000 teacher_w=0.041
epoch=73 step=295/500 loss=1.2315 time=0.0222 stft=1.9919 cons=0.00000 teacher=0.0000 teacher_w=0.041
epoch=73 step=300/500 loss=1.2326 time=0.0222 stft=1.9938 cons=0.00000 teacher=0.0000 teacher_w=0.041
epoch=73 step=305/500 loss=1.2293 time=0.0223 stft=1.9880 cons=0.00000 teacher=0.0000 teacher_w=0.041
epoch=73 step=310/500 loss=1.2403 time=0.0222 stft=2.0063 cons=0.00000 teacher=0.0000 teacher_w=0.041
epoch=73 step=315/500 loss=1.2422 time=0.0222 stft=2.0094 cons=0.00000 teacher=0.0000 teacher_w=0.041
epoch=73 step=320/500 loss=1.2444 time=0.0222 stft=2.0134 cons=0.00000 teacher=0.0000 teacher_w=0.041
epoch=73 step=325/500 loss=1.2435 time=0.0222 stft=2.0117 cons=0.00000 teacher=0.0000 teacher_w=0.041
epoch=73 step=330/500 loss=1.2392 time=0.0222 stft=2.0046 cons=0.00000 teacher=0.0000 teacher_w=0.041
epoch=73 step=335/500 loss=1.2376 time=0.0222 stft=2.0019 cons=0.00000 teacher=0.0000 teacher_w=0.041
epoch=73 step=340/500 loss=1.2360 time=0.0221 stft=1.9993 cons=0.00000 teacher=0.0000 teacher_w=0.041
epoch=73 step=345/500 loss=1.2363 time=0.0222 stft=1.9994 cons=0.00000 teacher=0.0000 teacher_w=0.041
epoch=73 step=350/500 loss=1.2321 time=0.0223 stft=1.9924 cons=0.00000 teacher=0.0000 teacher_w=0.041
epoch=73 step=355/500 loss=1.2286 time=0.0223 stft=1.9864 cons=0.00000 teacher=0.0000 teacher_w=0.041
epoch=73 step=360/500 loss=1.2310 time=0.0225 stft=1.9902 cons=0.00000 teacher=0.0000 teacher_w=0.041
epoch=73 step=365/500 loss=1.2309 time=0.0225 stft=1.9899 cons=0.00000 teacher=0.0000 teacher_w=0.041
epoch=73 step=370/500 loss=1.2278 time=0.0226 stft=1.9843 cons=0.00000 teacher=0.0000 teacher_w=0.041
epoch=73 step=375/500 loss=1.2268 time=0.0226 stft=1.9828 cons=0.00000 teacher=0.0000 teacher_w=0.041
epoch=73 step=380/500 loss=1.2211 time=0.0226 stft=1.9730 cons=0.00000 teacher=0.0000 teacher_w=0.041
epoch=73 step=385/500 loss=1.2195 time=0.0227 stft=1.9700 cons=0.00000 teacher=0.0000 teacher_w=0.041
epoch=73 step=390/500 loss=1.2250 time=0.0227 stft=1.9793 cons=0.00000 teacher=0.0000 teacher_w=0.041
epoch=73 step=395/500 loss=1.2281 time=0.0225 stft=1.9847 cons=0.00000 teacher=0.0000 teacher_w=0.041
epoch=73 step=400/500 loss=1.2241 time=0.0225 stft=1.9781 cons=0.00000 teacher=0.0000 teacher_w=0.041
epoch=73 step=405/500 loss=1.2244 time=0.0224 stft=1.9790 cons=0.00000 teacher=0.0000 teacher_w=0.041
epoch=73 step=410/500 loss=1.2269 time=0.0224 stft=1.9831 cons=0.00000 teacher=0.0000 teacher_w=0.041
epoch=73 step=415/500 loss=1.2264 time=0.0225 stft=1.9821 cons=0.00000 teacher=0.0000 teacher_w=0.041
epoch=73 step=420/500 loss=1.2230 time=0.0224 stft=1.9767 cons=0.00000 teacher=0.0000 teacher_w=0.041
epoch=73 step=425/500 loss=1.2183 time=0.0225 stft=1.9687 cons=0.00000 teacher=0.0000 teacher_w=0.041
epoch=73 step=430/500 loss=1.2203 time=0.0224 stft=1.9721 cons=0.00000 teacher=0.0000 teacher_w=0.041
epoch=73 step=435/500 loss=1.2162 time=0.0223 stft=1.9656 cons=0.00000 teacher=0.0000 teacher_w=0.041
epoch=73 step=440/500 loss=1.2170 time=0.0223 stft=1.9669 cons=0.00000 teacher=0.0000 teacher_w=0.041
epoch=73 step=445/500 loss=1.2179 time=0.0223 stft=1.9685 cons=0.00000 teacher=0.0000 teacher_w=0.041
epoch=73 step=450/500 loss=1.2142 time=0.0224 stft=1.9620 cons=0.00000 teacher=0.0000 teacher_w=0.041
epoch=73 step=455/500 loss=1.2138 time=0.0226 stft=1.9610 cons=0.00000 teacher=0.0000 teacher_w=0.041
epoch=73 step=460/500 loss=1.2176 time=0.0225 stft=1.9676 cons=0.00000 teacher=0.0000 teacher_w=0.041
epoch=73 step=465/500 loss=1.2142 time=0.0224 stft=1.9621 cons=0.00000 teacher=0.0000 teacher_w=0.041
epoch=73 step=470/500 loss=1.2143 time=0.0225 stft=1.9622 cons=0.00000 teacher=0.0000 teacher_w=0.041
epoch=73 step=475/500 loss=1.2170 time=0.0225 stft=1.9667 cons=0.00000 teacher=0.0000 teacher_w=0.041
epoch=73 step=480/500 loss=1.2166 time=0.0225 stft=1.9659 cons=0.00000 teacher=0.0000 teacher_w=0.041
epoch=73 step=485/500 loss=1.2163 time=0.0225 stft=1.9654 cons=0.00000 teacher=0.0000 teacher_w=0.041
epoch=73 step=490/500 loss=1.2190 time=0.0225 stft=1.9699 cons=0.00000 teacher=0.0000 teacher_w=0.041
epoch=73 step=495/500 loss=1.2156 time=0.0226 stft=1.9641 cons=0.00000 teacher=0.0000 teacher_w=0.041
epoch=73 step=500/500 loss=1.2148 time=0.0225 stft=1.9629 cons=0.00000 teacher=0.0000 teacher_w=0.041
epoch=73 train_loss=1.2135 valid_loss=1.8866 valid_si_sdr=-20.29dB cons=0.000000 lr=6.41632e-05
epoch=74 step=1/500 loss=1.1849 time=0.0261 stft=1.9170 cons=0.00000 teacher=0.0000 teacher_w=0.039
epoch=74 step=5/500 loss=1.2679 time=0.0233 stft=2.0495 cons=0.00000 teacher=0.0000 teacher_w=0.039
epoch=74 step=10/500 loss=1.2363 time=0.0253 stft=1.9951 cons=0.00000 teacher=0.0000 teacher_w=0.039
epoch=74 step=15/500 loss=1.2751 time=0.0239 stft=2.0587 cons=0.00000 teacher=0.0000 teacher_w=0.039
epoch=74 step=20/500 loss=1.2031 time=0.0231 stft=1.9389 cons=0.00000 teacher=0.0000 teacher_w=0.039
epoch=74 step=25/500 loss=1.1490 time=0.0224 stft=1.8516 cons=0.00000 teacher=0.0000 teacher_w=0.039
epoch=74 step=30/500 loss=1.1452 time=0.0269 stft=1.8263 cons=0.00000 teacher=0.0000 teacher_w=0.039
epoch=74 step=35/500 loss=1.1172 time=0.0262 stft=1.7824 cons=0.00000 teacher=0.0000 teacher_w=0.039
epoch=74 step=40/500 loss=1.1554 time=0.0244 stft=1.8519 cons=0.00000 teacher=0.0000 teacher_w=0.039
epoch=74 step=45/500 loss=1.2263 time=0.0238 stft=1.9730 cons=0.00000 teacher=0.0000 teacher_w=0.039
epoch=74 step=50/500 loss=1.2514 time=0.0230 stft=2.0180 cons=0.00000 teacher=0.0000 teacher_w=0.039
epoch=74 step=55/500 loss=1.2752 time=0.0232 stft=2.0574 cons=0.00000 teacher=0.0000 teacher_w=0.039
epoch=74 step=60/500 loss=1.2684 time=0.0233 stft=2.0457 cons=0.00000 teacher=0.0000 teacher_w=0.039
epoch=74 step=65/500 loss=1.2365 time=0.0243 stft=1.9910 cons=0.00000 teacher=0.0000 teacher_w=0.039
epoch=74 step=70/500 loss=1.2291 time=0.0240 stft=1.9798 cons=0.00000 teacher=0.0000 teacher_w=0.039
epoch=74 step=75/500 loss=1.2145 time=0.0236 stft=1.9561 cons=0.00000 teacher=0.0000 teacher_w=0.039
epoch=74 step=80/500 loss=1.2128 time=0.0249 stft=1.9519 cons=0.00000 teacher=0.0000 teacher_w=0.039
epoch=74 step=85/500 loss=1.2375 time=0.0241 stft=1.9950 cons=0.00000 teacher=0.0000 teacher_w=0.039
epoch=74 step=90/500 loss=1.2356 time=0.0243 stft=1.9917 cons=0.00000 teacher=0.0000 teacher_w=0.039
epoch=74 step=95/500 loss=1.2464 time=0.0242 stft=2.0094 cons=0.00000 teacher=0.0000 teacher_w=0.039
epoch=74 step=100/500 loss=1.2627 time=0.0236 stft=2.0380 cons=0.00000 teacher=0.0000 teacher_w=0.039
epoch=74 step=105/500 loss=1.2457 time=0.0235 stft=2.0100 cons=0.00000 teacher=0.0000 teacher_w=0.039
epoch=74 step=110/500 loss=1.2356 time=0.0232 stft=1.9948 cons=0.00000 teacher=0.0000 teacher_w=0.039
epoch=74 step=115/500 loss=1.2138 time=0.0237 stft=1.9577 cons=0.00000 teacher=0.0000 teacher_w=0.039
epoch=74 step=120/500 loss=1.2149 time=0.0240 stft=1.9591 cons=0.00000 teacher=0.0000 teacher_w=0.039
epoch=74 step=125/500 loss=1.2079 time=0.0241 stft=1.9473 cons=0.00000 teacher=0.0000 teacher_w=0.039
epoch=74 step=130/500 loss=1.1983 time=0.0239 stft=1.9320 cons=0.00000 teacher=0.0000 teacher_w=0.039
epoch=74 step=135/500 loss=1.1931 time=0.0242 stft=1.9227 cons=0.00000 teacher=0.0000 teacher_w=0.039
epoch=74 step=140/500 loss=1.1836 time=0.0240 stft=1.9071 cons=0.00000 teacher=0.0000 teacher_w=0.039
epoch=74 step=145/500 loss=1.1921 time=0.0241 stft=1.9213 cons=0.00000 teacher=0.0000 teacher_w=0.039
epoch=74 step=150/500 loss=1.1861 time=0.0241 stft=1.9114 cons=0.00000 teacher=0.0000 teacher_w=0.039
epoch=74 step=155/500 loss=1.1933 time=0.0238 stft=1.9242 cons=0.00000 teacher=0.0000 teacher_w=0.039
epoch=74 step=160/500 loss=1.1989 time=0.0235 stft=1.9343 cons=0.00000 teacher=0.0000 teacher_w=0.039
epoch=74 step=165/500 loss=1.1937 time=0.0233 stft=1.9260 cons=0.00000 teacher=0.0000 teacher_w=0.039
epoch=74 step=170/500 loss=1.1975 time=0.0232 stft=1.9328 cons=0.00000 teacher=0.0000 teacher_w=0.039
epoch=74 step=175/500 loss=1.1946 time=0.0232 stft=1.9282 cons=0.00000 teacher=0.0000 teacher_w=0.039
epoch=74 step=180/500 loss=1.1983 time=0.0231 stft=1.9346 cons=0.00000 teacher=0.0000 teacher_w=0.039
epoch=74 step=185/500 loss=1.1955 time=0.0231 stft=1.9297 cons=0.00000 teacher=0.0000 teacher_w=0.039
epoch=74 step=190/500 loss=1.1871 time=0.0231 stft=1.9158 cons=0.00000 teacher=0.0000 teacher_w=0.039
epoch=74 step=195/500 loss=1.1863 time=0.0233 stft=1.9141 cons=0.00000 teacher=0.0000 teacher_w=0.039
epoch=74 step=200/500 loss=1.1941 time=0.0233 stft=1.9272 cons=0.00000 teacher=0.0000 teacher_w=0.039
epoch=74 step=205/500 loss=1.2011 time=0.0233 stft=1.9388 cons=0.00000 teacher=0.0000 teacher_w=0.039
epoch=74 step=210/500 loss=1.1950 time=0.0233 stft=1.9287 cons=0.00000 teacher=0.0000 teacher_w=0.039
epoch=74 step=215/500 loss=1.1987 time=0.0232 stft=1.9353 cons=0.00000 teacher=0.0000 teacher_w=0.039
epoch=74 step=220/500 loss=1.2038 time=0.0230 stft=1.9440 cons=0.00000 teacher=0.0000 teacher_w=0.039
epoch=74 step=225/500 loss=1.2080 time=0.0229 stft=1.9514 cons=0.00000 teacher=0.0000 teacher_w=0.039
epoch=74 step=230/500 loss=1.2045 time=0.0228 stft=1.9458 cons=0.00000 teacher=0.0000 teacher_w=0.039
epoch=74 step=235/500 loss=1.2031 time=0.0229 stft=1.9433 cons=0.00000 teacher=0.0000 teacher_w=0.039
epoch=74 step=240/500 loss=1.1982 time=0.0228 stft=1.9355 cons=0.00000 teacher=0.0000 teacher_w=0.039
epoch=74 step=245/500 loss=1.1960 time=0.0228 stft=1.9315 cons=0.00000 teacher=0.0000 teacher_w=0.039
epoch=74 step=250/500 loss=1.2012 time=0.0227 stft=1.9405 cons=0.00000 teacher=0.0000 teacher_w=0.039
epoch=74 step=255/500 loss=1.2079 time=0.0226 stft=1.9519 cons=0.00000 teacher=0.0000 teacher_w=0.039
epoch=74 step=260/500 loss=1.2051 time=0.0225 stft=1.9474 cons=0.00000 teacher=0.0000 teacher_w=0.039
epoch=74 step=265/500 loss=1.2027 time=0.0226 stft=1.9433 cons=0.00000 teacher=0.0000 teacher_w=0.039
epoch=74 step=270/500 loss=1.2060 time=0.0225 stft=1.9488 cons=0.00000 teacher=0.0000 teacher_w=0.039
epoch=74 step=275/500 loss=1.2057 time=0.0225 stft=1.9482 cons=0.00000 teacher=0.0000 teacher_w=0.039
epoch=74 step=280/500 loss=1.2060 time=0.0225 stft=1.9488 cons=0.00000 teacher=0.0000 teacher_w=0.039
epoch=74 step=285/500 loss=1.2039 time=0.0225 stft=1.9451 cons=0.00000 teacher=0.0000 teacher_w=0.039
epoch=74 step=290/500 loss=1.2116 time=0.0225 stft=1.9578 cons=0.00000 teacher=0.0000 teacher_w=0.039
epoch=74 step=295/500 loss=1.2066 time=0.0225 stft=1.9495 cons=0.00000 teacher=0.0000 teacher_w=0.039
epoch=74 step=300/500 loss=1.2094 time=0.0224 stft=1.9543 cons=0.00000 teacher=0.0000 teacher_w=0.039
epoch=74 step=305/500 loss=1.2053 time=0.0224 stft=1.9475 cons=0.00000 teacher=0.0000 teacher_w=0.039
epoch=74 step=310/500 loss=1.2039 time=0.0225 stft=1.9449 cons=0.00000 teacher=0.0000 teacher_w=0.039
epoch=74 step=315/500 loss=1.2061 time=0.0224 stft=1.9490 cons=0.00000 teacher=0.0000 teacher_w=0.039
epoch=74 step=320/500 loss=1.2028 time=0.0224 stft=1.9434 cons=0.00000 teacher=0.0000 teacher_w=0.039
epoch=74 step=325/500 loss=1.2005 time=0.0225 stft=1.9395 cons=0.00000 teacher=0.0000 teacher_w=0.039
epoch=74 step=330/500 loss=1.2044 time=0.0224 stft=1.9459 cons=0.00000 teacher=0.0000 teacher_w=0.039
epoch=74 step=335/500 loss=1.1999 time=0.0226 stft=1.9381 cons=0.00000 teacher=0.0000 teacher_w=0.039
epoch=74 step=340/500 loss=1.1996 time=0.0226 stft=1.9374 cons=0.00000 teacher=0.0000 teacher_w=0.039
epoch=74 step=345/500 loss=1.2039 time=0.0226 stft=1.9447 cons=0.00000 teacher=0.0000 teacher_w=0.039
epoch=74 step=350/500 loss=1.2088 time=0.0225 stft=1.9531 cons=0.00000 teacher=0.0000 teacher_w=0.039
epoch=74 step=355/500 loss=1.2064 time=0.0225 stft=1.9490 cons=0.00000 teacher=0.0000 teacher_w=0.039
epoch=74 step=360/500 loss=1.2028 time=0.0225 stft=1.9428 cons=0.00000 teacher=0.0000 teacher_w=0.039
epoch=74 step=365/500 loss=1.2018 time=0.0224 stft=1.9413 cons=0.00000 teacher=0.0000 teacher_w=0.039
epoch=74 step=370/500 loss=1.2007 time=0.0224 stft=1.9396 cons=0.00000 teacher=0.0000 teacher_w=0.039
epoch=74 step=375/500 loss=1.2064 time=0.0223 stft=1.9493 cons=0.00000 teacher=0.0000 teacher_w=0.039
epoch=74 step=380/500 loss=1.2046 time=0.0223 stft=1.9465 cons=0.00000 teacher=0.0000 teacher_w=0.039
epoch=74 step=385/500 loss=1.2106 time=0.0222 stft=1.9567 cons=0.00000 teacher=0.0000 teacher_w=0.039
epoch=74 step=390/500 loss=1.2109 time=0.0222 stft=1.9571 cons=0.00000 teacher=0.0000 teacher_w=0.039
epoch=74 step=395/500 loss=1.2089 time=0.0222 stft=1.9539 cons=0.00000 teacher=0.0000 teacher_w=0.039
epoch=74 step=400/500 loss=1.2165 time=0.0222 stft=1.9666 cons=0.00000 teacher=0.0000 teacher_w=0.039
epoch=74 step=405/500 loss=1.2175 time=0.0223 stft=1.9681 cons=0.00000 teacher=0.0000 teacher_w=0.039
epoch=74 step=410/500 loss=1.2158 time=0.0224 stft=1.9650 cons=0.00000 teacher=0.0000 teacher_w=0.039
epoch=74 step=415/500 loss=1.2114 time=0.0224 stft=1.9577 cons=0.00000 teacher=0.0000 teacher_w=0.039
epoch=74 step=420/500 loss=1.2202 time=0.0224 stft=1.9722 cons=0.00000 teacher=0.0000 teacher_w=0.039
epoch=74 step=425/500 loss=1.2210 time=0.0225 stft=1.9733 cons=0.00000 teacher=0.0000 teacher_w=0.039
epoch=74 step=430/500 loss=1.2259 time=0.0224 stft=1.9815 cons=0.00000 teacher=0.0000 teacher_w=0.039
epoch=74 step=435/500 loss=1.2285 time=0.0224 stft=1.9860 cons=0.00000 teacher=0.0000 teacher_w=0.039
epoch=74 step=440/500 loss=1.2274 time=0.0224 stft=1.9841 cons=0.00000 teacher=0.0000 teacher_w=0.039
epoch=74 step=445/500 loss=1.2250 time=0.0223 stft=1.9802 cons=0.00000 teacher=0.0000 teacher_w=0.039
epoch=74 step=450/500 loss=1.2235 time=0.0223 stft=1.9778 cons=0.00000 teacher=0.0000 teacher_w=0.039
epoch=74 step=455/500 loss=1.2206 time=0.0222 stft=1.9732 cons=0.00000 teacher=0.0000 teacher_w=0.039
epoch=74 step=460/500 loss=1.2220 time=0.0222 stft=1.9757 cons=0.00000 teacher=0.0000 teacher_w=0.039
epoch=74 step=465/500 loss=1.2278 time=0.0222 stft=1.9853 cons=0.00000 teacher=0.0000 teacher_w=0.039
epoch=74 step=470/500 loss=1.2270 time=0.0222 stft=1.9838 cons=0.00000 teacher=0.0000 teacher_w=0.039
epoch=74 step=475/500 loss=1.2276 time=0.0222 stft=1.9848 cons=0.00000 teacher=0.0000 teacher_w=0.039
epoch=74 step=480/500 loss=1.2272 time=0.0222 stft=1.9842 cons=0.00000 teacher=0.0000 teacher_w=0.039
epoch=74 step=485/500 loss=1.2276 time=0.0222 stft=1.9848 cons=0.00000 teacher=0.0000 teacher_w=0.039
epoch=74 step=490/500 loss=1.2283 time=0.0221 stft=1.9863 cons=0.00000 teacher=0.0000 teacher_w=0.039
epoch=74 step=495/500 loss=1.2279 time=0.0222 stft=1.9855 cons=0.00000 teacher=0.0000 teacher_w=0.039
epoch=74 step=500/500 loss=1.2275 time=0.0222 stft=1.9849 cons=0.00000 teacher=0.0000 teacher_w=0.039
epoch=74 train_loss=1.2416 valid_loss=1.8801 valid_si_sdr=-20.10dB cons=0.000000 lr=6.17317e-05
epoch=75 step=1/500 loss=2.3974 time=0.0291 stft=3.9103 cons=0.00000 teacher=0.0000 teacher_w=0.037
epoch=75 step=5/500 loss=1.1645 time=0.0258 stft=1.8600 cons=0.00000 teacher=0.0000 teacher_w=0.037
epoch=75 step=10/500 loss=1.2483 time=0.0280 stft=2.0022 cons=0.00000 teacher=0.0000 teacher_w=0.037
epoch=75 step=15/500 loss=1.2888 time=0.0260 stft=2.0734 cons=0.00000 teacher=0.0000 teacher_w=0.037
epoch=75 step=20/500 loss=1.2539 time=0.0245 stft=2.0169 cons=0.00000 teacher=0.0000 teacher_w=0.037
epoch=75 step=25/500 loss=1.1601 time=0.0242 stft=1.8596 cons=0.00000 teacher=0.0000 teacher_w=0.037
epoch=75 step=30/500 loss=1.1625 time=0.0243 stft=1.8650 cons=0.00000 teacher=0.0000 teacher_w=0.037
epoch=75 step=35/500 loss=1.1537 time=0.0245 stft=1.8496 cons=0.00000 teacher=0.0000 teacher_w=0.037
epoch=75 step=40/500 loss=1.1286 time=0.0249 stft=1.8065 cons=0.00000 teacher=0.0000 teacher_w=0.037
epoch=75 step=45/500 loss=1.1499 time=0.0240 stft=1.8447 cons=0.00000 teacher=0.0000 teacher_w=0.037
epoch=75 step=50/500 loss=1.1629 time=0.0240 stft=1.8664 cons=0.00000 teacher=0.0000 teacher_w=0.037
epoch=75 step=55/500 loss=1.1535 time=0.0240 stft=1.8510 cons=0.00000 teacher=0.0000 teacher_w=0.037
epoch=75 step=60/500 loss=1.1436 time=0.0238 stft=1.8345 cons=0.00000 teacher=0.0000 teacher_w=0.037
epoch=75 step=65/500 loss=1.1450 time=0.0245 stft=1.8343 cons=0.00000 teacher=0.0000 teacher_w=0.037
epoch=75 step=70/500 loss=1.1957 time=0.0242 stft=1.9197 cons=0.00000 teacher=0.0000 teacher_w=0.037
epoch=75 step=75/500 loss=1.2114 time=0.0242 stft=1.9458 cons=0.00000 teacher=0.0000 teacher_w=0.037
epoch=75 step=80/500 loss=1.1935 time=0.0244 stft=1.9163 cons=0.00000 teacher=0.0000 teacher_w=0.037
epoch=75 step=85/500 loss=1.2026 time=0.0242 stft=1.9322 cons=0.00000 teacher=0.0000 teacher_w=0.037
epoch=75 step=90/500 loss=1.1964 time=0.0243 stft=1.9215 cons=0.00000 teacher=0.0000 teacher_w=0.037
epoch=75 step=95/500 loss=1.2008 time=0.0245 stft=1.9285 cons=0.00000 teacher=0.0000 teacher_w=0.037
epoch=75 step=100/500 loss=1.2057 time=0.0246 stft=1.9373 cons=0.00000 teacher=0.0000 teacher_w=0.037
epoch=75 step=105/500 loss=1.2068 time=0.0247 stft=1.9392 cons=0.00000 teacher=0.0000 teacher_w=0.037
epoch=75 step=110/500 loss=1.1948 time=0.0246 stft=1.9199 cons=0.00000 teacher=0.0000 teacher_w=0.037
epoch=75 step=115/500 loss=1.2226 time=0.0243 stft=1.9672 cons=0.00000 teacher=0.0000 teacher_w=0.037
epoch=75 step=120/500 loss=1.2415 time=0.0242 stft=1.9988 cons=0.00000 teacher=0.0000 teacher_w=0.037
epoch=75 step=125/500 loss=1.2228 time=0.0242 stft=1.9678 cons=0.00000 teacher=0.0000 teacher_w=0.037
epoch=75 step=130/500 loss=1.2141 time=0.0239 stft=1.9543 cons=0.00000 teacher=0.0000 teacher_w=0.037
epoch=75 step=135/500 loss=1.2194 time=0.0238 stft=1.9636 cons=0.00000 teacher=0.0000 teacher_w=0.037
epoch=75 step=140/500 loss=1.2471 time=0.0235 stft=2.0104 cons=0.00000 teacher=0.0000 teacher_w=0.037
epoch=75 step=145/500 loss=1.2485 time=0.0236 stft=2.0122 cons=0.00000 teacher=0.0000 teacher_w=0.037
epoch=75 step=150/500 loss=1.2439 time=0.0238 stft=2.0043 cons=0.00000 teacher=0.0000 teacher_w=0.037
epoch=75 step=155/500 loss=1.2617 time=0.0234 stft=2.0351 cons=0.00000 teacher=0.0000 teacher_w=0.037
epoch=75 step=160/500 loss=1.2498 time=0.0235 stft=2.0149 cons=0.00000 teacher=0.0000 teacher_w=0.037
epoch=75 step=165/500 loss=1.2409 time=0.0235 stft=2.0000 cons=0.00000 teacher=0.0000 teacher_w=0.037
epoch=75 step=170/500 loss=1.2356 time=0.0235 stft=1.9905 cons=0.00000 teacher=0.0000 teacher_w=0.037
epoch=75 step=175/500 loss=1.2373 time=0.0233 stft=1.9941 cons=0.00000 teacher=0.0000 teacher_w=0.037
epoch=75 step=180/500 loss=1.2323 time=0.0235 stft=1.9857 cons=0.00000 teacher=0.0000 teacher_w=0.037
epoch=75 step=185/500 loss=1.2332 time=0.0235 stft=1.9880 cons=0.00000 teacher=0.0000 teacher_w=0.037
epoch=75 step=190/500 loss=1.2344 time=0.0233 stft=1.9906 cons=0.00000 teacher=0.0000 teacher_w=0.037
epoch=75 step=195/500 loss=1.2270 time=0.0234 stft=1.9785 cons=0.00000 teacher=0.0000 teacher_w=0.037
epoch=75 step=200/500 loss=1.2348 time=0.0232 stft=1.9920 cons=0.00000 teacher=0.0000 teacher_w=0.037
epoch=75 step=205/500 loss=1.2322 time=0.0235 stft=1.9866 cons=0.00000 teacher=0.0000 teacher_w=0.037
epoch=75 step=210/500 loss=1.2393 time=0.0236 stft=1.9984 cons=0.00000 teacher=0.0000 teacher_w=0.037
epoch=75 step=215/500 loss=1.2441 time=0.0236 stft=2.0059 cons=0.00000 teacher=0.0000 teacher_w=0.037
epoch=75 step=220/500 loss=1.2487 time=0.0236 stft=2.0136 cons=0.00000 teacher=0.0000 teacher_w=0.037
epoch=75 step=225/500 loss=1.2509 time=0.0234 stft=2.0182 cons=0.00000 teacher=0.0000 teacher_w=0.037
epoch=75 step=230/500 loss=1.2476 time=0.0233 stft=2.0130 cons=0.00000 teacher=0.0000 teacher_w=0.037
epoch=75 step=235/500 loss=1.2510 time=0.0233 stft=2.0188 cons=0.00000 teacher=0.0000 teacher_w=0.037
epoch=75 step=240/500 loss=1.2538 time=0.0233 stft=2.0233 cons=0.00000 teacher=0.0000 teacher_w=0.037
epoch=75 step=245/500 loss=1.2513 time=0.0233 stft=2.0194 cons=0.00000 teacher=0.0000 teacher_w=0.037
epoch=75 step=250/500 loss=1.2429 time=0.0236 stft=2.0048 cons=0.00000 teacher=0.0000 teacher_w=0.037
epoch=75 step=255/500 loss=1.2508 time=0.0237 stft=2.0177 cons=0.00000 teacher=0.0000 teacher_w=0.037
epoch=75 step=260/500 loss=1.2554 time=0.0237 stft=2.0252 cons=0.00000 teacher=0.0000 teacher_w=0.037
epoch=75 step=265/500 loss=1.2640 time=0.0235 stft=2.0401 cons=0.00000 teacher=0.0000 teacher_w=0.037
epoch=75 step=270/500 loss=1.2627 time=0.0235 stft=2.0378 cons=0.00000 teacher=0.0000 teacher_w=0.037
epoch=75 step=275/500 loss=1.2625 time=0.0235 stft=2.0374 cons=0.00000 teacher=0.0000 teacher_w=0.037
epoch=75 step=280/500 loss=1.2638 time=0.0235 stft=2.0396 cons=0.00000 teacher=0.0000 teacher_w=0.037
epoch=75 step=285/500 loss=1.2582 time=0.0235 stft=2.0304 cons=0.00000 teacher=0.0000 teacher_w=0.037
epoch=75 step=290/500 loss=1.2550 time=0.0235 stft=2.0252 cons=0.00000 teacher=0.0000 teacher_w=0.037
epoch=75 step=295/500 loss=1.2519 time=0.0235 stft=2.0200 cons=0.00000 teacher=0.0000 teacher_w=0.037
epoch=75 step=300/500 loss=1.2456 time=0.0235 stft=2.0094 cons=0.00000 teacher=0.0000 teacher_w=0.037
epoch=75 step=305/500 loss=1.2443 time=0.0236 stft=2.0071 cons=0.00000 teacher=0.0000 teacher_w=0.037
epoch=75 step=310/500 loss=1.2401 time=0.0236 stft=2.0005 cons=0.00000 teacher=0.0000 teacher_w=0.037
epoch=75 step=315/500 loss=1.2379 time=0.0237 stft=1.9964 cons=0.00000 teacher=0.0000 teacher_w=0.037
epoch=75 step=320/500 loss=1.2332 time=0.0237 stft=1.9887 cons=0.00000 teacher=0.0000 teacher_w=0.037
epoch=75 step=325/500 loss=1.2288 time=0.0238 stft=1.9812 cons=0.00000 teacher=0.0000 teacher_w=0.037
epoch=75 step=330/500 loss=1.2367 time=0.0238 stft=1.9944 cons=0.00000 teacher=0.0000 teacher_w=0.037
epoch=75 step=335/500 loss=1.2368 time=0.0237 stft=1.9948 cons=0.00000 teacher=0.0000 teacher_w=0.037
epoch=75 step=340/500 loss=1.2341 time=0.0238 stft=1.9894 cons=0.00000 teacher=0.0000 teacher_w=0.037
epoch=75 step=345/500 loss=1.2282 time=0.0237 stft=1.9799 cons=0.00000 teacher=0.0000 teacher_w=0.037
epoch=75 step=350/500 loss=1.2290 time=0.0236 stft=1.9814 cons=0.00000 teacher=0.0000 teacher_w=0.037
epoch=75 step=355/500 loss=1.2280 time=0.0237 stft=1.9796 cons=0.00000 teacher=0.0000 teacher_w=0.037
epoch=75 step=360/500 loss=1.2304 time=0.0236 stft=1.9839 cons=0.00000 teacher=0.0000 teacher_w=0.037
epoch=75 step=365/500 loss=1.2378 time=0.0234 stft=1.9968 cons=0.00000 teacher=0.0000 teacher_w=0.037
epoch=75 step=370/500 loss=1.2413 time=0.0234 stft=2.0029 cons=0.00000 teacher=0.0000 teacher_w=0.037
epoch=75 step=375/500 loss=1.2397 time=0.0233 stft=2.0004 cons=0.00000 teacher=0.0000 teacher_w=0.037
epoch=75 step=380/500 loss=1.2413 time=0.0232 stft=2.0035 cons=0.00000 teacher=0.0000 teacher_w=0.037
epoch=75 step=385/500 loss=1.2386 time=0.0232 stft=1.9990 cons=0.00000 teacher=0.0000 teacher_w=0.037
epoch=75 step=390/500 loss=1.2385 time=0.0232 stft=1.9989 cons=0.00000 teacher=0.0000 teacher_w=0.037
epoch=75 step=395/500 loss=1.2332 time=0.0232 stft=1.9900 cons=0.00000 teacher=0.0000 teacher_w=0.037
epoch=75 step=400/500 loss=1.2328 time=0.0232 stft=1.9895 cons=0.00000 teacher=0.0000 teacher_w=0.037
epoch=75 step=405/500 loss=1.2332 time=0.0231 stft=1.9904 cons=0.00000 teacher=0.0000 teacher_w=0.037
epoch=75 step=410/500 loss=1.2330 time=0.0232 stft=1.9900 cons=0.00000 teacher=0.0000 teacher_w=0.037
epoch=75 step=415/500 loss=1.2357 time=0.0232 stft=1.9947 cons=0.00000 teacher=0.0000 teacher_w=0.037
epoch=75 step=420/500 loss=1.2335 time=0.0232 stft=1.9910 cons=0.00000 teacher=0.0000 teacher_w=0.037
epoch=75 step=425/500 loss=1.2316 time=0.0232 stft=1.9876 cons=0.00000 teacher=0.0000 teacher_w=0.037
epoch=75 step=430/500 loss=1.2293 time=0.0234 stft=1.9833 cons=0.00000 teacher=0.0000 teacher_w=0.037
epoch=75 step=435/500 loss=1.2332 time=0.0235 stft=1.9896 cons=0.00000 teacher=0.0000 teacher_w=0.037
epoch=75 step=440/500 loss=1.2302 time=0.0235 stft=1.9843 cons=0.00000 teacher=0.0000 teacher_w=0.037
epoch=75 step=445/500 loss=1.2283 time=0.0234 stft=1.9815 cons=0.00000 teacher=0.0000 teacher_w=0.037
epoch=75 step=450/500 loss=1.2254 time=0.0234 stft=1.9768 cons=0.00000 teacher=0.0000 teacher_w=0.037
epoch=75 step=455/500 loss=1.2229 time=0.0233 stft=1.9729 cons=0.00000 teacher=0.0000 teacher_w=0.037
epoch=75 step=460/500 loss=1.2210 time=0.0234 stft=1.9694 cons=0.00000 teacher=0.0000 teacher_w=0.037
epoch=75 step=465/500 loss=1.2206 time=0.0234 stft=1.9687 cons=0.00000 teacher=0.0000 teacher_w=0.037
epoch=75 step=470/500 loss=1.2225 time=0.0233 stft=1.9720 cons=0.00000 teacher=0.0000 teacher_w=0.037
epoch=75 step=475/500 loss=1.2223 time=0.0233 stft=1.9716 cons=0.00000 teacher=0.0000 teacher_w=0.037
epoch=75 step=480/500 loss=1.2199 time=0.0233 stft=1.9678 cons=0.00000 teacher=0.0000 teacher_w=0.037
epoch=75 step=485/500 loss=1.2180 time=0.0233 stft=1.9646 cons=0.00000 teacher=0.0000 teacher_w=0.037
epoch=75 step=490/500 loss=1.2169 time=0.0232 stft=1.9629 cons=0.00000 teacher=0.0000 teacher_w=0.037
epoch=75 step=495/500 loss=1.2175 time=0.0233 stft=1.9635 cons=0.00000 teacher=0.0000 teacher_w=0.037
epoch=75 step=500/500 loss=1.2161 time=0.0233 stft=1.9612 cons=0.00000 teacher=0.0000 teacher_w=0.037
epoch=75 train_loss=1.2197 valid_loss=1.8720 valid_si_sdr=-19.94dB cons=0.000000 lr=5.93263e-05
epoch=76 step=1/500 loss=2.0111 time=0.0161 stft=3.2926 cons=0.00000 teacher=0.0000 teacher_w=0.036
epoch=76 step=5/500 loss=1.5832 time=0.0186 stft=2.5734 cons=0.00000 teacher=0.0000 teacher_w=0.036
epoch=76 step=10/500 loss=1.4672 time=0.0187 stft=2.3913 cons=0.00000 teacher=0.0000 teacher_w=0.036
epoch=76 step=15/500 loss=1.5287 time=0.0186 stft=2.4956 cons=0.00000 teacher=0.0000 teacher_w=0.036
epoch=76 step=20/500 loss=1.4201 time=0.0202 stft=2.3112 cons=0.00000 teacher=0.0000 teacher_w=0.036
epoch=76 step=25/500 loss=1.4183 time=0.0198 stft=2.3084 cons=0.00000 teacher=0.0000 teacher_w=0.036
epoch=76 step=30/500 loss=1.4720 time=0.0193 stft=2.3994 cons=0.00000 teacher=0.0000 teacher_w=0.036
epoch=76 step=35/500 loss=1.4365 time=0.0194 stft=2.3397 cons=0.00000 teacher=0.0000 teacher_w=0.036
epoch=76 step=40/500 loss=1.4591 time=0.0195 stft=2.3766 cons=0.00000 teacher=0.0000 teacher_w=0.036
epoch=76 step=45/500 loss=1.4373 time=0.0190 stft=2.3406 cons=0.00000 teacher=0.0000 teacher_w=0.036
epoch=76 step=50/500 loss=1.4504 time=0.0192 stft=2.3626 cons=0.00000 teacher=0.0000 teacher_w=0.036
epoch=76 step=55/500 loss=1.4460 time=0.0193 stft=2.3555 cons=0.00000 teacher=0.0000 teacher_w=0.036
epoch=76 step=60/500 loss=1.4642 time=0.0189 stft=2.3867 cons=0.00000 teacher=0.0000 teacher_w=0.036
epoch=76 step=65/500 loss=1.4678 time=0.0183 stft=2.3938 cons=0.00000 teacher=0.0000 teacher_w=0.036
epoch=76 step=70/500 loss=1.4293 time=0.0198 stft=2.3254 cons=0.00000 teacher=0.0000 teacher_w=0.036
epoch=76 step=75/500 loss=1.4001 time=0.0202 stft=2.2755 cons=0.00000 teacher=0.0000 teacher_w=0.036
epoch=76 step=80/500 loss=1.3855 time=0.0204 stft=2.2510 cons=0.00000 teacher=0.0000 teacher_w=0.036
epoch=76 step=85/500 loss=1.3893 time=0.0211 stft=2.2552 cons=0.00000 teacher=0.0000 teacher_w=0.036
epoch=76 step=90/500 loss=1.3636 time=0.0211 stft=2.2121 cons=0.00000 teacher=0.0000 teacher_w=0.036
epoch=76 step=95/500 loss=1.3578 time=0.0209 stft=2.2030 cons=0.00000 teacher=0.0000 teacher_w=0.036
epoch=76 step=100/500 loss=1.3402 time=0.0219 stft=2.1718 cons=0.00000 teacher=0.0000 teacher_w=0.036
epoch=76 step=105/500 loss=1.3317 time=0.0221 stft=2.1571 cons=0.00000 teacher=0.0000 teacher_w=0.036
epoch=76 step=110/500 loss=1.3314 time=0.0221 stft=2.1565 cons=0.00000 teacher=0.0000 teacher_w=0.036
epoch=76 step=115/500 loss=1.3310 time=0.0222 stft=2.1556 cons=0.00000 teacher=0.0000 teacher_w=0.036
epoch=76 step=120/500 loss=1.3241 time=0.0221 stft=2.1445 cons=0.00000 teacher=0.0000 teacher_w=0.036
epoch=76 step=125/500 loss=1.3455 time=0.0220 stft=2.1806 cons=0.00000 teacher=0.0000 teacher_w=0.036
epoch=76 step=130/500 loss=1.3699 time=0.0216 stft=2.2225 cons=0.00000 teacher=0.0000 teacher_w=0.036
epoch=76 step=135/500 loss=1.3566 time=0.0220 stft=2.1995 cons=0.00000 teacher=0.0000 teacher_w=0.036
epoch=76 step=140/500 loss=1.3443 time=0.0221 stft=2.1783 cons=0.00000 teacher=0.0000 teacher_w=0.036
epoch=76 step=145/500 loss=1.3276 time=0.0221 stft=2.1505 cons=0.00000 teacher=0.0000 teacher_w=0.036
epoch=76 step=150/500 loss=1.3261 time=0.0224 stft=2.1468 cons=0.00000 teacher=0.0000 teacher_w=0.036
epoch=76 step=155/500 loss=1.3175 time=0.0227 stft=2.1317 cons=0.00000 teacher=0.0000 teacher_w=0.036
epoch=76 step=160/500 loss=1.3133 time=0.0229 stft=2.1246 cons=0.00000 teacher=0.0000 teacher_w=0.036
epoch=76 step=165/500 loss=1.3088 time=0.0226 stft=2.1177 cons=0.00000 teacher=0.0000 teacher_w=0.036
epoch=76 step=170/500 loss=1.3178 time=0.0223 stft=2.1334 cons=0.00000 teacher=0.0000 teacher_w=0.036
epoch=76 step=175/500 loss=1.3061 time=0.0224 stft=2.1135 cons=0.00000 teacher=0.0000 teacher_w=0.036
epoch=76 step=180/500 loss=1.3047 time=0.0224 stft=2.1113 cons=0.00000 teacher=0.0000 teacher_w=0.036
epoch=76 step=185/500 loss=1.3128 time=0.0226 stft=2.1244 cons=0.00000 teacher=0.0000 teacher_w=0.036
epoch=76 step=190/500 loss=1.3029 time=0.0226 stft=2.1078 cons=0.00000 teacher=0.0000 teacher_w=0.036
epoch=76 step=195/500 loss=1.3006 time=0.0230 stft=2.1030 cons=0.00000 teacher=0.0000 teacher_w=0.036
epoch=76 step=200/500 loss=1.2923 time=0.0231 stft=2.0891 cons=0.00000 teacher=0.0000 teacher_w=0.036
epoch=76 step=205/500 loss=1.2902 time=0.0231 stft=2.0854 cons=0.00000 teacher=0.0000 teacher_w=0.036
epoch=76 step=210/500 loss=1.3005 time=0.0231 stft=2.1025 cons=0.00000 teacher=0.0000 teacher_w=0.036
epoch=76 step=215/500 loss=1.2882 time=0.0233 stft=2.0819 cons=0.00000 teacher=0.0000 teacher_w=0.036
epoch=76 step=220/500 loss=1.2805 time=0.0232 stft=2.0695 cons=0.00000 teacher=0.0000 teacher_w=0.036
epoch=76 step=225/500 loss=1.2780 time=0.0231 stft=2.0653 cons=0.00000 teacher=0.0000 teacher_w=0.036
epoch=76 step=230/500 loss=1.2905 time=0.0231 stft=2.0863 cons=0.00000 teacher=0.0000 teacher_w=0.036
epoch=76 step=235/500 loss=1.2883 time=0.0233 stft=2.0821 cons=0.00000 teacher=0.0000 teacher_w=0.036
epoch=76 step=240/500 loss=1.2951 time=0.0232 stft=2.0936 cons=0.00000 teacher=0.0000 teacher_w=0.036
epoch=76 step=245/500 loss=1.2882 time=0.0231 stft=2.0823 cons=0.00000 teacher=0.0000 teacher_w=0.036
epoch=76 step=250/500 loss=1.2843 time=0.0234 stft=2.0752 cons=0.00000 teacher=0.0000 teacher_w=0.036
epoch=76 step=255/500 loss=1.2837 time=0.0232 stft=2.0743 cons=0.00000 teacher=0.0000 teacher_w=0.036
epoch=76 step=260/500 loss=1.2833 time=0.0232 stft=2.0740 cons=0.00000 teacher=0.0000 teacher_w=0.036
epoch=76 step=265/500 loss=1.2746 time=0.0235 stft=2.0586 cons=0.00000 teacher=0.0000 teacher_w=0.036
epoch=76 step=270/500 loss=1.2770 time=0.0232 stft=2.0636 cons=0.00000 teacher=0.0000 teacher_w=0.036
epoch=76 step=275/500 loss=1.2784 time=0.0231 stft=2.0662 cons=0.00000 teacher=0.0000 teacher_w=0.036
epoch=76 step=280/500 loss=1.2793 time=0.0230 stft=2.0678 cons=0.00000 teacher=0.0000 teacher_w=0.036
epoch=76 step=285/500 loss=1.2761 time=0.0231 stft=2.0624 cons=0.00000 teacher=0.0000 teacher_w=0.036
epoch=76 step=290/500 loss=1.2760 time=0.0230 stft=2.0624 cons=0.00000 teacher=0.0000 teacher_w=0.036
epoch=76 step=295/500 loss=1.2758 time=0.0230 stft=2.0620 cons=0.00000 teacher=0.0000 teacher_w=0.036
epoch=76 step=300/500 loss=1.2766 time=0.0229 stft=2.0638 cons=0.00000 teacher=0.0000 teacher_w=0.036
epoch=76 step=305/500 loss=1.2749 time=0.0229 stft=2.0610 cons=0.00000 teacher=0.0000 teacher_w=0.036
epoch=76 step=310/500 loss=1.2688 time=0.0228 stft=2.0510 cons=0.00000 teacher=0.0000 teacher_w=0.036
epoch=76 step=315/500 loss=1.2703 time=0.0229 stft=2.0535 cons=0.00000 teacher=0.0000 teacher_w=0.036
epoch=76 step=320/500 loss=1.2723 time=0.0228 stft=2.0572 cons=0.00000 teacher=0.0000 teacher_w=0.036
epoch=76 step=325/500 loss=1.2670 time=0.0228 stft=2.0482 cons=0.00000 teacher=0.0000 teacher_w=0.036
epoch=76 step=330/500 loss=1.2645 time=0.0230 stft=2.0437 cons=0.00000 teacher=0.0000 teacher_w=0.036
epoch=76 step=335/500 loss=1.2676 time=0.0230 stft=2.0489 cons=0.00000 teacher=0.0000 teacher_w=0.036
epoch=76 step=340/500 loss=1.2677 time=0.0229 stft=2.0495 cons=0.00000 teacher=0.0000 teacher_w=0.036
epoch=76 step=345/500 loss=1.2709 time=0.0227 stft=2.0553 cons=0.00000 teacher=0.0000 teacher_w=0.036
epoch=76 step=350/500 loss=1.2690 time=0.0227 stft=2.0521 cons=0.00000 teacher=0.0000 teacher_w=0.036
epoch=76 step=355/500 loss=1.2688 time=0.0227 stft=2.0519 cons=0.00000 teacher=0.0000 teacher_w=0.036
epoch=76 step=360/500 loss=1.2778 time=0.0225 stft=2.0674 cons=0.00000 teacher=0.0000 teacher_w=0.036
epoch=76 step=365/500 loss=1.2750 time=0.0226 stft=2.0625 cons=0.00000 teacher=0.0000 teacher_w=0.036
epoch=76 step=370/500 loss=1.2721 time=0.0227 stft=2.0574 cons=0.00000 teacher=0.0000 teacher_w=0.036
epoch=76 step=375/500 loss=1.2662 time=0.0225 stft=2.0479 cons=0.00000 teacher=0.0000 teacher_w=0.036
epoch=76 step=380/500 loss=1.2676 time=0.0226 stft=2.0500 cons=0.00000 teacher=0.0000 teacher_w=0.036
epoch=76 step=385/500 loss=1.2653 time=0.0226 stft=2.0463 cons=0.00000 teacher=0.0000 teacher_w=0.036
epoch=76 step=390/500 loss=1.2622 time=0.0225 stft=2.0413 cons=0.00000 teacher=0.0000 teacher_w=0.036
epoch=76 step=395/500 loss=1.2656 time=0.0225 stft=2.0468 cons=0.00000 teacher=0.0000 teacher_w=0.036
epoch=76 step=400/500 loss=1.2599 time=0.0227 stft=2.0368 cons=0.00000 teacher=0.0000 teacher_w=0.036
epoch=76 step=405/500 loss=1.2544 time=0.0227 stft=2.0276 cons=0.00000 teacher=0.0000 teacher_w=0.036
epoch=76 step=410/500 loss=1.2562 time=0.0227 stft=2.0306 cons=0.00000 teacher=0.0000 teacher_w=0.036
epoch=76 step=415/500 loss=1.2585 time=0.0228 stft=2.0340 cons=0.00000 teacher=0.0000 teacher_w=0.036
epoch=76 step=420/500 loss=1.2604 time=0.0228 stft=2.0373 cons=0.00000 teacher=0.0000 teacher_w=0.036
epoch=76 step=425/500 loss=1.2608 time=0.0228 stft=2.0379 cons=0.00000 teacher=0.0000 teacher_w=0.036
epoch=76 step=430/500 loss=1.2557 time=0.0228 stft=2.0296 cons=0.00000 teacher=0.0000 teacher_w=0.036
epoch=76 step=435/500 loss=1.2575 time=0.0228 stft=2.0326 cons=0.00000 teacher=0.0000 teacher_w=0.036
epoch=76 step=440/500 loss=1.2576 time=0.0227 stft=2.0331 cons=0.00000 teacher=0.0000 teacher_w=0.036
epoch=76 step=445/500 loss=1.2571 time=0.0227 stft=2.0321 cons=0.00000 teacher=0.0000 teacher_w=0.036
epoch=76 step=450/500 loss=1.2540 time=0.0228 stft=2.0267 cons=0.00000 teacher=0.0000 teacher_w=0.036
epoch=76 step=455/500 loss=1.2521 time=0.0229 stft=2.0234 cons=0.00000 teacher=0.0000 teacher_w=0.036
epoch=76 step=460/500 loss=1.2513 time=0.0229 stft=2.0220 cons=0.00000 teacher=0.0000 teacher_w=0.036
epoch=76 step=465/500 loss=1.2520 time=0.0228 stft=2.0232 cons=0.00000 teacher=0.0000 teacher_w=0.036
epoch=76 step=470/500 loss=1.2530 time=0.0228 stft=2.0249 cons=0.00000 teacher=0.0000 teacher_w=0.036
epoch=76 step=475/500 loss=1.2494 time=0.0228 stft=2.0191 cons=0.00000 teacher=0.0000 teacher_w=0.036
epoch=76 step=480/500 loss=1.2462 time=0.0228 stft=2.0136 cons=0.00000 teacher=0.0000 teacher_w=0.036
epoch=76 step=485/500 loss=1.2437 time=0.0229 stft=2.0092 cons=0.00000 teacher=0.0000 teacher_w=0.036
epoch=76 step=490/500 loss=1.2394 time=0.0229 stft=2.0020 cons=0.00000 teacher=0.0000 teacher_w=0.036
epoch=76 step=495/500 loss=1.2411 time=0.0229 stft=2.0050 cons=0.00000 teacher=0.0000 teacher_w=0.036
epoch=76 step=500/500 loss=1.2380 time=0.0228 stft=1.9998 cons=0.00000 teacher=0.0000 teacher_w=0.036
epoch=76 train_loss=1.2327 valid_loss=1.8635 valid_si_sdr=-19.76dB cons=0.000000 lr=5.69489e-05
epoch=77 step=1/500 loss=0.8532 time=0.0510 stft=1.2920 cons=0.00000 teacher=0.0000 teacher_w=0.034
epoch=77 step=5/500 loss=1.1078 time=0.0260 stft=1.7671 cons=0.00000 teacher=0.0000 teacher_w=0.034
epoch=77 step=10/500 loss=1.1199 time=0.0227 stft=1.7998 cons=0.00000 teacher=0.0000 teacher_w=0.034
epoch=77 step=15/500 loss=1.1620 time=0.0231 stft=1.8714 cons=0.00000 teacher=0.0000 teacher_w=0.034
epoch=77 step=20/500 loss=1.1491 time=0.0248 stft=1.8403 cons=0.00000 teacher=0.0000 teacher_w=0.034
epoch=77 step=25/500 loss=1.1744 time=0.0236 stft=1.8867 cons=0.00000 teacher=0.0000 teacher_w=0.034
epoch=77 step=30/500 loss=1.1331 time=0.0230 stft=1.8205 cons=0.00000 teacher=0.0000 teacher_w=0.034
epoch=77 step=35/500 loss=1.1203 time=0.0224 stft=1.7997 cons=0.00000 teacher=0.0000 teacher_w=0.034
epoch=77 step=40/500 loss=1.1590 time=0.0230 stft=1.8643 cons=0.00000 teacher=0.0000 teacher_w=0.034
epoch=77 step=45/500 loss=1.1188 time=0.0239 stft=1.7951 cons=0.00000 teacher=0.0000 teacher_w=0.034
epoch=77 step=50/500 loss=1.1549 time=0.0229 stft=1.8582 cons=0.00000 teacher=0.0000 teacher_w=0.034
epoch=77 step=55/500 loss=1.1642 time=0.0221 stft=1.8764 cons=0.00000 teacher=0.0000 teacher_w=0.034
epoch=77 step=60/500 loss=1.1796 time=0.0226 stft=1.9008 cons=0.00000 teacher=0.0000 teacher_w=0.034
epoch=77 step=65/500 loss=1.1663 time=0.0232 stft=1.8771 cons=0.00000 teacher=0.0000 teacher_w=0.034
epoch=77 step=70/500 loss=1.1420 time=0.0233 stft=1.8368 cons=0.00000 teacher=0.0000 teacher_w=0.034
epoch=77 step=75/500 loss=1.1573 time=0.0230 stft=1.8627 cons=0.00000 teacher=0.0000 teacher_w=0.034
epoch=77 step=80/500 loss=1.1597 time=0.0226 stft=1.8671 cons=0.00000 teacher=0.0000 teacher_w=0.034
epoch=77 step=85/500 loss=1.1801 time=0.0224 stft=1.9017 cons=0.00000 teacher=0.0000 teacher_w=0.034
epoch=77 step=90/500 loss=1.1800 time=0.0222 stft=1.9024 cons=0.00000 teacher=0.0000 teacher_w=0.034
epoch=77 step=95/500 loss=1.1597 time=0.0225 stft=1.8680 cons=0.00000 teacher=0.0000 teacher_w=0.034
epoch=77 step=100/500 loss=1.1679 time=0.0227 stft=1.8815 cons=0.00000 teacher=0.0000 teacher_w=0.034
epoch=77 step=105/500 loss=1.1604 time=0.0227 stft=1.8691 cons=0.00000 teacher=0.0000 teacher_w=0.034
epoch=77 step=110/500 loss=1.1744 time=0.0225 stft=1.8930 cons=0.00000 teacher=0.0000 teacher_w=0.034
epoch=77 step=115/500 loss=1.1775 time=0.0229 stft=1.8959 cons=0.00000 teacher=0.0000 teacher_w=0.034
epoch=77 step=120/500 loss=1.2092 time=0.0228 stft=1.9492 cons=0.00000 teacher=0.0000 teacher_w=0.034
epoch=77 step=125/500 loss=1.2069 time=0.0226 stft=1.9458 cons=0.00000 teacher=0.0000 teacher_w=0.034
epoch=77 step=130/500 loss=1.2116 time=0.0225 stft=1.9541 cons=0.00000 teacher=0.0000 teacher_w=0.034
epoch=77 step=135/500 loss=1.2079 time=0.0227 stft=1.9475 cons=0.00000 teacher=0.0000 teacher_w=0.034
epoch=77 step=140/500 loss=1.2392 time=0.0230 stft=1.9987 cons=0.00000 teacher=0.0000 teacher_w=0.034
epoch=77 step=145/500 loss=1.2412 time=0.0229 stft=2.0026 cons=0.00000 teacher=0.0000 teacher_w=0.034
epoch=77 step=150/500 loss=1.2379 time=0.0231 stft=1.9970 cons=0.00000 teacher=0.0000 teacher_w=0.034
epoch=77 step=155/500 loss=1.2332 time=0.0233 stft=1.9885 cons=0.00000 teacher=0.0000 teacher_w=0.034
epoch=77 step=160/500 loss=1.2314 time=0.0232 stft=1.9859 cons=0.00000 teacher=0.0000 teacher_w=0.034
epoch=77 step=165/500 loss=1.2337 time=0.0232 stft=1.9897 cons=0.00000 teacher=0.0000 teacher_w=0.034
epoch=77 step=170/500 loss=1.2242 time=0.0232 stft=1.9740 cons=0.00000 teacher=0.0000 teacher_w=0.034
epoch=77 step=175/500 loss=1.2226 time=0.0233 stft=1.9712 cons=0.00000 teacher=0.0000 teacher_w=0.034
epoch=77 step=180/500 loss=1.2327 time=0.0234 stft=1.9874 cons=0.00000 teacher=0.0000 teacher_w=0.034
epoch=77 step=185/500 loss=1.2466 time=0.0236 stft=2.0103 cons=0.00000 teacher=0.0000 teacher_w=0.034
epoch=77 step=190/500 loss=1.2459 time=0.0233 stft=2.0098 cons=0.00000 teacher=0.0000 teacher_w=0.034
epoch=77 step=195/500 loss=1.2490 time=0.0231 stft=2.0155 cons=0.00000 teacher=0.0000 teacher_w=0.034
epoch=77 step=200/500 loss=1.2584 time=0.0230 stft=2.0311 cons=0.00000 teacher=0.0000 teacher_w=0.034
epoch=77 step=205/500 loss=1.2481 time=0.0231 stft=2.0139 cons=0.00000 teacher=0.0000 teacher_w=0.034
epoch=77 step=210/500 loss=1.2558 time=0.0231 stft=2.0267 cons=0.00000 teacher=0.0000 teacher_w=0.034
epoch=77 step=215/500 loss=1.2590 time=0.0231 stft=2.0321 cons=0.00000 teacher=0.0000 teacher_w=0.034
epoch=77 step=220/500 loss=1.2552 time=0.0230 stft=2.0259 cons=0.00000 teacher=0.0000 teacher_w=0.034
epoch=77 step=225/500 loss=1.2497 time=0.0230 stft=2.0167 cons=0.00000 teacher=0.0000 teacher_w=0.034
epoch=77 step=230/500 loss=1.2509 time=0.0231 stft=2.0184 cons=0.00000 teacher=0.0000 teacher_w=0.034
epoch=77 step=235/500 loss=1.2486 time=0.0232 stft=2.0144 cons=0.00000 teacher=0.0000 teacher_w=0.034
epoch=77 step=240/500 loss=1.2423 time=0.0234 stft=2.0036 cons=0.00000 teacher=0.0000 teacher_w=0.034
epoch=77 step=245/500 loss=1.2391 time=0.0233 stft=1.9986 cons=0.00000 teacher=0.0000 teacher_w=0.034
epoch=77 step=250/500 loss=1.2302 time=0.0233 stft=1.9839 cons=0.00000 teacher=0.0000 teacher_w=0.034
epoch=77 step=255/500 loss=1.2336 time=0.0232 stft=1.9898 cons=0.00000 teacher=0.0000 teacher_w=0.034
epoch=77 step=260/500 loss=1.2322 time=0.0233 stft=1.9875 cons=0.00000 teacher=0.0000 teacher_w=0.034
epoch=77 step=265/500 loss=1.2413 time=0.0232 stft=2.0030 cons=0.00000 teacher=0.0000 teacher_w=0.034
epoch=77 step=270/500 loss=1.2415 time=0.0232 stft=2.0036 cons=0.00000 teacher=0.0000 teacher_w=0.034
epoch=77 step=275/500 loss=1.2470 time=0.0230 stft=2.0133 cons=0.00000 teacher=0.0000 teacher_w=0.034
epoch=77 step=280/500 loss=1.2503 time=0.0230 stft=2.0187 cons=0.00000 teacher=0.0000 teacher_w=0.034
epoch=77 step=285/500 loss=1.2465 time=0.0229 stft=2.0126 cons=0.00000 teacher=0.0000 teacher_w=0.034
epoch=77 step=290/500 loss=1.2384 time=0.0230 stft=1.9987 cons=0.00000 teacher=0.0000 teacher_w=0.034
epoch=77 step=295/500 loss=1.2354 time=0.0230 stft=1.9937 cons=0.00000 teacher=0.0000 teacher_w=0.034
epoch=77 step=300/500 loss=1.2370 time=0.0229 stft=1.9965 cons=0.00000 teacher=0.0000 teacher_w=0.034
epoch=77 step=305/500 loss=1.2385 time=0.0229 stft=1.9992 cons=0.00000 teacher=0.0000 teacher_w=0.034
epoch=77 step=310/500 loss=1.2392 time=0.0229 stft=2.0005 cons=0.00000 teacher=0.0000 teacher_w=0.034
epoch=77 step=315/500 loss=1.2437 time=0.0229 stft=2.0077 cons=0.00000 teacher=0.0000 teacher_w=0.034
epoch=77 step=320/500 loss=1.2389 time=0.0229 stft=1.9996 cons=0.00000 teacher=0.0000 teacher_w=0.034
epoch=77 step=325/500 loss=1.2410 time=0.0228 stft=2.0035 cons=0.00000 teacher=0.0000 teacher_w=0.034
epoch=77 step=330/500 loss=1.2423 time=0.0228 stft=2.0060 cons=0.00000 teacher=0.0000 teacher_w=0.034
epoch=77 step=335/500 loss=1.2390 time=0.0227 stft=2.0007 cons=0.00000 teacher=0.0000 teacher_w=0.034
epoch=77 step=340/500 loss=1.2430 time=0.0226 stft=2.0078 cons=0.00000 teacher=0.0000 teacher_w=0.034
epoch=77 step=345/500 loss=1.2409 time=0.0228 stft=2.0036 cons=0.00000 teacher=0.0000 teacher_w=0.034
epoch=77 step=350/500 loss=1.2370 time=0.0229 stft=1.9969 cons=0.00000 teacher=0.0000 teacher_w=0.034
epoch=77 step=355/500 loss=1.2383 time=0.0230 stft=1.9990 cons=0.00000 teacher=0.0000 teacher_w=0.034
epoch=77 step=360/500 loss=1.2354 time=0.0232 stft=1.9938 cons=0.00000 teacher=0.0000 teacher_w=0.034
epoch=77 step=365/500 loss=1.2302 time=0.0232 stft=1.9851 cons=0.00000 teacher=0.0000 teacher_w=0.034
epoch=77 step=370/500 loss=1.2321 time=0.0231 stft=1.9886 cons=0.00000 teacher=0.0000 teacher_w=0.034
epoch=77 step=375/500 loss=1.2274 time=0.0231 stft=1.9805 cons=0.00000 teacher=0.0000 teacher_w=0.034
epoch=77 step=380/500 loss=1.2255 time=0.0231 stft=1.9775 cons=0.00000 teacher=0.0000 teacher_w=0.034
epoch=77 step=385/500 loss=1.2207 time=0.0231 stft=1.9695 cons=0.00000 teacher=0.0000 teacher_w=0.034
epoch=77 step=390/500 loss=1.2252 time=0.0231 stft=1.9768 cons=0.00000 teacher=0.0000 teacher_w=0.034
epoch=77 step=395/500 loss=1.2231 time=0.0231 stft=1.9734 cons=0.00000 teacher=0.0000 teacher_w=0.034
epoch=77 step=400/500 loss=1.2265 time=0.0233 stft=1.9788 cons=0.00000 teacher=0.0000 teacher_w=0.034
epoch=77 step=405/500 loss=1.2274 time=0.0233 stft=1.9802 cons=0.00000 teacher=0.0000 teacher_w=0.034
epoch=77 step=410/500 loss=1.2294 time=0.0234 stft=1.9835 cons=0.00000 teacher=0.0000 teacher_w=0.034
epoch=77 step=415/500 loss=1.2348 time=0.0232 stft=1.9927 cons=0.00000 teacher=0.0000 teacher_w=0.034
epoch=77 step=420/500 loss=1.2290 time=0.0232 stft=1.9830 cons=0.00000 teacher=0.0000 teacher_w=0.034
epoch=77 step=425/500 loss=1.2269 time=0.0232 stft=1.9797 cons=0.00000 teacher=0.0000 teacher_w=0.034
epoch=77 step=430/500 loss=1.2283 time=0.0233 stft=1.9818 cons=0.00000 teacher=0.0000 teacher_w=0.034
epoch=77 step=435/500 loss=1.2293 time=0.0232 stft=1.9837 cons=0.00000 teacher=0.0000 teacher_w=0.034
epoch=77 step=440/500 loss=1.2262 time=0.0232 stft=1.9784 cons=0.00000 teacher=0.0000 teacher_w=0.034
epoch=77 step=445/500 loss=1.2263 time=0.0233 stft=1.9782 cons=0.00000 teacher=0.0000 teacher_w=0.034
epoch=77 step=450/500 loss=1.2242 time=0.0233 stft=1.9747 cons=0.00000 teacher=0.0000 teacher_w=0.034
epoch=77 step=455/500 loss=1.2237 time=0.0232 stft=1.9741 cons=0.00000 teacher=0.0000 teacher_w=0.034
epoch=77 step=460/500 loss=1.2227 time=0.0231 stft=1.9726 cons=0.00000 teacher=0.0000 teacher_w=0.034
epoch=77 step=465/500 loss=1.2271 time=0.0231 stft=1.9800 cons=0.00000 teacher=0.0000 teacher_w=0.034
epoch=77 step=470/500 loss=1.2264 time=0.0230 stft=1.9792 cons=0.00000 teacher=0.0000 teacher_w=0.034
epoch=77 step=475/500 loss=1.2249 time=0.0230 stft=1.9770 cons=0.00000 teacher=0.0000 teacher_w=0.034
epoch=77 step=480/500 loss=1.2228 time=0.0230 stft=1.9733 cons=0.00000 teacher=0.0000 teacher_w=0.034
epoch=77 step=485/500 loss=1.2308 time=0.0230 stft=1.9868 cons=0.00000 teacher=0.0000 teacher_w=0.034
epoch=77 step=490/500 loss=1.2313 time=0.0229 stft=1.9879 cons=0.00000 teacher=0.0000 teacher_w=0.034
epoch=77 step=495/500 loss=1.2319 time=0.0229 stft=1.9891 cons=0.00000 teacher=0.0000 teacher_w=0.034
epoch=77 step=500/500 loss=1.2317 time=0.0229 stft=1.9887 cons=0.00000 teacher=0.0000 teacher_w=0.034
epoch=77 train_loss=1.2297 valid_loss=1.8572 valid_si_sdr=-19.59dB cons=0.000000 lr=5.4601e-05
epoch=78 step=1/500 loss=1.5842 time=0.0052 stft=2.6300 cons=0.00000 teacher=0.0000 teacher_w=0.033
epoch=78 step=5/500 loss=1.2957 time=0.0160 stft=2.1133 cons=0.00000 teacher=0.0000 teacher_w=0.033
epoch=78 step=10/500 loss=1.2693 time=0.0169 stft=2.0652 cons=0.00000 teacher=0.0000 teacher_w=0.033
epoch=78 step=15/500 loss=1.1438 time=0.0184 stft=1.8542 cons=0.00000 teacher=0.0000 teacher_w=0.033
epoch=78 step=20/500 loss=1.0760 time=0.0204 stft=1.7345 cons=0.00000 teacher=0.0000 teacher_w=0.033
epoch=78 step=25/500 loss=1.1342 time=0.0212 stft=1.8303 cons=0.00000 teacher=0.0000 teacher_w=0.033
epoch=78 step=30/500 loss=1.1141 time=0.0217 stft=1.7946 cons=0.00000 teacher=0.0000 teacher_w=0.033
epoch=78 step=35/500 loss=1.1141 time=0.0215 stft=1.7953 cons=0.00000 teacher=0.0000 teacher_w=0.033
epoch=78 step=40/500 loss=1.1044 time=0.0221 stft=1.7776 cons=0.00000 teacher=0.0000 teacher_w=0.033
epoch=78 step=45/500 loss=1.1005 time=0.0227 stft=1.7698 cons=0.00000 teacher=0.0000 teacher_w=0.033
epoch=78 step=50/500 loss=1.1605 time=0.0224 stft=1.8695 cons=0.00000 teacher=0.0000 teacher_w=0.033
epoch=78 step=55/500 loss=1.1694 time=0.0233 stft=1.8819 cons=0.00000 teacher=0.0000 teacher_w=0.033
epoch=78 step=60/500 loss=1.1769 time=0.0232 stft=1.8945 cons=0.00000 teacher=0.0000 teacher_w=0.033
epoch=78 step=65/500 loss=1.1582 time=0.0226 stft=1.8649 cons=0.00000 teacher=0.0000 teacher_w=0.033
epoch=78 step=70/500 loss=1.1501 time=0.0222 stft=1.8522 cons=0.00000 teacher=0.0000 teacher_w=0.033
epoch=78 step=75/500 loss=1.1359 time=0.0220 stft=1.8297 cons=0.00000 teacher=0.0000 teacher_w=0.033
epoch=78 step=80/500 loss=1.1450 time=0.0215 stft=1.8461 cons=0.00000 teacher=0.0000 teacher_w=0.033
epoch=78 step=85/500 loss=1.1512 time=0.0217 stft=1.8555 cons=0.00000 teacher=0.0000 teacher_w=0.033
epoch=78 step=90/500 loss=1.1689 time=0.0215 stft=1.8856 cons=0.00000 teacher=0.0000 teacher_w=0.033
epoch=78 step=95/500 loss=1.1707 time=0.0218 stft=1.8888 cons=0.00000 teacher=0.0000 teacher_w=0.033
epoch=78 step=100/500 loss=1.1766 time=0.0219 stft=1.8982 cons=0.00000 teacher=0.0000 teacher_w=0.033
epoch=78 step=105/500 loss=1.1985 time=0.0217 stft=1.9354 cons=0.00000 teacher=0.0000 teacher_w=0.033
epoch=78 step=110/500 loss=1.2100 time=0.0216 stft=1.9555 cons=0.00000 teacher=0.0000 teacher_w=0.033
epoch=78 step=115/500 loss=1.2057 time=0.0220 stft=1.9475 cons=0.00000 teacher=0.0000 teacher_w=0.033
epoch=78 step=120/500 loss=1.2062 time=0.0220 stft=1.9483 cons=0.00000 teacher=0.0000 teacher_w=0.033
epoch=78 step=125/500 loss=1.2155 time=0.0219 stft=1.9643 cons=0.00000 teacher=0.0000 teacher_w=0.033
epoch=78 step=130/500 loss=1.2127 time=0.0218 stft=1.9600 cons=0.00000 teacher=0.0000 teacher_w=0.033
epoch=78 step=135/500 loss=1.2190 time=0.0216 stft=1.9710 cons=0.00000 teacher=0.0000 teacher_w=0.033
epoch=78 step=140/500 loss=1.2169 time=0.0220 stft=1.9664 cons=0.00000 teacher=0.0000 teacher_w=0.033
epoch=78 step=145/500 loss=1.2008 time=0.0220 stft=1.9397 cons=0.00000 teacher=0.0000 teacher_w=0.033
epoch=78 step=150/500 loss=1.2100 time=0.0221 stft=1.9547 cons=0.00000 teacher=0.0000 teacher_w=0.033
epoch=78 step=155/500 loss=1.2230 time=0.0221 stft=1.9768 cons=0.00000 teacher=0.0000 teacher_w=0.033
epoch=78 step=160/500 loss=1.2142 time=0.0220 stft=1.9623 cons=0.00000 teacher=0.0000 teacher_w=0.033
epoch=78 step=165/500 loss=1.2147 time=0.0219 stft=1.9635 cons=0.00000 teacher=0.0000 teacher_w=0.033
epoch=78 step=170/500 loss=1.2104 time=0.0219 stft=1.9566 cons=0.00000 teacher=0.0000 teacher_w=0.033
epoch=78 step=175/500 loss=1.2127 time=0.0220 stft=1.9602 cons=0.00000 teacher=0.0000 teacher_w=0.033
epoch=78 step=180/500 loss=1.2056 time=0.0222 stft=1.9477 cons=0.00000 teacher=0.0000 teacher_w=0.033
epoch=78 step=185/500 loss=1.1966 time=0.0223 stft=1.9324 cons=0.00000 teacher=0.0000 teacher_w=0.033
epoch=78 step=190/500 loss=1.1992 time=0.0223 stft=1.9369 cons=0.00000 teacher=0.0000 teacher_w=0.033
epoch=78 step=195/500 loss=1.2030 time=0.0225 stft=1.9428 cons=0.00000 teacher=0.0000 teacher_w=0.033
epoch=78 step=200/500 loss=1.2060 time=0.0225 stft=1.9478 cons=0.00000 teacher=0.0000 teacher_w=0.033
epoch=78 step=205/500 loss=1.2106 time=0.0225 stft=1.9556 cons=0.00000 teacher=0.0000 teacher_w=0.033
epoch=78 step=210/500 loss=1.2146 time=0.0224 stft=1.9620 cons=0.00000 teacher=0.0000 teacher_w=0.033
epoch=78 step=215/500 loss=1.2150 time=0.0225 stft=1.9625 cons=0.00000 teacher=0.0000 teacher_w=0.033
epoch=78 step=220/500 loss=1.2243 time=0.0225 stft=1.9780 cons=0.00000 teacher=0.0000 teacher_w=0.033
epoch=78 step=225/500 loss=1.2191 time=0.0226 stft=1.9689 cons=0.00000 teacher=0.0000 teacher_w=0.033
epoch=78 step=230/500 loss=1.2238 time=0.0225 stft=1.9772 cons=0.00000 teacher=0.0000 teacher_w=0.033
epoch=78 step=235/500 loss=1.2260 time=0.0229 stft=1.9804 cons=0.00000 teacher=0.0000 teacher_w=0.033
epoch=78 step=240/500 loss=1.2272 time=0.0228 stft=1.9821 cons=0.00000 teacher=0.0000 teacher_w=0.033
epoch=78 step=245/500 loss=1.2196 time=0.0228 stft=1.9696 cons=0.00000 teacher=0.0000 teacher_w=0.033
epoch=78 step=250/500 loss=1.2200 time=0.0227 stft=1.9706 cons=0.00000 teacher=0.0000 teacher_w=0.033
epoch=78 step=255/500 loss=1.2170 time=0.0228 stft=1.9654 cons=0.00000 teacher=0.0000 teacher_w=0.033
epoch=78 step=260/500 loss=1.2158 time=0.0228 stft=1.9637 cons=0.00000 teacher=0.0000 teacher_w=0.033
epoch=78 step=265/500 loss=1.2118 time=0.0229 stft=1.9567 cons=0.00000 teacher=0.0000 teacher_w=0.033
epoch=78 step=270/500 loss=1.2093 time=0.0228 stft=1.9526 cons=0.00000 teacher=0.0000 teacher_w=0.033
epoch=78 step=275/500 loss=1.2014 time=0.0228 stft=1.9395 cons=0.00000 teacher=0.0000 teacher_w=0.033
epoch=78 step=280/500 loss=1.1944 time=0.0228 stft=1.9277 cons=0.00000 teacher=0.0000 teacher_w=0.033
epoch=78 step=285/500 loss=1.1937 time=0.0227 stft=1.9267 cons=0.00000 teacher=0.0000 teacher_w=0.033
epoch=78 step=290/500 loss=1.1928 time=0.0228 stft=1.9249 cons=0.00000 teacher=0.0000 teacher_w=0.033
epoch=78 step=295/500 loss=1.1917 time=0.0227 stft=1.9232 cons=0.00000 teacher=0.0000 teacher_w=0.033
epoch=78 step=300/500 loss=1.1988 time=0.0227 stft=1.9354 cons=0.00000 teacher=0.0000 teacher_w=0.033
epoch=78 step=305/500 loss=1.2009 time=0.0227 stft=1.9385 cons=0.00000 teacher=0.0000 teacher_w=0.033
epoch=78 step=310/500 loss=1.2055 time=0.0227 stft=1.9463 cons=0.00000 teacher=0.0000 teacher_w=0.033
epoch=78 step=315/500 loss=1.2048 time=0.0228 stft=1.9449 cons=0.00000 teacher=0.0000 teacher_w=0.033
epoch=78 step=320/500 loss=1.2049 time=0.0227 stft=1.9451 cons=0.00000 teacher=0.0000 teacher_w=0.033
epoch=78 step=325/500 loss=1.2073 time=0.0226 stft=1.9495 cons=0.00000 teacher=0.0000 teacher_w=0.033
epoch=78 step=330/500 loss=1.2051 time=0.0227 stft=1.9453 cons=0.00000 teacher=0.0000 teacher_w=0.033
epoch=78 step=335/500 loss=1.2074 time=0.0226 stft=1.9496 cons=0.00000 teacher=0.0000 teacher_w=0.033
epoch=78 step=340/500 loss=1.2016 time=0.0227 stft=1.9398 cons=0.00000 teacher=0.0000 teacher_w=0.033
epoch=78 step=345/500 loss=1.2057 time=0.0227 stft=1.9467 cons=0.00000 teacher=0.0000 teacher_w=0.033
epoch=78 step=350/500 loss=1.2052 time=0.0228 stft=1.9456 cons=0.00000 teacher=0.0000 teacher_w=0.033
epoch=78 step=355/500 loss=1.2059 time=0.0227 stft=1.9470 cons=0.00000 teacher=0.0000 teacher_w=0.033
epoch=78 step=360/500 loss=1.2033 time=0.0227 stft=1.9429 cons=0.00000 teacher=0.0000 teacher_w=0.033
epoch=78 step=365/500 loss=1.2091 time=0.0228 stft=1.9523 cons=0.00000 teacher=0.0000 teacher_w=0.033
epoch=78 step=370/500 loss=1.2144 time=0.0227 stft=1.9614 cons=0.00000 teacher=0.0000 teacher_w=0.033
epoch=78 step=375/500 loss=1.2152 time=0.0227 stft=1.9627 cons=0.00000 teacher=0.0000 teacher_w=0.033
epoch=78 step=380/500 loss=1.2180 time=0.0227 stft=1.9676 cons=0.00000 teacher=0.0000 teacher_w=0.033
epoch=78 step=385/500 loss=1.2233 time=0.0225 stft=1.9765 cons=0.00000 teacher=0.0000 teacher_w=0.033
epoch=78 step=390/500 loss=1.2248 time=0.0226 stft=1.9788 cons=0.00000 teacher=0.0000 teacher_w=0.033
epoch=78 step=395/500 loss=1.2271 time=0.0228 stft=1.9821 cons=0.00000 teacher=0.0000 teacher_w=0.033
epoch=78 step=400/500 loss=1.2223 time=0.0228 stft=1.9741 cons=0.00000 teacher=0.0000 teacher_w=0.033
epoch=78 step=405/500 loss=1.2251 time=0.0230 stft=1.9781 cons=0.00000 teacher=0.0000 teacher_w=0.033
epoch=78 step=410/500 loss=1.2306 time=0.0229 stft=1.9874 cons=0.00000 teacher=0.0000 teacher_w=0.033
epoch=78 step=415/500 loss=1.2330 time=0.0231 stft=1.9911 cons=0.00000 teacher=0.0000 teacher_w=0.033
epoch=78 step=420/500 loss=1.2299 time=0.0230 stft=1.9860 cons=0.00000 teacher=0.0000 teacher_w=0.033
epoch=78 step=425/500 loss=1.2272 time=0.0229 stft=1.9816 cons=0.00000 teacher=0.0000 teacher_w=0.033
epoch=78 step=430/500 loss=1.2264 time=0.0230 stft=1.9804 cons=0.00000 teacher=0.0000 teacher_w=0.033
epoch=78 step=435/500 loss=1.2285 time=0.0229 stft=1.9841 cons=0.00000 teacher=0.0000 teacher_w=0.033
epoch=78 step=440/500 loss=1.2261 time=0.0231 stft=1.9795 cons=0.00000 teacher=0.0000 teacher_w=0.033
epoch=78 step=445/500 loss=1.2271 time=0.0231 stft=1.9811 cons=0.00000 teacher=0.0000 teacher_w=0.033
epoch=78 step=450/500 loss=1.2294 time=0.0232 stft=1.9847 cons=0.00000 teacher=0.0000 teacher_w=0.033
epoch=78 step=455/500 loss=1.2272 time=0.0232 stft=1.9811 cons=0.00000 teacher=0.0000 teacher_w=0.033
epoch=78 step=460/500 loss=1.2242 time=0.0232 stft=1.9762 cons=0.00000 teacher=0.0000 teacher_w=0.033
epoch=78 step=465/500 loss=1.2206 time=0.0231 stft=1.9702 cons=0.00000 teacher=0.0000 teacher_w=0.033
epoch=78 step=470/500 loss=1.2209 time=0.0232 stft=1.9705 cons=0.00000 teacher=0.0000 teacher_w=0.033
epoch=78 step=475/500 loss=1.2205 time=0.0231 stft=1.9699 cons=0.00000 teacher=0.0000 teacher_w=0.033
epoch=78 step=480/500 loss=1.2216 time=0.0232 stft=1.9717 cons=0.00000 teacher=0.0000 teacher_w=0.033
epoch=78 step=485/500 loss=1.2203 time=0.0231 stft=1.9696 cons=0.00000 teacher=0.0000 teacher_w=0.033
epoch=78 step=490/500 loss=1.2210 time=0.0232 stft=1.9708 cons=0.00000 teacher=0.0000 teacher_w=0.033
epoch=78 step=495/500 loss=1.2215 time=0.0232 stft=1.9716 cons=0.00000 teacher=0.0000 teacher_w=0.033
epoch=78 step=500/500 loss=1.2199 time=0.0232 stft=1.9690 cons=0.00000 teacher=0.0000 teacher_w=0.033
epoch=78 train_loss=1.2132 valid_loss=1.8510 valid_si_sdr=-19.49dB cons=0.000000 lr=5.22841e-05
epoch=79 step=1/500 loss=1.1342 time=0.0151 stft=1.8562 cons=0.00000 teacher=0.0000 teacher_w=0.031
epoch=79 step=5/500 loss=1.3587 time=0.0252 stft=2.1879 cons=0.00000 teacher=0.0000 teacher_w=0.031
epoch=79 step=10/500 loss=1.3042 time=0.0271 stft=2.0868 cons=0.00000 teacher=0.0000 teacher_w=0.031
epoch=79 step=15/500 loss=1.1717 time=0.0275 stft=1.8713 cons=0.00000 teacher=0.0000 teacher_w=0.031
epoch=79 step=20/500 loss=1.1977 time=0.0272 stft=1.9178 cons=0.00000 teacher=0.0000 teacher_w=0.031
epoch=79 step=25/500 loss=1.1752 time=0.0260 stft=1.8856 cons=0.00000 teacher=0.0000 teacher_w=0.031
epoch=79 step=30/500 loss=1.1348 time=0.0252 stft=1.8208 cons=0.00000 teacher=0.0000 teacher_w=0.031
epoch=79 step=35/500 loss=1.1957 time=0.0268 stft=1.9199 cons=0.00000 teacher=0.0000 teacher_w=0.031
epoch=79 step=40/500 loss=1.2064 time=0.0248 stft=1.9437 cons=0.00000 teacher=0.0000 teacher_w=0.031
epoch=79 step=45/500 loss=1.1794 time=0.0244 stft=1.9006 cons=0.00000 teacher=0.0000 teacher_w=0.031
epoch=79 step=50/500 loss=1.1551 time=0.0236 stft=1.8622 cons=0.00000 teacher=0.0000 teacher_w=0.031
epoch=79 step=55/500 loss=1.1606 time=0.0236 stft=1.8717 cons=0.00000 teacher=0.0000 teacher_w=0.031
epoch=79 step=60/500 loss=1.1468 time=0.0243 stft=1.8476 cons=0.00000 teacher=0.0000 teacher_w=0.031
epoch=79 step=65/500 loss=1.1495 time=0.0235 stft=1.8543 cons=0.00000 teacher=0.0000 teacher_w=0.031
epoch=79 step=70/500 loss=1.1925 time=0.0238 stft=1.9248 cons=0.00000 teacher=0.0000 teacher_w=0.031
epoch=79 step=75/500 loss=1.1684 time=0.0239 stft=1.8839 cons=0.00000 teacher=0.0000 teacher_w=0.031
epoch=79 step=80/500 loss=1.1640 time=0.0247 stft=1.8739 cons=0.00000 teacher=0.0000 teacher_w=0.031
epoch=79 step=85/500 loss=1.1816 time=0.0242 stft=1.9047 cons=0.00000 teacher=0.0000 teacher_w=0.031
epoch=79 step=90/500 loss=1.1833 time=0.0239 stft=1.9079 cons=0.00000 teacher=0.0000 teacher_w=0.031
epoch=79 step=95/500 loss=1.2126 time=0.0238 stft=1.9573 cons=0.00000 teacher=0.0000 teacher_w=0.031
epoch=79 step=100/500 loss=1.2171 time=0.0235 stft=1.9658 cons=0.00000 teacher=0.0000 teacher_w=0.031
epoch=79 step=105/500 loss=1.2239 time=0.0233 stft=1.9771 cons=0.00000 teacher=0.0000 teacher_w=0.031
epoch=79 step=110/500 loss=1.2170 time=0.0235 stft=1.9647 cons=0.00000 teacher=0.0000 teacher_w=0.031
epoch=79 step=115/500 loss=1.2295 time=0.0231 stft=1.9868 cons=0.00000 teacher=0.0000 teacher_w=0.031
epoch=79 step=120/500 loss=1.2360 time=0.0226 stft=1.9985 cons=0.00000 teacher=0.0000 teacher_w=0.031
epoch=79 step=125/500 loss=1.2228 time=0.0227 stft=1.9761 cons=0.00000 teacher=0.0000 teacher_w=0.031
epoch=79 step=130/500 loss=1.2099 time=0.0227 stft=1.9545 cons=0.00000 teacher=0.0000 teacher_w=0.031
epoch=79 step=135/500 loss=1.2107 time=0.0227 stft=1.9556 cons=0.00000 teacher=0.0000 teacher_w=0.031
epoch=79 step=140/500 loss=1.2063 time=0.0231 stft=1.9471 cons=0.00000 teacher=0.0000 teacher_w=0.031
epoch=79 step=145/500 loss=1.2245 time=0.0228 stft=1.9780 cons=0.00000 teacher=0.0000 teacher_w=0.031
epoch=79 step=150/500 loss=1.2194 time=0.0227 stft=1.9697 cons=0.00000 teacher=0.0000 teacher_w=0.031
epoch=79 step=155/500 loss=1.2208 time=0.0227 stft=1.9725 cons=0.00000 teacher=0.0000 teacher_w=0.031
epoch=79 step=160/500 loss=1.2344 time=0.0225 stft=1.9955 cons=0.00000 teacher=0.0000 teacher_w=0.031
epoch=79 step=165/500 loss=1.2231 time=0.0226 stft=1.9762 cons=0.00000 teacher=0.0000 teacher_w=0.031
epoch=79 step=170/500 loss=1.2186 time=0.0227 stft=1.9685 cons=0.00000 teacher=0.0000 teacher_w=0.031
epoch=79 step=175/500 loss=1.2124 time=0.0226 stft=1.9582 cons=0.00000 teacher=0.0000 teacher_w=0.031
epoch=79 step=180/500 loss=1.2206 time=0.0225 stft=1.9720 cons=0.00000 teacher=0.0000 teacher_w=0.031
epoch=79 step=185/500 loss=1.2212 time=0.0225 stft=1.9730 cons=0.00000 teacher=0.0000 teacher_w=0.031
epoch=79 step=190/500 loss=1.2160 time=0.0224 stft=1.9647 cons=0.00000 teacher=0.0000 teacher_w=0.031
epoch=79 step=195/500 loss=1.2147 time=0.0224 stft=1.9628 cons=0.00000 teacher=0.0000 teacher_w=0.031
epoch=79 step=200/500 loss=1.2147 time=0.0226 stft=1.9617 cons=0.00000 teacher=0.0000 teacher_w=0.031
epoch=79 step=205/500 loss=1.2148 time=0.0226 stft=1.9621 cons=0.00000 teacher=0.0000 teacher_w=0.031
epoch=79 step=210/500 loss=1.2211 time=0.0226 stft=1.9722 cons=0.00000 teacher=0.0000 teacher_w=0.031
epoch=79 step=215/500 loss=1.2123 time=0.0226 stft=1.9578 cons=0.00000 teacher=0.0000 teacher_w=0.031
epoch=79 step=220/500 loss=1.2089 time=0.0223 stft=1.9527 cons=0.00000 teacher=0.0000 teacher_w=0.031
epoch=79 step=225/500 loss=1.2077 time=0.0224 stft=1.9504 cons=0.00000 teacher=0.0000 teacher_w=0.031
epoch=79 step=230/500 loss=1.2123 time=0.0223 stft=1.9583 cons=0.00000 teacher=0.0000 teacher_w=0.031
epoch=79 step=235/500 loss=1.2140 time=0.0223 stft=1.9612 cons=0.00000 teacher=0.0000 teacher_w=0.031
epoch=79 step=240/500 loss=1.2222 time=0.0222 stft=1.9751 cons=0.00000 teacher=0.0000 teacher_w=0.031
epoch=79 step=245/500 loss=1.2249 time=0.0224 stft=1.9790 cons=0.00000 teacher=0.0000 teacher_w=0.031
epoch=79 step=250/500 loss=1.2195 time=0.0224 stft=1.9699 cons=0.00000 teacher=0.0000 teacher_w=0.031
epoch=79 step=255/500 loss=1.2157 time=0.0223 stft=1.9638 cons=0.00000 teacher=0.0000 teacher_w=0.031
epoch=79 step=260/500 loss=1.2164 time=0.0223 stft=1.9650 cons=0.00000 teacher=0.0000 teacher_w=0.031
epoch=79 step=265/500 loss=1.2097 time=0.0224 stft=1.9535 cons=0.00000 teacher=0.0000 teacher_w=0.031
epoch=79 step=270/500 loss=1.2087 time=0.0224 stft=1.9519 cons=0.00000 teacher=0.0000 teacher_w=0.031
epoch=79 step=275/500 loss=1.2162 time=0.0223 stft=1.9646 cons=0.00000 teacher=0.0000 teacher_w=0.031
epoch=79 step=280/500 loss=1.2159 time=0.0223 stft=1.9643 cons=0.00000 teacher=0.0000 teacher_w=0.031
epoch=79 step=285/500 loss=1.2171 time=0.0222 stft=1.9666 cons=0.00000 teacher=0.0000 teacher_w=0.031
epoch=79 step=290/500 loss=1.2117 time=0.0222 stft=1.9575 cons=0.00000 teacher=0.0000 teacher_w=0.031
epoch=79 step=295/500 loss=1.2123 time=0.0222 stft=1.9587 cons=0.00000 teacher=0.0000 teacher_w=0.031
epoch=79 step=300/500 loss=1.2064 time=0.0222 stft=1.9489 cons=0.00000 teacher=0.0000 teacher_w=0.031
epoch=79 step=305/500 loss=1.2038 time=0.0222 stft=1.9446 cons=0.00000 teacher=0.0000 teacher_w=0.031
epoch=79 step=310/500 loss=1.2020 time=0.0225 stft=1.9409 cons=0.00000 teacher=0.0000 teacher_w=0.031
epoch=79 step=315/500 loss=1.1985 time=0.0225 stft=1.9349 cons=0.00000 teacher=0.0000 teacher_w=0.031
epoch=79 step=320/500 loss=1.1946 time=0.0226 stft=1.9281 cons=0.00000 teacher=0.0000 teacher_w=0.031
epoch=79 step=325/500 loss=1.1888 time=0.0226 stft=1.9183 cons=0.00000 teacher=0.0000 teacher_w=0.031
epoch=79 step=330/500 loss=1.1873 time=0.0228 stft=1.9155 cons=0.00000 teacher=0.0000 teacher_w=0.031
epoch=79 step=335/500 loss=1.1893 time=0.0227 stft=1.9189 cons=0.00000 teacher=0.0000 teacher_w=0.031
epoch=79 step=340/500 loss=1.1856 time=0.0228 stft=1.9124 cons=0.00000 teacher=0.0000 teacher_w=0.031
epoch=79 step=345/500 loss=1.1832 time=0.0228 stft=1.9084 cons=0.00000 teacher=0.0000 teacher_w=0.031
epoch=79 step=350/500 loss=1.1818 time=0.0228 stft=1.9061 cons=0.00000 teacher=0.0000 teacher_w=0.031
epoch=79 step=355/500 loss=1.1763 time=0.0229 stft=1.8968 cons=0.00000 teacher=0.0000 teacher_w=0.031
epoch=79 step=360/500 loss=1.1803 time=0.0228 stft=1.9037 cons=0.00000 teacher=0.0000 teacher_w=0.031
epoch=79 step=365/500 loss=1.1793 time=0.0228 stft=1.9020 cons=0.00000 teacher=0.0000 teacher_w=0.031
epoch=79 step=370/500 loss=1.1791 time=0.0228 stft=1.9017 cons=0.00000 teacher=0.0000 teacher_w=0.031
epoch=79 step=375/500 loss=1.1819 time=0.0229 stft=1.9063 cons=0.00000 teacher=0.0000 teacher_w=0.031
epoch=79 step=380/500 loss=1.1824 time=0.0229 stft=1.9072 cons=0.00000 teacher=0.0000 teacher_w=0.031
epoch=79 step=385/500 loss=1.1807 time=0.0228 stft=1.9045 cons=0.00000 teacher=0.0000 teacher_w=0.031
epoch=79 step=390/500 loss=1.1774 time=0.0227 stft=1.8994 cons=0.00000 teacher=0.0000 teacher_w=0.031
epoch=79 step=395/500 loss=1.1804 time=0.0228 stft=1.9042 cons=0.00000 teacher=0.0000 teacher_w=0.031
epoch=79 step=400/500 loss=1.1865 time=0.0227 stft=1.9145 cons=0.00000 teacher=0.0000 teacher_w=0.031
epoch=79 step=405/500 loss=1.1846 time=0.0227 stft=1.9112 cons=0.00000 teacher=0.0000 teacher_w=0.031
epoch=79 step=410/500 loss=1.1869 time=0.0227 stft=1.9152 cons=0.00000 teacher=0.0000 teacher_w=0.031
epoch=79 step=415/500 loss=1.1865 time=0.0227 stft=1.9147 cons=0.00000 teacher=0.0000 teacher_w=0.031
epoch=79 step=420/500 loss=1.1881 time=0.0227 stft=1.9173 cons=0.00000 teacher=0.0000 teacher_w=0.031
epoch=79 step=425/500 loss=1.1842 time=0.0228 stft=1.9108 cons=0.00000 teacher=0.0000 teacher_w=0.031
epoch=79 step=430/500 loss=1.1845 time=0.0228 stft=1.9114 cons=0.00000 teacher=0.0000 teacher_w=0.031
epoch=79 step=435/500 loss=1.1873 time=0.0227 stft=1.9160 cons=0.00000 teacher=0.0000 teacher_w=0.031
epoch=79 step=440/500 loss=1.1891 time=0.0226 stft=1.9193 cons=0.00000 teacher=0.0000 teacher_w=0.031
epoch=79 step=445/500 loss=1.1918 time=0.0226 stft=1.9239 cons=0.00000 teacher=0.0000 teacher_w=0.031
epoch=79 step=450/500 loss=1.1905 time=0.0226 stft=1.9217 cons=0.00000 teacher=0.0000 teacher_w=0.031
epoch=79 step=455/500 loss=1.1914 time=0.0225 stft=1.9233 cons=0.00000 teacher=0.0000 teacher_w=0.031
epoch=79 step=460/500 loss=1.1927 time=0.0225 stft=1.9257 cons=0.00000 teacher=0.0000 teacher_w=0.031
epoch=79 step=465/500 loss=1.1976 time=0.0225 stft=1.9340 cons=0.00000 teacher=0.0000 teacher_w=0.031
epoch=79 step=470/500 loss=1.1958 time=0.0224 stft=1.9311 cons=0.00000 teacher=0.0000 teacher_w=0.031
epoch=79 step=475/500 loss=1.1988 time=0.0223 stft=1.9366 cons=0.00000 teacher=0.0000 teacher_w=0.031
epoch=79 step=480/500 loss=1.1973 time=0.0224 stft=1.9336 cons=0.00000 teacher=0.0000 teacher_w=0.031
epoch=79 step=485/500 loss=1.1950 time=0.0224 stft=1.9298 cons=0.00000 teacher=0.0000 teacher_w=0.031
epoch=79 step=490/500 loss=1.1961 time=0.0225 stft=1.9313 cons=0.00000 teacher=0.0000 teacher_w=0.031
epoch=79 step=495/500 loss=1.2024 time=0.0224 stft=1.9420 cons=0.00000 teacher=0.0000 teacher_w=0.031
epoch=79 step=500/500 loss=1.2006 time=0.0224 stft=1.9390 cons=0.00000 teacher=0.0000 teacher_w=0.031
epoch=79 train_loss=1.2019 valid_loss=1.8468 valid_si_sdr=-19.42dB cons=0.000000 lr=5e-05
epoch=80 step=1/500 loss=0.7631 time=0.0339 stft=1.1707 cons=0.00000 teacher=0.0000 teacher_w=0.030
epoch=80 step=5/500 loss=0.9134 time=0.0300 stft=1.4357 cons=0.00000 teacher=0.0000 teacher_w=0.030
epoch=80 step=10/500 loss=1.0142 time=0.0279 stft=1.6113 cons=0.00000 teacher=0.0000 teacher_w=0.030
epoch=80 step=15/500 loss=1.0813 time=0.0295 stft=1.7170 cons=0.00000 teacher=0.0000 teacher_w=0.030
epoch=80 step=20/500 loss=1.1171 time=0.0276 stft=1.7847 cons=0.00000 teacher=0.0000 teacher_w=0.030
epoch=80 step=25/500 loss=1.1194 time=0.0252 stft=1.7945 cons=0.00000 teacher=0.0000 teacher_w=0.030
epoch=80 step=30/500 loss=1.0963 time=0.0248 stft=1.7578 cons=0.00000 teacher=0.0000 teacher_w=0.030
epoch=80 step=35/500 loss=1.0862 time=0.0248 stft=1.7420 cons=0.00000 teacher=0.0000 teacher_w=0.030
epoch=80 step=40/500 loss=1.1242 time=0.0235 stft=1.8092 cons=0.00000 teacher=0.0000 teacher_w=0.030
epoch=80 step=45/500 loss=1.1684 time=0.0225 stft=1.8857 cons=0.00000 teacher=0.0000 teacher_w=0.030
epoch=80 step=50/500 loss=1.1877 time=0.0220 stft=1.9201 cons=0.00000 teacher=0.0000 teacher_w=0.030
epoch=80 step=55/500 loss=1.2004 time=0.0219 stft=1.9418 cons=0.00000 teacher=0.0000 teacher_w=0.030
epoch=80 step=60/500 loss=1.2189 time=0.0218 stft=1.9724 cons=0.00000 teacher=0.0000 teacher_w=0.030
epoch=80 step=65/500 loss=1.2436 time=0.0217 stft=2.0139 cons=0.00000 teacher=0.0000 teacher_w=0.030
epoch=80 step=70/500 loss=1.2310 time=0.0220 stft=1.9924 cons=0.00000 teacher=0.0000 teacher_w=0.030
epoch=80 step=75/500 loss=1.2265 time=0.0223 stft=1.9845 cons=0.00000 teacher=0.0000 teacher_w=0.030
epoch=80 step=80/500 loss=1.2368 time=0.0217 stft=2.0030 cons=0.00000 teacher=0.0000 teacher_w=0.030
epoch=80 step=85/500 loss=1.2497 time=0.0217 stft=2.0250 cons=0.00000 teacher=0.0000 teacher_w=0.030
epoch=80 step=90/500 loss=1.2414 time=0.0215 stft=2.0114 cons=0.00000 teacher=0.0000 teacher_w=0.030
epoch=80 step=95/500 loss=1.2360 time=0.0213 stft=2.0033 cons=0.00000 teacher=0.0000 teacher_w=0.030
epoch=80 step=100/500 loss=1.2632 time=0.0209 stft=2.0490 cons=0.00000 teacher=0.0000 teacher_w=0.030
epoch=80 step=105/500 loss=1.2654 time=0.0207 stft=2.0531 cons=0.00000 teacher=0.0000 teacher_w=0.030
epoch=80 step=110/500 loss=1.2459 time=0.0211 stft=2.0185 cons=0.00000 teacher=0.0000 teacher_w=0.030
epoch=80 step=115/500 loss=1.2264 time=0.0213 stft=1.9854 cons=0.00000 teacher=0.0000 teacher_w=0.030
epoch=80 step=120/500 loss=1.2267 time=0.0213 stft=1.9862 cons=0.00000 teacher=0.0000 teacher_w=0.030
epoch=80 step=125/500 loss=1.2139 time=0.0217 stft=1.9631 cons=0.00000 teacher=0.0000 teacher_w=0.030
epoch=80 step=130/500 loss=1.2218 time=0.0216 stft=1.9766 cons=0.00000 teacher=0.0000 teacher_w=0.030
epoch=80 step=135/500 loss=1.2080 time=0.0221 stft=1.9519 cons=0.00000 teacher=0.0000 teacher_w=0.030
epoch=80 step=140/500 loss=1.2005 time=0.0220 stft=1.9397 cons=0.00000 teacher=0.0000 teacher_w=0.030
epoch=80 step=145/500 loss=1.2070 time=0.0219 stft=1.9509 cons=0.00000 teacher=0.0000 teacher_w=0.030
epoch=80 step=150/500 loss=1.2026 time=0.0224 stft=1.9418 cons=0.00000 teacher=0.0000 teacher_w=0.030
epoch=80 step=155/500 loss=1.2059 time=0.0223 stft=1.9473 cons=0.00000 teacher=0.0000 teacher_w=0.030
epoch=80 step=160/500 loss=1.2070 time=0.0222 stft=1.9491 cons=0.00000 teacher=0.0000 teacher_w=0.030
epoch=80 step=165/500 loss=1.2004 time=0.0223 stft=1.9379 cons=0.00000 teacher=0.0000 teacher_w=0.030
epoch=80 step=170/500 loss=1.2045 time=0.0221 stft=1.9452 cons=0.00000 teacher=0.0000 teacher_w=0.030
epoch=80 step=175/500 loss=1.2001 time=0.0221 stft=1.9380 cons=0.00000 teacher=0.0000 teacher_w=0.030
epoch=80 step=180/500 loss=1.2110 time=0.0223 stft=1.9559 cons=0.00000 teacher=0.0000 teacher_w=0.030
epoch=80 step=185/500 loss=1.2022 time=0.0222 stft=1.9416 cons=0.00000 teacher=0.0000 teacher_w=0.030
epoch=80 step=190/500 loss=1.2131 time=0.0221 stft=1.9601 cons=0.00000 teacher=0.0000 teacher_w=0.030
epoch=80 step=195/500 loss=1.2139 time=0.0221 stft=1.9615 cons=0.00000 teacher=0.0000 teacher_w=0.030
epoch=80 step=200/500 loss=1.2232 time=0.0219 stft=1.9776 cons=0.00000 teacher=0.0000 teacher_w=0.030
epoch=80 step=205/500 loss=1.2190 time=0.0219 stft=1.9705 cons=0.00000 teacher=0.0000 teacher_w=0.030
epoch=80 step=210/500 loss=1.2137 time=0.0220 stft=1.9612 cons=0.00000 teacher=0.0000 teacher_w=0.030
epoch=80 step=215/500 loss=1.2185 time=0.0219 stft=1.9695 cons=0.00000 teacher=0.0000 teacher_w=0.030
epoch=80 step=220/500 loss=1.2175 time=0.0218 stft=1.9678 cons=0.00000 teacher=0.0000 teacher_w=0.030
epoch=80 step=225/500 loss=1.2150 time=0.0217 stft=1.9641 cons=0.00000 teacher=0.0000 teacher_w=0.030
epoch=80 step=230/500 loss=1.2137 time=0.0218 stft=1.9614 cons=0.00000 teacher=0.0000 teacher_w=0.030
epoch=80 step=235/500 loss=1.2225 time=0.0218 stft=1.9763 cons=0.00000 teacher=0.0000 teacher_w=0.030
epoch=80 step=240/500 loss=1.2239 time=0.0216 stft=1.9794 cons=0.00000 teacher=0.0000 teacher_w=0.030
epoch=80 step=245/500 loss=1.2274 time=0.0217 stft=1.9848 cons=0.00000 teacher=0.0000 teacher_w=0.030
epoch=80 step=250/500 loss=1.2202 time=0.0218 stft=1.9724 cons=0.00000 teacher=0.0000 teacher_w=0.030
epoch=80 step=255/500 loss=1.2142 time=0.0219 stft=1.9621 cons=0.00000 teacher=0.0000 teacher_w=0.030
epoch=80 step=260/500 loss=1.2109 time=0.0218 stft=1.9569 cons=0.00000 teacher=0.0000 teacher_w=0.030
epoch=80 step=265/500 loss=1.2134 time=0.0217 stft=1.9612 cons=0.00000 teacher=0.0000 teacher_w=0.030
epoch=80 step=270/500 loss=1.2081 time=0.0219 stft=1.9521 cons=0.00000 teacher=0.0000 teacher_w=0.030
epoch=80 step=275/500 loss=1.2064 time=0.0222 stft=1.9483 cons=0.00000 teacher=0.0000 teacher_w=0.030
epoch=80 step=280/500 loss=1.2033 time=0.0222 stft=1.9432 cons=0.00000 teacher=0.0000 teacher_w=0.030
epoch=80 step=285/500 loss=1.1980 time=0.0222 stft=1.9341 cons=0.00000 teacher=0.0000 teacher_w=0.030
epoch=80 step=290/500 loss=1.1911 time=0.0223 stft=1.9222 cons=0.00000 teacher=0.0000 teacher_w=0.030
epoch=80 step=295/500 loss=1.1946 time=0.0223 stft=1.9282 cons=0.00000 teacher=0.0000 teacher_w=0.030
epoch=80 step=300/500 loss=1.1917 time=0.0224 stft=1.9230 cons=0.00000 teacher=0.0000 teacher_w=0.030
epoch=80 step=305/500 loss=1.1939 time=0.0223 stft=1.9268 cons=0.00000 teacher=0.0000 teacher_w=0.030
epoch=80 step=310/500 loss=1.1967 time=0.0223 stft=1.9316 cons=0.00000 teacher=0.0000 teacher_w=0.030
epoch=80 step=315/500 loss=1.1912 time=0.0223 stft=1.9226 cons=0.00000 teacher=0.0000 teacher_w=0.030
epoch=80 step=320/500 loss=1.1895 time=0.0222 stft=1.9200 cons=0.00000 teacher=0.0000 teacher_w=0.030
epoch=80 step=325/500 loss=1.1900 time=0.0223 stft=1.9205 cons=0.00000 teacher=0.0000 teacher_w=0.030
epoch=80 step=330/500 loss=1.1948 time=0.0223 stft=1.9283 cons=0.00000 teacher=0.0000 teacher_w=0.030
epoch=80 step=335/500 loss=1.1929 time=0.0224 stft=1.9250 cons=0.00000 teacher=0.0000 teacher_w=0.030
epoch=80 step=340/500 loss=1.1898 time=0.0225 stft=1.9197 cons=0.00000 teacher=0.0000 teacher_w=0.030
epoch=80 step=345/500 loss=1.1904 time=0.0225 stft=1.9205 cons=0.00000 teacher=0.0000 teacher_w=0.030
epoch=80 step=350/500 loss=1.1873 time=0.0225 stft=1.9153 cons=0.00000 teacher=0.0000 teacher_w=0.030
epoch=80 step=355/500 loss=1.1919 time=0.0226 stft=1.9230 cons=0.00000 teacher=0.0000 teacher_w=0.030
epoch=80 step=360/500 loss=1.1906 time=0.0225 stft=1.9211 cons=0.00000 teacher=0.0000 teacher_w=0.030
epoch=80 step=365/500 loss=1.1854 time=0.0225 stft=1.9124 cons=0.00000 teacher=0.0000 teacher_w=0.030
epoch=80 step=370/500 loss=1.1822 time=0.0224 stft=1.9072 cons=0.00000 teacher=0.0000 teacher_w=0.030
epoch=80 step=375/500 loss=1.1801 time=0.0225 stft=1.9035 cons=0.00000 teacher=0.0000 teacher_w=0.030
epoch=80 step=380/500 loss=1.1822 time=0.0225 stft=1.9069 cons=0.00000 teacher=0.0000 teacher_w=0.030
epoch=80 step=385/500 loss=1.1808 time=0.0226 stft=1.9042 cons=0.00000 teacher=0.0000 teacher_w=0.030
epoch=80 step=390/500 loss=1.1825 time=0.0226 stft=1.9070 cons=0.00000 teacher=0.0000 teacher_w=0.030
epoch=80 step=395/500 loss=1.1818 time=0.0227 stft=1.9059 cons=0.00000 teacher=0.0000 teacher_w=0.030
epoch=80 step=400/500 loss=1.1854 time=0.0226 stft=1.9121 cons=0.00000 teacher=0.0000 teacher_w=0.030
epoch=80 step=405/500 loss=1.1861 time=0.0226 stft=1.9133 cons=0.00000 teacher=0.0000 teacher_w=0.030
epoch=80 step=410/500 loss=1.1820 time=0.0226 stft=1.9064 cons=0.00000 teacher=0.0000 teacher_w=0.030
epoch=80 step=415/500 loss=1.1814 time=0.0227 stft=1.9053 cons=0.00000 teacher=0.0000 teacher_w=0.030
epoch=80 step=420/500 loss=1.1802 time=0.0228 stft=1.9028 cons=0.00000 teacher=0.0000 teacher_w=0.030
epoch=80 step=425/500 loss=1.1805 time=0.0228 stft=1.9035 cons=0.00000 teacher=0.0000 teacher_w=0.030
epoch=80 step=430/500 loss=1.1788 time=0.0227 stft=1.9007 cons=0.00000 teacher=0.0000 teacher_w=0.030
epoch=80 step=435/500 loss=1.1829 time=0.0226 stft=1.9079 cons=0.00000 teacher=0.0000 teacher_w=0.030
epoch=80 step=440/500 loss=1.1873 time=0.0226 stft=1.9155 cons=0.00000 teacher=0.0000 teacher_w=0.030
epoch=80 step=445/500 loss=1.1849 time=0.0225 stft=1.9117 cons=0.00000 teacher=0.0000 teacher_w=0.030
epoch=80 step=450/500 loss=1.1821 time=0.0226 stft=1.9067 cons=0.00000 teacher=0.0000 teacher_w=0.030
epoch=80 step=455/500 loss=1.1857 time=0.0226 stft=1.9129 cons=0.00000 teacher=0.0000 teacher_w=0.030
epoch=80 step=460/500 loss=1.1857 time=0.0225 stft=1.9128 cons=0.00000 teacher=0.0000 teacher_w=0.030
epoch=80 step=465/500 loss=1.1816 time=0.0226 stft=1.9059 cons=0.00000 teacher=0.0000 teacher_w=0.030
epoch=80 step=470/500 loss=1.1808 time=0.0226 stft=1.9045 cons=0.00000 teacher=0.0000 teacher_w=0.030
epoch=80 step=475/500 loss=1.1799 time=0.0225 stft=1.9034 cons=0.00000 teacher=0.0000 teacher_w=0.030
epoch=80 step=480/500 loss=1.1831 time=0.0225 stft=1.9088 cons=0.00000 teacher=0.0000 teacher_w=0.030
epoch=80 step=485/500 loss=1.1830 time=0.0225 stft=1.9087 cons=0.00000 teacher=0.0000 teacher_w=0.030
epoch=80 step=490/500 loss=1.1821 time=0.0226 stft=1.9070 cons=0.00000 teacher=0.0000 teacher_w=0.030
epoch=80 step=495/500 loss=1.1815 time=0.0226 stft=1.9062 cons=0.00000 teacher=0.0000 teacher_w=0.030
epoch=80 step=500/500 loss=1.1822 time=0.0226 stft=1.9074 cons=0.00000 teacher=0.0000 teacher_w=0.030
epoch=80 train_loss=1.1936 valid_loss=1.8412 valid_si_sdr=-19.30dB cons=0.000000 lr=4.77501e-05
epoch=81 step=1/500 loss=0.9072 time=0.0215 stft=1.4696 cons=0.00000 teacher=0.0000 teacher_w=0.030
epoch=81 step=5/500 loss=1.1050 time=0.0250 stft=1.7634 cons=0.00000 teacher=0.0000 teacher_w=0.030
epoch=81 step=10/500 loss=1.0151 time=0.0225 stft=1.6229 cons=0.00000 teacher=0.0000 teacher_w=0.030
epoch=81 step=15/500 loss=0.9668 time=0.0242 stft=1.5417 cons=0.00000 teacher=0.0000 teacher_w=0.030
epoch=81 step=20/500 loss=0.9474 time=0.0210 stft=1.5190 cons=0.00000 teacher=0.0000 teacher_w=0.030
epoch=81 step=25/500 loss=0.9329 time=0.0231 stft=1.4878 cons=0.00000 teacher=0.0000 teacher_w=0.030
epoch=81 step=30/500 loss=0.9906 time=0.0227 stft=1.5853 cons=0.00000 teacher=0.0000 teacher_w=0.030
epoch=81 step=35/500 loss=1.0089 time=0.0223 stft=1.6163 cons=0.00000 teacher=0.0000 teacher_w=0.030
epoch=81 step=40/500 loss=1.0234 time=0.0223 stft=1.6392 cons=0.00000 teacher=0.0000 teacher_w=0.030
epoch=81 step=45/500 loss=1.0460 time=0.0226 stft=1.6758 cons=0.00000 teacher=0.0000 teacher_w=0.030
epoch=81 step=50/500 loss=1.1021 time=0.0222 stft=1.7704 cons=0.00000 teacher=0.0000 teacher_w=0.030
epoch=81 step=55/500 loss=1.1201 time=0.0216 stft=1.8029 cons=0.00000 teacher=0.0000 teacher_w=0.030
epoch=81 step=60/500 loss=1.1035 time=0.0226 stft=1.7723 cons=0.00000 teacher=0.0000 teacher_w=0.030
epoch=81 step=65/500 loss=1.0930 time=0.0230 stft=1.7555 cons=0.00000 teacher=0.0000 teacher_w=0.030
epoch=81 step=70/500 loss=1.1271 time=0.0225 stft=1.8141 cons=0.00000 teacher=0.0000 teacher_w=0.030
epoch=81 step=75/500 loss=1.1343 time=0.0228 stft=1.8252 cons=0.00000 teacher=0.0000 teacher_w=0.030
epoch=81 step=80/500 loss=1.1173 time=0.0233 stft=1.7951 cons=0.00000 teacher=0.0000 teacher_w=0.030
epoch=81 step=85/500 loss=1.1041 time=0.0231 stft=1.7738 cons=0.00000 teacher=0.0000 teacher_w=0.030
epoch=81 step=90/500 loss=1.1147 time=0.0232 stft=1.7915 cons=0.00000 teacher=0.0000 teacher_w=0.030
epoch=81 step=95/500 loss=1.1168 time=0.0230 stft=1.7948 cons=0.00000 teacher=0.0000 teacher_w=0.030
epoch=81 step=100/500 loss=1.1193 time=0.0230 stft=1.7991 cons=0.00000 teacher=0.0000 teacher_w=0.030
epoch=81 step=105/500 loss=1.1351 time=0.0232 stft=1.8251 cons=0.00000 teacher=0.0000 teacher_w=0.030
epoch=81 step=110/500 loss=1.1600 time=0.0231 stft=1.8672 cons=0.00000 teacher=0.0000 teacher_w=0.030
epoch=81 step=115/500 loss=1.1783 time=0.0230 stft=1.8982 cons=0.00000 teacher=0.0000 teacher_w=0.030
epoch=81 step=120/500 loss=1.1605 time=0.0229 stft=1.8688 cons=0.00000 teacher=0.0000 teacher_w=0.030
epoch=81 step=125/500 loss=1.1851 time=0.0228 stft=1.9099 cons=0.00000 teacher=0.0000 teacher_w=0.030
epoch=81 step=130/500 loss=1.1818 time=0.0230 stft=1.9039 cons=0.00000 teacher=0.0000 teacher_w=0.030
epoch=81 step=135/500 loss=1.1754 time=0.0230 stft=1.8931 cons=0.00000 teacher=0.0000 teacher_w=0.030
epoch=81 step=140/500 loss=1.1781 time=0.0229 stft=1.8979 cons=0.00000 teacher=0.0000 teacher_w=0.030
epoch=81 step=145/500 loss=1.1723 time=0.0229 stft=1.8885 cons=0.00000 teacher=0.0000 teacher_w=0.030
epoch=81 step=150/500 loss=1.1620 time=0.0228 stft=1.8712 cons=0.00000 teacher=0.0000 teacher_w=0.030
epoch=81 step=155/500 loss=1.1914 time=0.0228 stft=1.9201 cons=0.00000 teacher=0.0000 teacher_w=0.030
epoch=81 step=160/500 loss=1.1872 time=0.0227 stft=1.9130 cons=0.00000 teacher=0.0000 teacher_w=0.030
epoch=81 step=165/500 loss=1.1832 time=0.0227 stft=1.9066 cons=0.00000 teacher=0.0000 teacher_w=0.030
epoch=81 step=170/500 loss=1.1896 time=0.0226 stft=1.9176 cons=0.00000 teacher=0.0000 teacher_w=0.030
epoch=81 step=175/500 loss=1.2001 time=0.0225 stft=1.9355 cons=0.00000 teacher=0.0000 teacher_w=0.030
epoch=81 step=180/500 loss=1.2091 time=0.0224 stft=1.9512 cons=0.00000 teacher=0.0000 teacher_w=0.030
epoch=81 step=185/500 loss=1.2197 time=0.0225 stft=1.9685 cons=0.00000 teacher=0.0000 teacher_w=0.030
epoch=81 step=190/500 loss=1.2189 time=0.0223 stft=1.9675 cons=0.00000 teacher=0.0000 teacher_w=0.030
epoch=81 step=195/500 loss=1.2192 time=0.0224 stft=1.9681 cons=0.00000 teacher=0.0000 teacher_w=0.030
epoch=81 step=200/500 loss=1.2148 time=0.0224 stft=1.9606 cons=0.00000 teacher=0.0000 teacher_w=0.030
epoch=81 step=205/500 loss=1.2249 time=0.0223 stft=1.9774 cons=0.00000 teacher=0.0000 teacher_w=0.030
epoch=81 step=210/500 loss=1.2346 time=0.0224 stft=1.9936 cons=0.00000 teacher=0.0000 teacher_w=0.030
epoch=81 step=215/500 loss=1.2299 time=0.0224 stft=1.9858 cons=0.00000 teacher=0.0000 teacher_w=0.030
epoch=81 step=220/500 loss=1.2309 time=0.0224 stft=1.9874 cons=0.00000 teacher=0.0000 teacher_w=0.030
epoch=81 step=225/500 loss=1.2294 time=0.0225 stft=1.9846 cons=0.00000 teacher=0.0000 teacher_w=0.030
epoch=81 step=230/500 loss=1.2380 time=0.0223 stft=1.9995 cons=0.00000 teacher=0.0000 teacher_w=0.030
epoch=81 step=235/500 loss=1.2336 time=0.0225 stft=1.9920 cons=0.00000 teacher=0.0000 teacher_w=0.030
epoch=81 step=240/500 loss=1.2269 time=0.0224 stft=1.9808 cons=0.00000 teacher=0.0000 teacher_w=0.030
epoch=81 step=245/500 loss=1.2245 time=0.0222 stft=1.9776 cons=0.00000 teacher=0.0000 teacher_w=0.030
epoch=81 step=250/500 loss=1.2155 time=0.0223 stft=1.9626 cons=0.00000 teacher=0.0000 teacher_w=0.030
epoch=81 step=255/500 loss=1.2089 time=0.0224 stft=1.9507 cons=0.00000 teacher=0.0000 teacher_w=0.030
epoch=81 step=260/500 loss=1.2062 time=0.0223 stft=1.9468 cons=0.00000 teacher=0.0000 teacher_w=0.030
epoch=81 step=265/500 loss=1.1992 time=0.0222 stft=1.9351 cons=0.00000 teacher=0.0000 teacher_w=0.030
epoch=81 step=270/500 loss=1.1944 time=0.0223 stft=1.9271 cons=0.00000 teacher=0.0000 teacher_w=0.030
epoch=81 step=275/500 loss=1.1966 time=0.0222 stft=1.9310 cons=0.00000 teacher=0.0000 teacher_w=0.030
epoch=81 step=280/500 loss=1.2002 time=0.0221 stft=1.9371 cons=0.00000 teacher=0.0000 teacher_w=0.030
epoch=81 step=285/500 loss=1.2030 time=0.0221 stft=1.9419 cons=0.00000 teacher=0.0000 teacher_w=0.030
epoch=81 step=290/500 loss=1.2032 time=0.0221 stft=1.9424 cons=0.00000 teacher=0.0000 teacher_w=0.030
epoch=81 step=295/500 loss=1.2058 time=0.0220 stft=1.9469 cons=0.00000 teacher=0.0000 teacher_w=0.030
epoch=81 step=300/500 loss=1.2041 time=0.0220 stft=1.9441 cons=0.00000 teacher=0.0000 teacher_w=0.030
epoch=81 step=305/500 loss=1.2062 time=0.0221 stft=1.9476 cons=0.00000 teacher=0.0000 teacher_w=0.030
epoch=81 step=310/500 loss=1.2016 time=0.0221 stft=1.9400 cons=0.00000 teacher=0.0000 teacher_w=0.030
epoch=81 step=315/500 loss=1.2000 time=0.0220 stft=1.9373 cons=0.00000 teacher=0.0000 teacher_w=0.030
epoch=81 step=320/500 loss=1.1959 time=0.0221 stft=1.9305 cons=0.00000 teacher=0.0000 teacher_w=0.030
epoch=81 step=325/500 loss=1.1955 time=0.0220 stft=1.9301 cons=0.00000 teacher=0.0000 teacher_w=0.030
epoch=81 step=330/500 loss=1.1995 time=0.0219 stft=1.9370 cons=0.00000 teacher=0.0000 teacher_w=0.030
epoch=81 step=335/500 loss=1.1968 time=0.0219 stft=1.9324 cons=0.00000 teacher=0.0000 teacher_w=0.030
epoch=81 step=340/500 loss=1.1920 time=0.0220 stft=1.9242 cons=0.00000 teacher=0.0000 teacher_w=0.030
epoch=81 step=345/500 loss=1.1918 time=0.0220 stft=1.9237 cons=0.00000 teacher=0.0000 teacher_w=0.030
epoch=81 step=350/500 loss=1.1874 time=0.0220 stft=1.9163 cons=0.00000 teacher=0.0000 teacher_w=0.030
epoch=81 step=355/500 loss=1.1991 time=0.0219 stft=1.9361 cons=0.00000 teacher=0.0000 teacher_w=0.030
epoch=81 step=360/500 loss=1.1996 time=0.0219 stft=1.9367 cons=0.00000 teacher=0.0000 teacher_w=0.030
epoch=81 step=365/500 loss=1.1963 time=0.0220 stft=1.9311 cons=0.00000 teacher=0.0000 teacher_w=0.030
epoch=81 step=370/500 loss=1.2005 time=0.0218 stft=1.9386 cons=0.00000 teacher=0.0000 teacher_w=0.030
epoch=81 step=375/500 loss=1.1991 time=0.0219 stft=1.9359 cons=0.00000 teacher=0.0000 teacher_w=0.030
epoch=81 step=380/500 loss=1.1956 time=0.0220 stft=1.9297 cons=0.00000 teacher=0.0000 teacher_w=0.030
epoch=81 step=385/500 loss=1.1958 time=0.0220 stft=1.9298 cons=0.00000 teacher=0.0000 teacher_w=0.030
epoch=81 step=390/500 loss=1.1977 time=0.0220 stft=1.9331 cons=0.00000 teacher=0.0000 teacher_w=0.030
epoch=81 step=395/500 loss=1.1999 time=0.0219 stft=1.9371 cons=0.00000 teacher=0.0000 teacher_w=0.030
epoch=81 step=400/500 loss=1.1981 time=0.0219 stft=1.9341 cons=0.00000 teacher=0.0000 teacher_w=0.030
epoch=81 step=405/500 loss=1.2003 time=0.0218 stft=1.9380 cons=0.00000 teacher=0.0000 teacher_w=0.030
epoch=81 step=410/500 loss=1.2001 time=0.0219 stft=1.9374 cons=0.00000 teacher=0.0000 teacher_w=0.030
epoch=81 step=415/500 loss=1.1981 time=0.0218 stft=1.9343 cons=0.00000 teacher=0.0000 teacher_w=0.030
epoch=81 step=420/500 loss=1.1999 time=0.0219 stft=1.9371 cons=0.00000 teacher=0.0000 teacher_w=0.030
epoch=81 step=425/500 loss=1.2017 time=0.0218 stft=1.9403 cons=0.00000 teacher=0.0000 teacher_w=0.030
epoch=81 step=430/500 loss=1.1977 time=0.0219 stft=1.9336 cons=0.00000 teacher=0.0000 teacher_w=0.030
epoch=81 step=435/500 loss=1.2008 time=0.0219 stft=1.9390 cons=0.00000 teacher=0.0000 teacher_w=0.030
epoch=81 step=440/500 loss=1.2014 time=0.0219 stft=1.9400 cons=0.00000 teacher=0.0000 teacher_w=0.030
epoch=81 step=445/500 loss=1.2001 time=0.0218 stft=1.9378 cons=0.00000 teacher=0.0000 teacher_w=0.030
epoch=81 step=450/500 loss=1.2019 time=0.0218 stft=1.9410 cons=0.00000 teacher=0.0000 teacher_w=0.030
epoch=81 step=455/500 loss=1.2031 time=0.0219 stft=1.9430 cons=0.00000 teacher=0.0000 teacher_w=0.030
epoch=81 step=460/500 loss=1.2045 time=0.0219 stft=1.9453 cons=0.00000 teacher=0.0000 teacher_w=0.030
epoch=81 step=465/500 loss=1.2038 time=0.0219 stft=1.9441 cons=0.00000 teacher=0.0000 teacher_w=0.030
epoch=81 step=470/500 loss=1.1997 time=0.0220 stft=1.9368 cons=0.00000 teacher=0.0000 teacher_w=0.030
epoch=81 step=475/500 loss=1.1993 time=0.0220 stft=1.9362 cons=0.00000 teacher=0.0000 teacher_w=0.030
epoch=81 step=480/500 loss=1.1977 time=0.0220 stft=1.9334 cons=0.00000 teacher=0.0000 teacher_w=0.030
epoch=81 step=485/500 loss=1.1996 time=0.0220 stft=1.9365 cons=0.00000 teacher=0.0000 teacher_w=0.030
epoch=81 step=490/500 loss=1.1975 time=0.0220 stft=1.9331 cons=0.00000 teacher=0.0000 teacher_w=0.030
epoch=81 step=495/500 loss=1.1965 time=0.0219 stft=1.9315 cons=0.00000 teacher=0.0000 teacher_w=0.030
epoch=81 step=500/500 loss=1.1994 time=0.0218 stft=1.9366 cons=0.00000 teacher=0.0000 teacher_w=0.030
epoch=81 train_loss=1.2002 valid_loss=1.8360 valid_si_sdr=-19.21dB cons=0.000000 lr=4.55361e-05
epoch=82 step=1/500 loss=0.8324 time=0.0417 stft=1.2474 cons=0.00000 teacher=0.0000 teacher_w=0.030
epoch=82 step=5/500 loss=1.1821 time=0.0181 stft=1.9129 cons=0.00000 teacher=0.0000 teacher_w=0.030
epoch=82 step=10/500 loss=1.3548 time=0.0211 stft=2.1986 cons=0.00000 teacher=0.0000 teacher_w=0.030
epoch=82 step=15/500 loss=1.2518 time=0.0253 stft=2.0185 cons=0.00000 teacher=0.0000 teacher_w=0.030
epoch=82 step=20/500 loss=1.3190 time=0.0244 stft=2.1342 cons=0.00000 teacher=0.0000 teacher_w=0.030
epoch=82 step=25/500 loss=1.2800 time=0.0227 stft=2.0747 cons=0.00000 teacher=0.0000 teacher_w=0.030
epoch=82 step=30/500 loss=1.2978 time=0.0217 stft=2.1058 cons=0.00000 teacher=0.0000 teacher_w=0.030
epoch=82 step=35/500 loss=1.2740 time=0.0216 stft=2.0648 cons=0.00000 teacher=0.0000 teacher_w=0.030
epoch=82 step=40/500 loss=1.2478 time=0.0216 stft=2.0213 cons=0.00000 teacher=0.0000 teacher_w=0.030
epoch=82 step=45/500 loss=1.2630 time=0.0218 stft=2.0466 cons=0.00000 teacher=0.0000 teacher_w=0.030
epoch=82 step=50/500 loss=1.2414 time=0.0223 stft=2.0089 cons=0.00000 teacher=0.0000 teacher_w=0.030
epoch=82 step=55/500 loss=1.2502 time=0.0217 stft=2.0246 cons=0.00000 teacher=0.0000 teacher_w=0.030
epoch=82 step=60/500 loss=1.2306 time=0.0221 stft=1.9904 cons=0.00000 teacher=0.0000 teacher_w=0.030
epoch=82 step=65/500 loss=1.2197 time=0.0218 stft=1.9725 cons=0.00000 teacher=0.0000 teacher_w=0.030
epoch=82 step=70/500 loss=1.2246 time=0.0222 stft=1.9802 cons=0.00000 teacher=0.0000 teacher_w=0.030
epoch=82 step=75/500 loss=1.2274 time=0.0214 stft=1.9867 cons=0.00000 teacher=0.0000 teacher_w=0.030
epoch=82 step=80/500 loss=1.2129 time=0.0221 stft=1.9613 cons=0.00000 teacher=0.0000 teacher_w=0.030
epoch=82 step=85/500 loss=1.2064 time=0.0219 stft=1.9510 cons=0.00000 teacher=0.0000 teacher_w=0.030
epoch=82 step=90/500 loss=1.2010 time=0.0214 stft=1.9434 cons=0.00000 teacher=0.0000 teacher_w=0.030
epoch=82 step=95/500 loss=1.2053 time=0.0210 stft=1.9514 cons=0.00000 teacher=0.0000 teacher_w=0.030
epoch=82 step=100/500 loss=1.1831 time=0.0211 stft=1.9137 cons=0.00000 teacher=0.0000 teacher_w=0.030
epoch=82 step=105/500 loss=1.1925 time=0.0214 stft=1.9292 cons=0.00000 teacher=0.0000 teacher_w=0.030
epoch=82 step=110/500 loss=1.1893 time=0.0215 stft=1.9243 cons=0.00000 teacher=0.0000 teacher_w=0.030
epoch=82 step=115/500 loss=1.1820 time=0.0216 stft=1.9113 cons=0.00000 teacher=0.0000 teacher_w=0.030
epoch=82 step=120/500 loss=1.1719 time=0.0221 stft=1.8925 cons=0.00000 teacher=0.0000 teacher_w=0.030
epoch=82 step=125/500 loss=1.1665 time=0.0220 stft=1.8840 cons=0.00000 teacher=0.0000 teacher_w=0.030
epoch=82 step=130/500 loss=1.1777 time=0.0220 stft=1.9027 cons=0.00000 teacher=0.0000 teacher_w=0.030
epoch=82 step=135/500 loss=1.1695 time=0.0225 stft=1.8880 cons=0.00000 teacher=0.0000 teacher_w=0.030
epoch=82 step=140/500 loss=1.1639 time=0.0226 stft=1.8778 cons=0.00000 teacher=0.0000 teacher_w=0.030
epoch=82 step=145/500 loss=1.1660 time=0.0226 stft=1.8813 cons=0.00000 teacher=0.0000 teacher_w=0.030
epoch=82 step=150/500 loss=1.1712 time=0.0224 stft=1.8907 cons=0.00000 teacher=0.0000 teacher_w=0.030
epoch=82 step=155/500 loss=1.1687 time=0.0224 stft=1.8870 cons=0.00000 teacher=0.0000 teacher_w=0.030
epoch=82 step=160/500 loss=1.1674 time=0.0226 stft=1.8840 cons=0.00000 teacher=0.0000 teacher_w=0.030
epoch=82 step=165/500 loss=1.1778 time=0.0226 stft=1.9009 cons=0.00000 teacher=0.0000 teacher_w=0.030
epoch=82 step=170/500 loss=1.1719 time=0.0230 stft=1.8897 cons=0.00000 teacher=0.0000 teacher_w=0.030
epoch=82 step=175/500 loss=1.1630 time=0.0229 stft=1.8751 cons=0.00000 teacher=0.0000 teacher_w=0.030
epoch=82 step=180/500 loss=1.1565 time=0.0230 stft=1.8642 cons=0.00000 teacher=0.0000 teacher_w=0.030
epoch=82 step=185/500 loss=1.1632 time=0.0228 stft=1.8757 cons=0.00000 teacher=0.0000 teacher_w=0.030
epoch=82 step=190/500 loss=1.1633 time=0.0229 stft=1.8755 cons=0.00000 teacher=0.0000 teacher_w=0.030
epoch=82 step=195/500 loss=1.1633 time=0.0228 stft=1.8755 cons=0.00000 teacher=0.0000 teacher_w=0.030
epoch=82 step=200/500 loss=1.1580 time=0.0226 stft=1.8670 cons=0.00000 teacher=0.0000 teacher_w=0.030
epoch=82 step=205/500 loss=1.1616 time=0.0224 stft=1.8738 cons=0.00000 teacher=0.0000 teacher_w=0.030
epoch=82 step=210/500 loss=1.1745 time=0.0223 stft=1.8956 cons=0.00000 teacher=0.0000 teacher_w=0.030
epoch=82 step=215/500 loss=1.1819 time=0.0223 stft=1.9083 cons=0.00000 teacher=0.0000 teacher_w=0.030
epoch=82 step=220/500 loss=1.1751 time=0.0224 stft=1.8967 cons=0.00000 teacher=0.0000 teacher_w=0.030
epoch=82 step=225/500 loss=1.1714 time=0.0224 stft=1.8908 cons=0.00000 teacher=0.0000 teacher_w=0.030
epoch=82 step=230/500 loss=1.1693 time=0.0223 stft=1.8875 cons=0.00000 teacher=0.0000 teacher_w=0.030
epoch=82 step=235/500 loss=1.1662 time=0.0224 stft=1.8822 cons=0.00000 teacher=0.0000 teacher_w=0.030
epoch=82 step=240/500 loss=1.1653 time=0.0223 stft=1.8806 cons=0.00000 teacher=0.0000 teacher_w=0.030
epoch=82 step=245/500 loss=1.1608 time=0.0222 stft=1.8734 cons=0.00000 teacher=0.0000 teacher_w=0.030
epoch=82 step=250/500 loss=1.1557 time=0.0222 stft=1.8650 cons=0.00000 teacher=0.0000 teacher_w=0.030
epoch=82 step=255/500 loss=1.1581 time=0.0224 stft=1.8685 cons=0.00000 teacher=0.0000 teacher_w=0.030
epoch=82 step=260/500 loss=1.1629 time=0.0224 stft=1.8764 cons=0.00000 teacher=0.0000 teacher_w=0.030
epoch=82 step=265/500 loss=1.1712 time=0.0223 stft=1.8907 cons=0.00000 teacher=0.0000 teacher_w=0.030
epoch=82 step=270/500 loss=1.1704 time=0.0224 stft=1.8892 cons=0.00000 teacher=0.0000 teacher_w=0.030
epoch=82 step=275/500 loss=1.1784 time=0.0225 stft=1.9020 cons=0.00000 teacher=0.0000 teacher_w=0.030
epoch=82 step=280/500 loss=1.1772 time=0.0226 stft=1.9002 cons=0.00000 teacher=0.0000 teacher_w=0.030
epoch=82 step=285/500 loss=1.1770 time=0.0226 stft=1.8998 cons=0.00000 teacher=0.0000 teacher_w=0.030
epoch=82 step=290/500 loss=1.1793 time=0.0225 stft=1.9036 cons=0.00000 teacher=0.0000 teacher_w=0.030
epoch=82 step=295/500 loss=1.1714 time=0.0225 stft=1.8905 cons=0.00000 teacher=0.0000 teacher_w=0.030
epoch=82 step=300/500 loss=1.1730 time=0.0226 stft=1.8928 cons=0.00000 teacher=0.0000 teacher_w=0.030
epoch=82 step=305/500 loss=1.1709 time=0.0227 stft=1.8892 cons=0.00000 teacher=0.0000 teacher_w=0.030
epoch=82 step=310/500 loss=1.1668 time=0.0227 stft=1.8825 cons=0.00000 teacher=0.0000 teacher_w=0.030
epoch=82 step=315/500 loss=1.1707 time=0.0225 stft=1.8892 cons=0.00000 teacher=0.0000 teacher_w=0.030
epoch=82 step=320/500 loss=1.1736 time=0.0224 stft=1.8943 cons=0.00000 teacher=0.0000 teacher_w=0.030
epoch=82 step=325/500 loss=1.1732 time=0.0224 stft=1.8936 cons=0.00000 teacher=0.0000 teacher_w=0.030
epoch=82 step=330/500 loss=1.1682 time=0.0224 stft=1.8853 cons=0.00000 teacher=0.0000 teacher_w=0.030
epoch=82 step=335/500 loss=1.1675 time=0.0223 stft=1.8843 cons=0.00000 teacher=0.0000 teacher_w=0.030
epoch=82 step=340/500 loss=1.1710 time=0.0223 stft=1.8901 cons=0.00000 teacher=0.0000 teacher_w=0.030
epoch=82 step=345/500 loss=1.1729 time=0.0225 stft=1.8930 cons=0.00000 teacher=0.0000 teacher_w=0.030
epoch=82 step=350/500 loss=1.1755 time=0.0225 stft=1.8969 cons=0.00000 teacher=0.0000 teacher_w=0.030
epoch=82 step=355/500 loss=1.1742 time=0.0226 stft=1.8946 cons=0.00000 teacher=0.0000 teacher_w=0.030
epoch=82 step=360/500 loss=1.1742 time=0.0225 stft=1.8951 cons=0.00000 teacher=0.0000 teacher_w=0.030
epoch=82 step=365/500 loss=1.1733 time=0.0225 stft=1.8935 cons=0.00000 teacher=0.0000 teacher_w=0.030
epoch=82 step=370/500 loss=1.1719 time=0.0225 stft=1.8910 cons=0.00000 teacher=0.0000 teacher_w=0.030
epoch=82 step=375/500 loss=1.1720 time=0.0226 stft=1.8910 cons=0.00000 teacher=0.0000 teacher_w=0.030
epoch=82 step=380/500 loss=1.1664 time=0.0226 stft=1.8816 cons=0.00000 teacher=0.0000 teacher_w=0.030
epoch=82 step=385/500 loss=1.1661 time=0.0227 stft=1.8806 cons=0.00000 teacher=0.0000 teacher_w=0.030
epoch=82 step=390/500 loss=1.1696 time=0.0227 stft=1.8866 cons=0.00000 teacher=0.0000 teacher_w=0.030
epoch=82 step=395/500 loss=1.1712 time=0.0227 stft=1.8890 cons=0.00000 teacher=0.0000 teacher_w=0.030
epoch=82 step=400/500 loss=1.1734 time=0.0226 stft=1.8930 cons=0.00000 teacher=0.0000 teacher_w=0.030
epoch=82 step=405/500 loss=1.1763 time=0.0227 stft=1.8977 cons=0.00000 teacher=0.0000 teacher_w=0.030
epoch=82 step=410/500 loss=1.1793 time=0.0226 stft=1.9030 cons=0.00000 teacher=0.0000 teacher_w=0.030
epoch=82 step=415/500 loss=1.1767 time=0.0227 stft=1.8985 cons=0.00000 teacher=0.0000 teacher_w=0.030
epoch=82 step=420/500 loss=1.1787 time=0.0227 stft=1.9018 cons=0.00000 teacher=0.0000 teacher_w=0.030
epoch=82 step=425/500 loss=1.1761 time=0.0226 stft=1.8974 cons=0.00000 teacher=0.0000 teacher_w=0.030
epoch=82 step=430/500 loss=1.1722 time=0.0227 stft=1.8906 cons=0.00000 teacher=0.0000 teacher_w=0.030
epoch=82 step=435/500 loss=1.1752 time=0.0228 stft=1.8955 cons=0.00000 teacher=0.0000 teacher_w=0.030
epoch=82 step=440/500 loss=1.1707 time=0.0229 stft=1.8876 cons=0.00000 teacher=0.0000 teacher_w=0.030
epoch=82 step=445/500 loss=1.1692 time=0.0228 stft=1.8852 cons=0.00000 teacher=0.0000 teacher_w=0.030
epoch=82 step=450/500 loss=1.1728 time=0.0229 stft=1.8910 cons=0.00000 teacher=0.0000 teacher_w=0.030
epoch=82 step=455/500 loss=1.1732 time=0.0229 stft=1.8917 cons=0.00000 teacher=0.0000 teacher_w=0.030
epoch=82 step=460/500 loss=1.1710 time=0.0229 stft=1.8881 cons=0.00000 teacher=0.0000 teacher_w=0.030
epoch=82 step=465/500 loss=1.1755 time=0.0228 stft=1.8958 cons=0.00000 teacher=0.0000 teacher_w=0.030
epoch=82 step=470/500 loss=1.1732 time=0.0230 stft=1.8916 cons=0.00000 teacher=0.0000 teacher_w=0.030
epoch=82 step=475/500 loss=1.1726 time=0.0230 stft=1.8906 cons=0.00000 teacher=0.0000 teacher_w=0.030
epoch=82 step=480/500 loss=1.1787 time=0.0229 stft=1.9008 cons=0.00000 teacher=0.0000 teacher_w=0.030
epoch=82 step=485/500 loss=1.1796 time=0.0228 stft=1.9026 cons=0.00000 teacher=0.0000 teacher_w=0.030
epoch=82 step=490/500 loss=1.1812 time=0.0227 stft=1.9055 cons=0.00000 teacher=0.0000 teacher_w=0.030
epoch=82 step=495/500 loss=1.1798 time=0.0228 stft=1.9029 cons=0.00000 teacher=0.0000 teacher_w=0.030
epoch=82 step=500/500 loss=1.1816 time=0.0228 stft=1.9059 cons=0.00000 teacher=0.0000 teacher_w=0.030
epoch=82 train_loss=1.1801 valid_loss=1.8311 valid_si_sdr=-19.13dB cons=0.000000 lr=4.33594e-05
epoch=83 step=1/500 loss=0.8430 time=0.0230 stft=1.3311 cons=0.00000 teacher=0.0000 teacher_w=0.030
epoch=83 step=5/500 loss=1.0923 time=0.0194 stft=1.7650 cons=0.00000 teacher=0.0000 teacher_w=0.030
epoch=83 step=10/500 loss=1.1031 time=0.0192 stft=1.7836 cons=0.00000 teacher=0.0000 teacher_w=0.030
epoch=83 step=15/500 loss=1.0714 time=0.0211 stft=1.7293 cons=0.00000 teacher=0.0000 teacher_w=0.030
epoch=83 step=20/500 loss=1.2362 time=0.0198 stft=2.0051 cons=0.00000 teacher=0.0000 teacher_w=0.030
epoch=83 step=25/500 loss=1.3950 time=0.0199 stft=2.2686 cons=0.00000 teacher=0.0000 teacher_w=0.030
epoch=83 step=30/500 loss=1.3388 time=0.0215 stft=2.1704 cons=0.00000 teacher=0.0000 teacher_w=0.030
epoch=83 step=35/500 loss=1.2894 time=0.0202 stft=2.0932 cons=0.00000 teacher=0.0000 teacher_w=0.030
epoch=83 step=40/500 loss=1.2841 time=0.0211 stft=2.0821 cons=0.00000 teacher=0.0000 teacher_w=0.030
epoch=83 step=45/500 loss=1.2618 time=0.0214 stft=2.0445 cons=0.00000 teacher=0.0000 teacher_w=0.030
epoch=83 step=50/500 loss=1.2773 time=0.0209 stft=2.0719 cons=0.00000 teacher=0.0000 teacher_w=0.030
epoch=83 step=55/500 loss=1.2823 time=0.0218 stft=2.0795 cons=0.00000 teacher=0.0000 teacher_w=0.030
epoch=83 step=60/500 loss=1.2709 time=0.0219 stft=2.0607 cons=0.00000 teacher=0.0000 teacher_w=0.030
epoch=83 step=65/500 loss=1.2638 time=0.0223 stft=2.0475 cons=0.00000 teacher=0.0000 teacher_w=0.030
epoch=83 step=70/500 loss=1.2628 time=0.0227 stft=2.0457 cons=0.00000 teacher=0.0000 teacher_w=0.030
epoch=83 step=75/500 loss=1.2784 time=0.0226 stft=2.0718 cons=0.00000 teacher=0.0000 teacher_w=0.030
epoch=83 step=80/500 loss=1.2899 time=0.0228 stft=2.0901 cons=0.00000 teacher=0.0000 teacher_w=0.030
epoch=83 step=85/500 loss=1.2825 time=0.0234 stft=2.0759 cons=0.00000 teacher=0.0000 teacher_w=0.030
epoch=83 step=90/500 loss=1.2822 time=0.0232 stft=2.0766 cons=0.00000 teacher=0.0000 teacher_w=0.030
epoch=83 step=95/500 loss=1.2686 time=0.0235 stft=2.0527 cons=0.00000 teacher=0.0000 teacher_w=0.030
epoch=83 step=100/500 loss=1.2620 time=0.0239 stft=2.0405 cons=0.00000 teacher=0.0000 teacher_w=0.030
epoch=83 step=105/500 loss=1.2496 time=0.0239 stft=2.0193 cons=0.00000 teacher=0.0000 teacher_w=0.030
epoch=83 step=110/500 loss=1.2546 time=0.0238 stft=2.0271 cons=0.00000 teacher=0.0000 teacher_w=0.030
epoch=83 step=115/500 loss=1.2577 time=0.0239 stft=2.0324 cons=0.00000 teacher=0.0000 teacher_w=0.030
epoch=83 step=120/500 loss=1.2504 time=0.0236 stft=2.0208 cons=0.00000 teacher=0.0000 teacher_w=0.030
epoch=83 step=125/500 loss=1.2458 time=0.0235 stft=2.0136 cons=0.00000 teacher=0.0000 teacher_w=0.030
epoch=83 step=130/500 loss=1.2450 time=0.0234 stft=2.0121 cons=0.00000 teacher=0.0000 teacher_w=0.030
epoch=83 step=135/500 loss=1.2348 time=0.0233 stft=1.9953 cons=0.00000 teacher=0.0000 teacher_w=0.030
epoch=83 step=140/500 loss=1.2392 time=0.0230 stft=2.0034 cons=0.00000 teacher=0.0000 teacher_w=0.030
epoch=83 step=145/500 loss=1.2301 time=0.0229 stft=1.9885 cons=0.00000 teacher=0.0000 teacher_w=0.030
epoch=83 step=150/500 loss=1.2356 time=0.0230 stft=1.9968 cons=0.00000 teacher=0.0000 teacher_w=0.030
epoch=83 step=155/500 loss=1.2318 time=0.0231 stft=1.9899 cons=0.00000 teacher=0.0000 teacher_w=0.030
epoch=83 step=160/500 loss=1.2267 time=0.0231 stft=1.9811 cons=0.00000 teacher=0.0000 teacher_w=0.030
epoch=83 step=165/500 loss=1.2229 time=0.0233 stft=1.9743 cons=0.00000 teacher=0.0000 teacher_w=0.030
epoch=83 step=170/500 loss=1.2132 time=0.0235 stft=1.9577 cons=0.00000 teacher=0.0000 teacher_w=0.030
epoch=83 step=175/500 loss=1.2124 time=0.0232 stft=1.9567 cons=0.00000 teacher=0.0000 teacher_w=0.030
epoch=83 step=180/500 loss=1.2036 time=0.0232 stft=1.9415 cons=0.00000 teacher=0.0000 teacher_w=0.030
epoch=83 step=185/500 loss=1.2035 time=0.0233 stft=1.9412 cons=0.00000 teacher=0.0000 teacher_w=0.030
epoch=83 step=190/500 loss=1.2060 time=0.0231 stft=1.9458 cons=0.00000 teacher=0.0000 teacher_w=0.030
epoch=83 step=195/500 loss=1.2127 time=0.0231 stft=1.9570 cons=0.00000 teacher=0.0000 teacher_w=0.030
epoch=83 step=200/500 loss=1.2061 time=0.0230 stft=1.9464 cons=0.00000 teacher=0.0000 teacher_w=0.030
epoch=83 step=205/500 loss=1.2114 time=0.0229 stft=1.9555 cons=0.00000 teacher=0.0000 teacher_w=0.030
epoch=83 step=210/500 loss=1.2119 time=0.0229 stft=1.9563 cons=0.00000 teacher=0.0000 teacher_w=0.030
epoch=83 step=215/500 loss=1.2036 time=0.0229 stft=1.9424 cons=0.00000 teacher=0.0000 teacher_w=0.030
epoch=83 step=220/500 loss=1.1981 time=0.0231 stft=1.9326 cons=0.00000 teacher=0.0000 teacher_w=0.030
epoch=83 step=225/500 loss=1.2105 time=0.0230 stft=1.9532 cons=0.00000 teacher=0.0000 teacher_w=0.030
epoch=83 step=230/500 loss=1.2093 time=0.0228 stft=1.9518 cons=0.00000 teacher=0.0000 teacher_w=0.030
epoch=83 step=235/500 loss=1.2249 time=0.0226 stft=1.9781 cons=0.00000 teacher=0.0000 teacher_w=0.030
epoch=83 step=240/500 loss=1.2252 time=0.0227 stft=1.9783 cons=0.00000 teacher=0.0000 teacher_w=0.030
epoch=83 step=245/500 loss=1.2284 time=0.0227 stft=1.9834 cons=0.00000 teacher=0.0000 teacher_w=0.030
epoch=83 step=250/500 loss=1.2209 time=0.0228 stft=1.9709 cons=0.00000 teacher=0.0000 teacher_w=0.030
epoch=83 step=255/500 loss=1.2220 time=0.0229 stft=1.9727 cons=0.00000 teacher=0.0000 teacher_w=0.030
epoch=83 step=260/500 loss=1.2182 time=0.0228 stft=1.9668 cons=0.00000 teacher=0.0000 teacher_w=0.030
epoch=83 step=265/500 loss=1.2250 time=0.0226 stft=1.9786 cons=0.00000 teacher=0.0000 teacher_w=0.030
epoch=83 step=270/500 loss=1.2236 time=0.0226 stft=1.9761 cons=0.00000 teacher=0.0000 teacher_w=0.030
epoch=83 step=275/500 loss=1.2249 time=0.0227 stft=1.9784 cons=0.00000 teacher=0.0000 teacher_w=0.030
epoch=83 step=280/500 loss=1.2237 time=0.0229 stft=1.9758 cons=0.00000 teacher=0.0000 teacher_w=0.030
epoch=83 step=285/500 loss=1.2239 time=0.0230 stft=1.9759 cons=0.00000 teacher=0.0000 teacher_w=0.030
epoch=83 step=290/500 loss=1.2190 time=0.0230 stft=1.9679 cons=0.00000 teacher=0.0000 teacher_w=0.030
epoch=83 step=295/500 loss=1.2187 time=0.0230 stft=1.9671 cons=0.00000 teacher=0.0000 teacher_w=0.030
epoch=83 step=300/500 loss=1.2203 time=0.0230 stft=1.9699 cons=0.00000 teacher=0.0000 teacher_w=0.030
epoch=83 step=305/500 loss=1.2164 time=0.0229 stft=1.9637 cons=0.00000 teacher=0.0000 teacher_w=0.030
epoch=83 step=310/500 loss=1.2154 time=0.0228 stft=1.9623 cons=0.00000 teacher=0.0000 teacher_w=0.030
epoch=83 step=315/500 loss=1.2159 time=0.0229 stft=1.9627 cons=0.00000 teacher=0.0000 teacher_w=0.030
epoch=83 step=320/500 loss=1.2175 time=0.0227 stft=1.9657 cons=0.00000 teacher=0.0000 teacher_w=0.030
epoch=83 step=325/500 loss=1.2192 time=0.0228 stft=1.9687 cons=0.00000 teacher=0.0000 teacher_w=0.030
epoch=83 step=330/500 loss=1.2191 time=0.0227 stft=1.9686 cons=0.00000 teacher=0.0000 teacher_w=0.030
epoch=83 step=335/500 loss=1.2140 time=0.0228 stft=1.9597 cons=0.00000 teacher=0.0000 teacher_w=0.030
epoch=83 step=340/500 loss=1.2149 time=0.0228 stft=1.9613 cons=0.00000 teacher=0.0000 teacher_w=0.030
epoch=83 step=345/500 loss=1.2196 time=0.0228 stft=1.9691 cons=0.00000 teacher=0.0000 teacher_w=0.030
epoch=83 step=350/500 loss=1.2196 time=0.0230 stft=1.9683 cons=0.00000 teacher=0.0000 teacher_w=0.030
epoch=83 step=355/500 loss=1.2249 time=0.0230 stft=1.9774 cons=0.00000 teacher=0.0000 teacher_w=0.030
epoch=83 step=360/500 loss=1.2186 time=0.0230 stft=1.9668 cons=0.00000 teacher=0.0000 teacher_w=0.030
epoch=83 step=365/500 loss=1.2214 time=0.0229 stft=1.9716 cons=0.00000 teacher=0.0000 teacher_w=0.030
epoch=83 step=370/500 loss=1.2152 time=0.0229 stft=1.9612 cons=0.00000 teacher=0.0000 teacher_w=0.030
epoch=83 step=375/500 loss=1.2146 time=0.0230 stft=1.9598 cons=0.00000 teacher=0.0000 teacher_w=0.030
epoch=83 step=380/500 loss=1.2183 time=0.0231 stft=1.9658 cons=0.00000 teacher=0.0000 teacher_w=0.030
epoch=83 step=385/500 loss=1.2150 time=0.0230 stft=1.9606 cons=0.00000 teacher=0.0000 teacher_w=0.030
epoch=83 step=390/500 loss=1.2144 time=0.0231 stft=1.9592 cons=0.00000 teacher=0.0000 teacher_w=0.030
epoch=83 step=395/500 loss=1.2171 time=0.0230 stft=1.9641 cons=0.00000 teacher=0.0000 teacher_w=0.030
epoch=83 step=400/500 loss=1.2150 time=0.0229 stft=1.9609 cons=0.00000 teacher=0.0000 teacher_w=0.030
epoch=83 step=405/500 loss=1.2160 time=0.0229 stft=1.9625 cons=0.00000 teacher=0.0000 teacher_w=0.030
epoch=83 step=410/500 loss=1.2183 time=0.0229 stft=1.9664 cons=0.00000 teacher=0.0000 teacher_w=0.030
epoch=83 step=415/500 loss=1.2199 time=0.0228 stft=1.9692 cons=0.00000 teacher=0.0000 teacher_w=0.030
epoch=83 step=420/500 loss=1.2180 time=0.0227 stft=1.9662 cons=0.00000 teacher=0.0000 teacher_w=0.030
epoch=83 step=425/500 loss=1.2159 time=0.0227 stft=1.9627 cons=0.00000 teacher=0.0000 teacher_w=0.030
epoch=83 step=430/500 loss=1.2178 time=0.0227 stft=1.9660 cons=0.00000 teacher=0.0000 teacher_w=0.030
epoch=83 step=435/500 loss=1.2189 time=0.0227 stft=1.9680 cons=0.00000 teacher=0.0000 teacher_w=0.030
epoch=83 step=440/500 loss=1.2166 time=0.0227 stft=1.9642 cons=0.00000 teacher=0.0000 teacher_w=0.030
epoch=83 step=445/500 loss=1.2156 time=0.0226 stft=1.9626 cons=0.00000 teacher=0.0000 teacher_w=0.030
epoch=83 step=450/500 loss=1.2142 time=0.0226 stft=1.9602 cons=0.00000 teacher=0.0000 teacher_w=0.030
epoch=83 step=455/500 loss=1.2112 time=0.0226 stft=1.9553 cons=0.00000 teacher=0.0000 teacher_w=0.030
epoch=83 step=460/500 loss=1.2113 time=0.0227 stft=1.9552 cons=0.00000 teacher=0.0000 teacher_w=0.030
epoch=83 step=465/500 loss=1.2094 time=0.0228 stft=1.9521 cons=0.00000 teacher=0.0000 teacher_w=0.030
epoch=83 step=470/500 loss=1.2081 time=0.0228 stft=1.9498 cons=0.00000 teacher=0.0000 teacher_w=0.030
epoch=83 step=475/500 loss=1.2066 time=0.0229 stft=1.9471 cons=0.00000 teacher=0.0000 teacher_w=0.030
epoch=83 step=480/500 loss=1.2035 time=0.0228 stft=1.9422 cons=0.00000 teacher=0.0000 teacher_w=0.030
epoch=83 step=485/500 loss=1.2069 time=0.0228 stft=1.9480 cons=0.00000 teacher=0.0000 teacher_w=0.030
epoch=83 step=490/500 loss=1.2085 time=0.0227 stft=1.9508 cons=0.00000 teacher=0.0000 teacher_w=0.030
epoch=83 step=495/500 loss=1.2089 time=0.0227 stft=1.9516 cons=0.00000 teacher=0.0000 teacher_w=0.030
epoch=83 step=500/500 loss=1.2063 time=0.0226 stft=1.9476 cons=0.00000 teacher=0.0000 teacher_w=0.030
epoch=83 train_loss=1.1955 valid_loss=1.8248 valid_si_sdr=-19.01dB cons=0.000000 lr=4.12215e-05
epoch=84 step=1/500 loss=0.9815 time=0.0122 stft=1.5964 cons=0.00000 teacher=0.0000 teacher_w=0.030
epoch=84 step=5/500 loss=0.8651 time=0.0196 stft=1.3893 cons=0.00000 teacher=0.0000 teacher_w=0.030
epoch=84 step=10/500 loss=0.9221 time=0.0161 stft=1.4936 cons=0.00000 teacher=0.0000 teacher_w=0.030
epoch=84 step=15/500 loss=0.9162 time=0.0195 stft=1.4753 cons=0.00000 teacher=0.0000 teacher_w=0.030
epoch=84 step=20/500 loss=1.0969 time=0.0197 stft=1.7728 cons=0.00000 teacher=0.0000 teacher_w=0.030
epoch=84 step=25/500 loss=1.0784 time=0.0191 stft=1.7440 cons=0.00000 teacher=0.0000 teacher_w=0.030
epoch=84 step=30/500 loss=1.1398 time=0.0194 stft=1.8463 cons=0.00000 teacher=0.0000 teacher_w=0.030
epoch=84 step=35/500 loss=1.1540 time=0.0204 stft=1.8648 cons=0.00000 teacher=0.0000 teacher_w=0.030
epoch=84 step=40/500 loss=1.1548 time=0.0205 stft=1.8658 cons=0.00000 teacher=0.0000 teacher_w=0.030
epoch=84 step=45/500 loss=1.1633 time=0.0201 stft=1.8811 cons=0.00000 teacher=0.0000 teacher_w=0.030
epoch=84 step=50/500 loss=1.2038 time=0.0197 stft=1.9496 cons=0.00000 teacher=0.0000 teacher_w=0.030
epoch=84 step=55/500 loss=1.1855 time=0.0203 stft=1.9177 cons=0.00000 teacher=0.0000 teacher_w=0.030
epoch=84 step=60/500 loss=1.1955 time=0.0207 stft=1.9340 cons=0.00000 teacher=0.0000 teacher_w=0.030
epoch=84 step=65/500 loss=1.2101 time=0.0214 stft=1.9565 cons=0.00000 teacher=0.0000 teacher_w=0.030
epoch=84 step=70/500 loss=1.1911 time=0.0219 stft=1.9248 cons=0.00000 teacher=0.0000 teacher_w=0.030
epoch=84 step=75/500 loss=1.1862 time=0.0224 stft=1.9140 cons=0.00000 teacher=0.0000 teacher_w=0.030
epoch=84 step=80/500 loss=1.1710 time=0.0227 stft=1.8883 cons=0.00000 teacher=0.0000 teacher_w=0.030
epoch=84 step=85/500 loss=1.1643 time=0.0227 stft=1.8772 cons=0.00000 teacher=0.0000 teacher_w=0.030
epoch=84 step=90/500 loss=1.1996 time=0.0223 stft=1.9369 cons=0.00000 teacher=0.0000 teacher_w=0.030
epoch=84 step=95/500 loss=1.1905 time=0.0222 stft=1.9221 cons=0.00000 teacher=0.0000 teacher_w=0.030
epoch=84 step=100/500 loss=1.1943 time=0.0224 stft=1.9272 cons=0.00000 teacher=0.0000 teacher_w=0.030
epoch=84 step=105/500 loss=1.1936 time=0.0222 stft=1.9268 cons=0.00000 teacher=0.0000 teacher_w=0.030
epoch=84 step=110/500 loss=1.1782 time=0.0220 stft=1.9019 cons=0.00000 teacher=0.0000 teacher_w=0.030
epoch=84 step=115/500 loss=1.1669 time=0.0224 stft=1.8814 cons=0.00000 teacher=0.0000 teacher_w=0.030
epoch=84 step=120/500 loss=1.1760 time=0.0224 stft=1.8966 cons=0.00000 teacher=0.0000 teacher_w=0.030
epoch=84 step=125/500 loss=1.1710 time=0.0221 stft=1.8890 cons=0.00000 teacher=0.0000 teacher_w=0.030
epoch=84 step=130/500 loss=1.1598 time=0.0220 stft=1.8707 cons=0.00000 teacher=0.0000 teacher_w=0.030
epoch=84 step=135/500 loss=1.1582 time=0.0220 stft=1.8680 cons=0.00000 teacher=0.0000 teacher_w=0.030
epoch=84 step=140/500 loss=1.1648 time=0.0219 stft=1.8794 cons=0.00000 teacher=0.0000 teacher_w=0.030
epoch=84 step=145/500 loss=1.1631 time=0.0218 stft=1.8767 cons=0.00000 teacher=0.0000 teacher_w=0.030
epoch=84 step=150/500 loss=1.1496 time=0.0218 stft=1.8542 cons=0.00000 teacher=0.0000 teacher_w=0.030
epoch=84 step=155/500 loss=1.1575 time=0.0219 stft=1.8669 cons=0.00000 teacher=0.0000 teacher_w=0.030
epoch=84 step=160/500 loss=1.1586 time=0.0220 stft=1.8685 cons=0.00000 teacher=0.0000 teacher_w=0.030
epoch=84 step=165/500 loss=1.1481 time=0.0221 stft=1.8508 cons=0.00000 teacher=0.0000 teacher_w=0.030
epoch=84 step=170/500 loss=1.1585 time=0.0223 stft=1.8674 cons=0.00000 teacher=0.0000 teacher_w=0.030
epoch=84 step=175/500 loss=1.1515 time=0.0221 stft=1.8558 cons=0.00000 teacher=0.0000 teacher_w=0.030
epoch=84 step=180/500 loss=1.1477 time=0.0220 stft=1.8499 cons=0.00000 teacher=0.0000 teacher_w=0.030
epoch=84 step=185/500 loss=1.1666 time=0.0219 stft=1.8816 cons=0.00000 teacher=0.0000 teacher_w=0.030
epoch=84 step=190/500 loss=1.1593 time=0.0217 stft=1.8699 cons=0.00000 teacher=0.0000 teacher_w=0.030
epoch=84 step=195/500 loss=1.1620 time=0.0218 stft=1.8741 cons=0.00000 teacher=0.0000 teacher_w=0.030
epoch=84 step=200/500 loss=1.1532 time=0.0218 stft=1.8594 cons=0.00000 teacher=0.0000 teacher_w=0.030
epoch=84 step=205/500 loss=1.1512 time=0.0217 stft=1.8562 cons=0.00000 teacher=0.0000 teacher_w=0.030
epoch=84 step=210/500 loss=1.1520 time=0.0219 stft=1.8569 cons=0.00000 teacher=0.0000 teacher_w=0.030
epoch=84 step=215/500 loss=1.1587 time=0.0219 stft=1.8682 cons=0.00000 teacher=0.0000 teacher_w=0.030
epoch=84 step=220/500 loss=1.1631 time=0.0217 stft=1.8758 cons=0.00000 teacher=0.0000 teacher_w=0.030
epoch=84 step=225/500 loss=1.1596 time=0.0217 stft=1.8705 cons=0.00000 teacher=0.0000 teacher_w=0.030
epoch=84 step=230/500 loss=1.1576 time=0.0218 stft=1.8669 cons=0.00000 teacher=0.0000 teacher_w=0.030
epoch=84 step=235/500 loss=1.1550 time=0.0217 stft=1.8628 cons=0.00000 teacher=0.0000 teacher_w=0.030
epoch=84 step=240/500 loss=1.1533 time=0.0217 stft=1.8601 cons=0.00000 teacher=0.0000 teacher_w=0.030
epoch=84 step=245/500 loss=1.1524 time=0.0219 stft=1.8579 cons=0.00000 teacher=0.0000 teacher_w=0.030
epoch=84 step=250/500 loss=1.1601 time=0.0219 stft=1.8706 cons=0.00000 teacher=0.0000 teacher_w=0.030
epoch=84 step=255/500 loss=1.1595 time=0.0219 stft=1.8697 cons=0.00000 teacher=0.0000 teacher_w=0.030
epoch=84 step=260/500 loss=1.1609 time=0.0219 stft=1.8720 cons=0.00000 teacher=0.0000 teacher_w=0.030
epoch=84 step=265/500 loss=1.1592 time=0.0218 stft=1.8693 cons=0.00000 teacher=0.0000 teacher_w=0.030
epoch=84 step=270/500 loss=1.1563 time=0.0218 stft=1.8646 cons=0.00000 teacher=0.0000 teacher_w=0.030
epoch=84 step=275/500 loss=1.1520 time=0.0219 stft=1.8572 cons=0.00000 teacher=0.0000 teacher_w=0.030
epoch=84 step=280/500 loss=1.1564 time=0.0218 stft=1.8647 cons=0.00000 teacher=0.0000 teacher_w=0.030
epoch=84 step=285/500 loss=1.1559 time=0.0217 stft=1.8644 cons=0.00000 teacher=0.0000 teacher_w=0.030
epoch=84 step=290/500 loss=1.1552 time=0.0216 stft=1.8634 cons=0.00000 teacher=0.0000 teacher_w=0.030
epoch=84 step=295/500 loss=1.1545 time=0.0218 stft=1.8617 cons=0.00000 teacher=0.0000 teacher_w=0.030
epoch=84 step=300/500 loss=1.1596 time=0.0218 stft=1.8700 cons=0.00000 teacher=0.0000 teacher_w=0.030
epoch=84 step=305/500 loss=1.1656 time=0.0218 stft=1.8800 cons=0.00000 teacher=0.0000 teacher_w=0.030
epoch=84 step=310/500 loss=1.1662 time=0.0218 stft=1.8812 cons=0.00000 teacher=0.0000 teacher_w=0.030
epoch=84 step=315/500 loss=1.1747 time=0.0217 stft=1.8958 cons=0.00000 teacher=0.0000 teacher_w=0.030
epoch=84 step=320/500 loss=1.1762 time=0.0219 stft=1.8978 cons=0.00000 teacher=0.0000 teacher_w=0.030
epoch=84 step=325/500 loss=1.1782 time=0.0218 stft=1.9015 cons=0.00000 teacher=0.0000 teacher_w=0.030
epoch=84 step=330/500 loss=1.1735 time=0.0219 stft=1.8936 cons=0.00000 teacher=0.0000 teacher_w=0.030
epoch=84 step=335/500 loss=1.1739 time=0.0219 stft=1.8941 cons=0.00000 teacher=0.0000 teacher_w=0.030
epoch=84 step=340/500 loss=1.1741 time=0.0220 stft=1.8942 cons=0.00000 teacher=0.0000 teacher_w=0.030
epoch=84 step=345/500 loss=1.1704 time=0.0220 stft=1.8878 cons=0.00000 teacher=0.0000 teacher_w=0.030
epoch=84 step=350/500 loss=1.1715 time=0.0219 stft=1.8899 cons=0.00000 teacher=0.0000 teacher_w=0.030
epoch=84 step=355/500 loss=1.1689 time=0.0220 stft=1.8854 cons=0.00000 teacher=0.0000 teacher_w=0.030
epoch=84 step=360/500 loss=1.1648 time=0.0222 stft=1.8779 cons=0.00000 teacher=0.0000 teacher_w=0.030
epoch=84 step=365/500 loss=1.1586 time=0.0223 stft=1.8675 cons=0.00000 teacher=0.0000 teacher_w=0.030
epoch=84 step=370/500 loss=1.1551 time=0.0223 stft=1.8617 cons=0.00000 teacher=0.0000 teacher_w=0.030
epoch=84 step=375/500 loss=1.1560 time=0.0223 stft=1.8631 cons=0.00000 teacher=0.0000 teacher_w=0.030
epoch=84 step=380/500 loss=1.1558 time=0.0222 stft=1.8632 cons=0.00000 teacher=0.0000 teacher_w=0.030
epoch=84 step=385/500 loss=1.1546 time=0.0221 stft=1.8614 cons=0.00000 teacher=0.0000 teacher_w=0.030
epoch=84 step=390/500 loss=1.1619 time=0.0221 stft=1.8737 cons=0.00000 teacher=0.0000 teacher_w=0.030
epoch=84 step=395/500 loss=1.1617 time=0.0222 stft=1.8730 cons=0.00000 teacher=0.0000 teacher_w=0.030
epoch=84 step=400/500 loss=1.1618 time=0.0222 stft=1.8729 cons=0.00000 teacher=0.0000 teacher_w=0.030
epoch=84 step=405/500 loss=1.1591 time=0.0223 stft=1.8682 cons=0.00000 teacher=0.0000 teacher_w=0.030
epoch=84 step=410/500 loss=1.1598 time=0.0224 stft=1.8693 cons=0.00000 teacher=0.0000 teacher_w=0.030
epoch=84 step=415/500 loss=1.1590 time=0.0225 stft=1.8675 cons=0.00000 teacher=0.0000 teacher_w=0.030
epoch=84 step=420/500 loss=1.1590 time=0.0225 stft=1.8676 cons=0.00000 teacher=0.0000 teacher_w=0.030
epoch=84 step=425/500 loss=1.1553 time=0.0225 stft=1.8615 cons=0.00000 teacher=0.0000 teacher_w=0.030
epoch=84 step=430/500 loss=1.1624 time=0.0223 stft=1.8738 cons=0.00000 teacher=0.0000 teacher_w=0.030
epoch=84 step=435/500 loss=1.1652 time=0.0223 stft=1.8786 cons=0.00000 teacher=0.0000 teacher_w=0.030
epoch=84 step=440/500 loss=1.1621 time=0.0222 stft=1.8736 cons=0.00000 teacher=0.0000 teacher_w=0.030
epoch=84 step=445/500 loss=1.1602 time=0.0222 stft=1.8705 cons=0.00000 teacher=0.0000 teacher_w=0.030
epoch=84 step=450/500 loss=1.1589 time=0.0222 stft=1.8685 cons=0.00000 teacher=0.0000 teacher_w=0.030
epoch=84 step=455/500 loss=1.1575 time=0.0222 stft=1.8662 cons=0.00000 teacher=0.0000 teacher_w=0.030
epoch=84 step=460/500 loss=1.1577 time=0.0222 stft=1.8666 cons=0.00000 teacher=0.0000 teacher_w=0.030
epoch=84 step=465/500 loss=1.1602 time=0.0222 stft=1.8709 cons=0.00000 teacher=0.0000 teacher_w=0.030
epoch=84 step=470/500 loss=1.1641 time=0.0221 stft=1.8777 cons=0.00000 teacher=0.0000 teacher_w=0.030
epoch=84 step=475/500 loss=1.1644 time=0.0221 stft=1.8782 cons=0.00000 teacher=0.0000 teacher_w=0.030
epoch=84 step=480/500 loss=1.1634 time=0.0221 stft=1.8764 cons=0.00000 teacher=0.0000 teacher_w=0.030
epoch=84 step=485/500 loss=1.1592 time=0.0221 stft=1.8696 cons=0.00000 teacher=0.0000 teacher_w=0.030
epoch=84 step=490/500 loss=1.1620 time=0.0221 stft=1.8743 cons=0.00000 teacher=0.0000 teacher_w=0.030
epoch=84 step=495/500 loss=1.1592 time=0.0222 stft=1.8692 cons=0.00000 teacher=0.0000 teacher_w=0.030
epoch=84 step=500/500 loss=1.1616 time=0.0222 stft=1.8734 cons=0.00000 teacher=0.0000 teacher_w=0.030
epoch=84 train_loss=1.1647 valid_loss=1.8192 valid_si_sdr=-18.90dB cons=0.000000 lr=3.91239e-05
epoch=85 step=1/500 loss=0.8822 time=0.0179 stft=1.4000 cons=0.00000 teacher=0.0000 teacher_w=0.030
epoch=85 step=5/500 loss=1.1579 time=0.0228 stft=1.8633 cons=0.00000 teacher=0.0000 teacher_w=0.030
epoch=85 step=10/500 loss=1.4447 time=0.0188 stft=2.3542 cons=0.00000 teacher=0.0000 teacher_w=0.030
epoch=85 step=15/500 loss=1.2713 time=0.0204 stft=2.0617 cons=0.00000 teacher=0.0000 teacher_w=0.030
epoch=85 step=20/500 loss=1.1821 time=0.0212 stft=1.9109 cons=0.00000 teacher=0.0000 teacher_w=0.030
epoch=85 step=25/500 loss=1.1235 time=0.0228 stft=1.8111 cons=0.00000 teacher=0.0000 teacher_w=0.030
epoch=85 step=30/500 loss=1.1506 time=0.0221 stft=1.8584 cons=0.00000 teacher=0.0000 teacher_w=0.030
epoch=85 step=35/500 loss=1.1428 time=0.0214 stft=1.8455 cons=0.00000 teacher=0.0000 teacher_w=0.030
epoch=85 step=40/500 loss=1.1633 time=0.0216 stft=1.8787 cons=0.00000 teacher=0.0000 teacher_w=0.030
epoch=85 step=45/500 loss=1.1674 time=0.0228 stft=1.8837 cons=0.00000 teacher=0.0000 teacher_w=0.030
epoch=85 step=50/500 loss=1.1382 time=0.0223 stft=1.8367 cons=0.00000 teacher=0.0000 teacher_w=0.030
epoch=85 step=55/500 loss=1.1774 time=0.0212 stft=1.9045 cons=0.00000 teacher=0.0000 teacher_w=0.030
epoch=85 step=60/500 loss=1.1701 time=0.0215 stft=1.8903 cons=0.00000 teacher=0.0000 teacher_w=0.030
epoch=85 step=65/500 loss=1.1734 time=0.0220 stft=1.8935 cons=0.00000 teacher=0.0000 teacher_w=0.030
epoch=85 step=70/500 loss=1.1742 time=0.0216 stft=1.8962 cons=0.00000 teacher=0.0000 teacher_w=0.030
epoch=85 step=75/500 loss=1.1461 time=0.0212 stft=1.8507 cons=0.00000 teacher=0.0000 teacher_w=0.030
epoch=85 step=80/500 loss=1.1416 time=0.0221 stft=1.8408 cons=0.00000 teacher=0.0000 teacher_w=0.030
epoch=85 step=85/500 loss=1.1554 time=0.0218 stft=1.8650 cons=0.00000 teacher=0.0000 teacher_w=0.030
epoch=85 step=90/500 loss=1.1559 time=0.0220 stft=1.8650 cons=0.00000 teacher=0.0000 teacher_w=0.030
epoch=85 step=95/500 loss=1.1807 time=0.0217 stft=1.9069 cons=0.00000 teacher=0.0000 teacher_w=0.030
epoch=85 step=100/500 loss=1.1767 time=0.0219 stft=1.8985 cons=0.00000 teacher=0.0000 teacher_w=0.030
epoch=85 step=105/500 loss=1.2004 time=0.0218 stft=1.9382 cons=0.00000 teacher=0.0000 teacher_w=0.030
epoch=85 step=110/500 loss=1.1943 time=0.0217 stft=1.9281 cons=0.00000 teacher=0.0000 teacher_w=0.030
epoch=85 step=115/500 loss=1.1871 time=0.0217 stft=1.9167 cons=0.00000 teacher=0.0000 teacher_w=0.030
epoch=85 step=120/500 loss=1.1908 time=0.0214 stft=1.9237 cons=0.00000 teacher=0.0000 teacher_w=0.030
epoch=85 step=125/500 loss=1.1921 time=0.0212 stft=1.9269 cons=0.00000 teacher=0.0000 teacher_w=0.030
epoch=85 step=130/500 loss=1.1963 time=0.0212 stft=1.9337 cons=0.00000 teacher=0.0000 teacher_w=0.030
epoch=85 step=135/500 loss=1.1865 time=0.0213 stft=1.9171 cons=0.00000 teacher=0.0000 teacher_w=0.030
epoch=85 step=140/500 loss=1.1816 time=0.0214 stft=1.9089 cons=0.00000 teacher=0.0000 teacher_w=0.030
epoch=85 step=145/500 loss=1.1855 time=0.0212 stft=1.9160 cons=0.00000 teacher=0.0000 teacher_w=0.030
epoch=85 step=150/500 loss=1.1860 time=0.0216 stft=1.9164 cons=0.00000 teacher=0.0000 teacher_w=0.030
epoch=85 step=155/500 loss=1.1849 time=0.0220 stft=1.9135 cons=0.00000 teacher=0.0000 teacher_w=0.030
epoch=85 step=160/500 loss=1.1914 time=0.0220 stft=1.9247 cons=0.00000 teacher=0.0000 teacher_w=0.030
epoch=85 step=165/500 loss=1.1801 time=0.0219 stft=1.9057 cons=0.00000 teacher=0.0000 teacher_w=0.030
epoch=85 step=170/500 loss=1.1763 time=0.0219 stft=1.8994 cons=0.00000 teacher=0.0000 teacher_w=0.030
epoch=85 step=175/500 loss=1.1761 time=0.0223 stft=1.8978 cons=0.00000 teacher=0.0000 teacher_w=0.030
epoch=85 step=180/500 loss=1.1769 time=0.0221 stft=1.8994 cons=0.00000 teacher=0.0000 teacher_w=0.030
epoch=85 step=185/500 loss=1.1785 time=0.0218 stft=1.9026 cons=0.00000 teacher=0.0000 teacher_w=0.030
epoch=85 step=190/500 loss=1.1788 time=0.0219 stft=1.9031 cons=0.00000 teacher=0.0000 teacher_w=0.030
epoch=85 step=195/500 loss=1.1878 time=0.0217 stft=1.9185 cons=0.00000 teacher=0.0000 teacher_w=0.030
epoch=85 step=200/500 loss=1.1915 time=0.0217 stft=1.9246 cons=0.00000 teacher=0.0000 teacher_w=0.030
epoch=85 step=205/500 loss=1.1834 time=0.0216 stft=1.9114 cons=0.00000 teacher=0.0000 teacher_w=0.030
epoch=85 step=210/500 loss=1.1836 time=0.0217 stft=1.9113 cons=0.00000 teacher=0.0000 teacher_w=0.030
epoch=85 step=215/500 loss=1.1769 time=0.0220 stft=1.8990 cons=0.00000 teacher=0.0000 teacher_w=0.030
epoch=85 step=220/500 loss=1.1802 time=0.0220 stft=1.9048 cons=0.00000 teacher=0.0000 teacher_w=0.030
epoch=85 step=225/500 loss=1.1783 time=0.0219 stft=1.9018 cons=0.00000 teacher=0.0000 teacher_w=0.030
epoch=85 step=230/500 loss=1.1750 time=0.0220 stft=1.8964 cons=0.00000 teacher=0.0000 teacher_w=0.030
epoch=85 step=235/500 loss=1.1802 time=0.0218 stft=1.9055 cons=0.00000 teacher=0.0000 teacher_w=0.030
epoch=85 step=240/500 loss=1.1806 time=0.0218 stft=1.9063 cons=0.00000 teacher=0.0000 teacher_w=0.030
epoch=85 step=245/500 loss=1.1852 time=0.0218 stft=1.9136 cons=0.00000 teacher=0.0000 teacher_w=0.030
epoch=85 step=250/500 loss=1.1826 time=0.0220 stft=1.9089 cons=0.00000 teacher=0.0000 teacher_w=0.030
epoch=85 step=255/500 loss=1.1797 time=0.0220 stft=1.9041 cons=0.00000 teacher=0.0000 teacher_w=0.030
epoch=85 step=260/500 loss=1.1765 time=0.0219 stft=1.8988 cons=0.00000 teacher=0.0000 teacher_w=0.030
epoch=85 step=265/500 loss=1.1781 time=0.0219 stft=1.9017 cons=0.00000 teacher=0.0000 teacher_w=0.030
epoch=85 step=270/500 loss=1.1738 time=0.0219 stft=1.8945 cons=0.00000 teacher=0.0000 teacher_w=0.030
epoch=85 step=275/500 loss=1.1697 time=0.0218 stft=1.8879 cons=0.00000 teacher=0.0000 teacher_w=0.030
epoch=85 step=280/500 loss=1.1679 time=0.0219 stft=1.8849 cons=0.00000 teacher=0.0000 teacher_w=0.030
epoch=85 step=285/500 loss=1.1702 time=0.0220 stft=1.8887 cons=0.00000 teacher=0.0000 teacher_w=0.030
epoch=85 step=290/500 loss=1.1643 time=0.0219 stft=1.8787 cons=0.00000 teacher=0.0000 teacher_w=0.030
epoch=85 step=295/500 loss=1.1677 time=0.0219 stft=1.8844 cons=0.00000 teacher=0.0000 teacher_w=0.030
epoch=85 step=300/500 loss=1.1609 time=0.0219 stft=1.8730 cons=0.00000 teacher=0.0000 teacher_w=0.030
epoch=85 step=305/500 loss=1.1547 time=0.0221 stft=1.8624 cons=0.00000 teacher=0.0000 teacher_w=0.030
epoch=85 step=310/500 loss=1.1531 time=0.0220 stft=1.8597 cons=0.00000 teacher=0.0000 teacher_w=0.030
epoch=85 step=315/500 loss=1.1578 time=0.0220 stft=1.8676 cons=0.00000 teacher=0.0000 teacher_w=0.030
epoch=85 step=320/500 loss=1.1586 time=0.0219 stft=1.8691 cons=0.00000 teacher=0.0000 teacher_w=0.030
epoch=85 step=325/500 loss=1.1542 time=0.0219 stft=1.8620 cons=0.00000 teacher=0.0000 teacher_w=0.030
epoch=85 step=330/500 loss=1.1606 time=0.0219 stft=1.8726 cons=0.00000 teacher=0.0000 teacher_w=0.030
epoch=85 step=335/500 loss=1.1691 time=0.0219 stft=1.8869 cons=0.00000 teacher=0.0000 teacher_w=0.030
epoch=85 step=340/500 loss=1.1698 time=0.0219 stft=1.8879 cons=0.00000 teacher=0.0000 teacher_w=0.030
epoch=85 step=345/500 loss=1.1721 time=0.0219 stft=1.8920 cons=0.00000 teacher=0.0000 teacher_w=0.030
epoch=85 step=350/500 loss=1.1699 time=0.0220 stft=1.8880 cons=0.00000 teacher=0.0000 teacher_w=0.030
epoch=85 step=355/500 loss=1.1716 time=0.0221 stft=1.8908 cons=0.00000 teacher=0.0000 teacher_w=0.030
epoch=85 step=360/500 loss=1.1741 time=0.0221 stft=1.8946 cons=0.00000 teacher=0.0000 teacher_w=0.030
epoch=85 step=365/500 loss=1.1734 time=0.0221 stft=1.8935 cons=0.00000 teacher=0.0000 teacher_w=0.030
epoch=85 step=370/500 loss=1.1743 time=0.0221 stft=1.8950 cons=0.00000 teacher=0.0000 teacher_w=0.030
epoch=85 step=375/500 loss=1.1741 time=0.0219 stft=1.8950 cons=0.00000 teacher=0.0000 teacher_w=0.030
epoch=85 step=380/500 loss=1.1732 time=0.0219 stft=1.8937 cons=0.00000 teacher=0.0000 teacher_w=0.030
epoch=85 step=385/500 loss=1.1721 time=0.0220 stft=1.8916 cons=0.00000 teacher=0.0000 teacher_w=0.030
epoch=85 step=390/500 loss=1.1678 time=0.0220 stft=1.8843 cons=0.00000 teacher=0.0000 teacher_w=0.030
epoch=85 step=395/500 loss=1.1675 time=0.0220 stft=1.8839 cons=0.00000 teacher=0.0000 teacher_w=0.030
epoch=85 step=400/500 loss=1.1659 time=0.0222 stft=1.8810 cons=0.00000 teacher=0.0000 teacher_w=0.030
epoch=85 step=405/500 loss=1.1650 time=0.0223 stft=1.8792 cons=0.00000 teacher=0.0000 teacher_w=0.030
epoch=85 step=410/500 loss=1.1638 time=0.0224 stft=1.8768 cons=0.00000 teacher=0.0000 teacher_w=0.030
epoch=85 step=415/500 loss=1.1682 time=0.0222 stft=1.8845 cons=0.00000 teacher=0.0000 teacher_w=0.030
epoch=85 step=420/500 loss=1.1681 time=0.0223 stft=1.8844 cons=0.00000 teacher=0.0000 teacher_w=0.030
epoch=85 step=425/500 loss=1.1661 time=0.0223 stft=1.8810 cons=0.00000 teacher=0.0000 teacher_w=0.030
epoch=85 step=430/500 loss=1.1638 time=0.0223 stft=1.8773 cons=0.00000 teacher=0.0000 teacher_w=0.030
epoch=85 step=435/500 loss=1.1601 time=0.0223 stft=1.8709 cons=0.00000 teacher=0.0000 teacher_w=0.030
epoch=85 step=440/500 loss=1.1618 time=0.0223 stft=1.8738 cons=0.00000 teacher=0.0000 teacher_w=0.030
epoch=85 step=445/500 loss=1.1604 time=0.0224 stft=1.8713 cons=0.00000 teacher=0.0000 teacher_w=0.030
epoch=85 step=450/500 loss=1.1577 time=0.0225 stft=1.8663 cons=0.00000 teacher=0.0000 teacher_w=0.030
epoch=85 step=455/500 loss=1.1610 time=0.0225 stft=1.8719 cons=0.00000 teacher=0.0000 teacher_w=0.030
epoch=85 step=460/500 loss=1.1616 time=0.0224 stft=1.8732 cons=0.00000 teacher=0.0000 teacher_w=0.030
epoch=85 step=465/500 loss=1.1635 time=0.0224 stft=1.8761 cons=0.00000 teacher=0.0000 teacher_w=0.030
epoch=85 step=470/500 loss=1.1646 time=0.0224 stft=1.8782 cons=0.00000 teacher=0.0000 teacher_w=0.030
epoch=85 step=475/500 loss=1.1630 time=0.0224 stft=1.8752 cons=0.00000 teacher=0.0000 teacher_w=0.030
epoch=85 step=480/500 loss=1.1649 time=0.0224 stft=1.8786 cons=0.00000 teacher=0.0000 teacher_w=0.030
epoch=85 step=485/500 loss=1.1626 time=0.0223 stft=1.8749 cons=0.00000 teacher=0.0000 teacher_w=0.030
epoch=85 step=490/500 loss=1.1659 time=0.0224 stft=1.8804 cons=0.00000 teacher=0.0000 teacher_w=0.030
epoch=85 step=495/500 loss=1.1700 time=0.0223 stft=1.8874 cons=0.00000 teacher=0.0000 teacher_w=0.030
epoch=85 step=500/500 loss=1.1674 time=0.0224 stft=1.8828 cons=0.00000 teacher=0.0000 teacher_w=0.030
epoch=85 train_loss=1.1727 valid_loss=1.8141 valid_si_sdr=-18.82dB cons=0.000000 lr=3.7068e-05
epoch=86 step=1/500 loss=1.1628 time=0.0396 stft=1.8129 cons=0.00000 teacher=0.0000 teacher_w=0.030
epoch=86 step=5/500 loss=0.9234 time=0.0265 stft=1.4669 cons=0.00000 teacher=0.0000 teacher_w=0.030
epoch=86 step=10/500 loss=1.1886 time=0.0259 stft=1.9083 cons=0.00000 teacher=0.0000 teacher_w=0.030
epoch=86 step=15/500 loss=1.0228 time=0.0252 stft=1.6370 cons=0.00000 teacher=0.0000 teacher_w=0.030
epoch=86 step=20/500 loss=1.1046 time=0.0219 stft=1.7824 cons=0.00000 teacher=0.0000 teacher_w=0.030
epoch=86 step=25/500 loss=1.1285 time=0.0228 stft=1.8229 cons=0.00000 teacher=0.0000 teacher_w=0.030
epoch=86 step=30/500 loss=1.1291 time=0.0226 stft=1.8233 cons=0.00000 teacher=0.0000 teacher_w=0.030
epoch=86 step=35/500 loss=1.1185 time=0.0225 stft=1.8052 cons=0.00000 teacher=0.0000 teacher_w=0.030
epoch=86 step=40/500 loss=1.1165 time=0.0238 stft=1.7985 cons=0.00000 teacher=0.0000 teacher_w=0.030
epoch=86 step=45/500 loss=1.1279 time=0.0238 stft=1.8167 cons=0.00000 teacher=0.0000 teacher_w=0.030
epoch=86 step=50/500 loss=1.0898 time=0.0236 stft=1.7532 cons=0.00000 teacher=0.0000 teacher_w=0.030
epoch=86 step=55/500 loss=1.1075 time=0.0233 stft=1.7837 cons=0.00000 teacher=0.0000 teacher_w=0.030
epoch=86 step=60/500 loss=1.0988 time=0.0231 stft=1.7686 cons=0.00000 teacher=0.0000 teacher_w=0.030
epoch=86 step=65/500 loss=1.1145 time=0.0228 stft=1.7948 cons=0.00000 teacher=0.0000 teacher_w=0.030
epoch=86 step=70/500 loss=1.1232 time=0.0228 stft=1.8089 cons=0.00000 teacher=0.0000 teacher_w=0.030
epoch=86 step=75/500 loss=1.1267 time=0.0230 stft=1.8144 cons=0.00000 teacher=0.0000 teacher_w=0.030
epoch=86 step=80/500 loss=1.1100 time=0.0229 stft=1.7867 cons=0.00000 teacher=0.0000 teacher_w=0.030
epoch=86 step=85/500 loss=1.1182 time=0.0225 stft=1.8014 cons=0.00000 teacher=0.0000 teacher_w=0.030
epoch=86 step=90/500 loss=1.1278 time=0.0226 stft=1.8173 cons=0.00000 teacher=0.0000 teacher_w=0.030
epoch=86 step=95/500 loss=1.1197 time=0.0229 stft=1.8031 cons=0.00000 teacher=0.0000 teacher_w=0.030
epoch=86 step=100/500 loss=1.1123 time=0.0232 stft=1.7903 cons=0.00000 teacher=0.0000 teacher_w=0.030
epoch=86 step=105/500 loss=1.1155 time=0.0235 stft=1.7934 cons=0.00000 teacher=0.0000 teacher_w=0.030
epoch=86 step=110/500 loss=1.1336 time=0.0237 stft=1.8230 cons=0.00000 teacher=0.0000 teacher_w=0.030
epoch=86 step=115/500 loss=1.1310 time=0.0233 stft=1.8200 cons=0.00000 teacher=0.0000 teacher_w=0.030
epoch=86 step=120/500 loss=1.1452 time=0.0233 stft=1.8433 cons=0.00000 teacher=0.0000 teacher_w=0.030
epoch=86 step=125/500 loss=1.1416 time=0.0239 stft=1.8348 cons=0.00000 teacher=0.0000 teacher_w=0.030
epoch=86 step=130/500 loss=1.1359 time=0.0239 stft=1.8256 cons=0.00000 teacher=0.0000 teacher_w=0.030
epoch=86 step=135/500 loss=1.1462 time=0.0238 stft=1.8430 cons=0.00000 teacher=0.0000 teacher_w=0.030
epoch=86 step=140/500 loss=1.1413 time=0.0240 stft=1.8342 cons=0.00000 teacher=0.0000 teacher_w=0.030
epoch=86 step=145/500 loss=1.1467 time=0.0240 stft=1.8437 cons=0.00000 teacher=0.0000 teacher_w=0.030
epoch=86 step=150/500 loss=1.1524 time=0.0241 stft=1.8530 cons=0.00000 teacher=0.0000 teacher_w=0.030
epoch=86 step=155/500 loss=1.1587 time=0.0243 stft=1.8630 cons=0.00000 teacher=0.0000 teacher_w=0.030
epoch=86 step=160/500 loss=1.1516 time=0.0243 stft=1.8517 cons=0.00000 teacher=0.0000 teacher_w=0.030
epoch=86 step=165/500 loss=1.1520 time=0.0240 stft=1.8533 cons=0.00000 teacher=0.0000 teacher_w=0.030
epoch=86 step=170/500 loss=1.1539 time=0.0240 stft=1.8564 cons=0.00000 teacher=0.0000 teacher_w=0.030
epoch=86 step=175/500 loss=1.1510 time=0.0240 stft=1.8515 cons=0.00000 teacher=0.0000 teacher_w=0.030
epoch=86 step=180/500 loss=1.1455 time=0.0238 stft=1.8430 cons=0.00000 teacher=0.0000 teacher_w=0.030
epoch=86 step=185/500 loss=1.1481 time=0.0237 stft=1.8477 cons=0.00000 teacher=0.0000 teacher_w=0.030
epoch=86 step=190/500 loss=1.1461 time=0.0236 stft=1.8450 cons=0.00000 teacher=0.0000 teacher_w=0.030
epoch=86 step=195/500 loss=1.1497 time=0.0238 stft=1.8508 cons=0.00000 teacher=0.0000 teacher_w=0.030
epoch=86 step=200/500 loss=1.1432 time=0.0237 stft=1.8399 cons=0.00000 teacher=0.0000 teacher_w=0.030
epoch=86 step=205/500 loss=1.1610 time=0.0237 stft=1.8703 cons=0.00000 teacher=0.0000 teacher_w=0.030
epoch=86 step=210/500 loss=1.1555 time=0.0237 stft=1.8613 cons=0.00000 teacher=0.0000 teacher_w=0.030
epoch=86 step=215/500 loss=1.1492 time=0.0238 stft=1.8504 cons=0.00000 teacher=0.0000 teacher_w=0.030
epoch=86 step=220/500 loss=1.1473 time=0.0238 stft=1.8471 cons=0.00000 teacher=0.0000 teacher_w=0.030
epoch=86 step=225/500 loss=1.1418 time=0.0238 stft=1.8375 cons=0.00000 teacher=0.0000 teacher_w=0.030
epoch=86 step=230/500 loss=1.1492 time=0.0238 stft=1.8499 cons=0.00000 teacher=0.0000 teacher_w=0.030
epoch=86 step=235/500 loss=1.1513 time=0.0237 stft=1.8537 cons=0.00000 teacher=0.0000 teacher_w=0.030
epoch=86 step=240/500 loss=1.1613 time=0.0234 stft=1.8712 cons=0.00000 teacher=0.0000 teacher_w=0.030
epoch=86 step=245/500 loss=1.1684 time=0.0234 stft=1.8830 cons=0.00000 teacher=0.0000 teacher_w=0.030
epoch=86 step=250/500 loss=1.1681 time=0.0235 stft=1.8821 cons=0.00000 teacher=0.0000 teacher_w=0.030
epoch=86 step=255/500 loss=1.1630 time=0.0234 stft=1.8737 cons=0.00000 teacher=0.0000 teacher_w=0.030
epoch=86 step=260/500 loss=1.1688 time=0.0232 stft=1.8839 cons=0.00000 teacher=0.0000 teacher_w=0.030
epoch=86 step=265/500 loss=1.1657 time=0.0232 stft=1.8788 cons=0.00000 teacher=0.0000 teacher_w=0.030
epoch=86 step=270/500 loss=1.1677 time=0.0232 stft=1.8820 cons=0.00000 teacher=0.0000 teacher_w=0.030
epoch=86 step=275/500 loss=1.1624 time=0.0230 stft=1.8735 cons=0.00000 teacher=0.0000 teacher_w=0.030
epoch=86 step=280/500 loss=1.1617 time=0.0230 stft=1.8726 cons=0.00000 teacher=0.0000 teacher_w=0.030
epoch=86 step=285/500 loss=1.1695 time=0.0228 stft=1.8863 cons=0.00000 teacher=0.0000 teacher_w=0.030
epoch=86 step=290/500 loss=1.1635 time=0.0228 stft=1.8759 cons=0.00000 teacher=0.0000 teacher_w=0.030
epoch=86 step=295/500 loss=1.1646 time=0.0227 stft=1.8781 cons=0.00000 teacher=0.0000 teacher_w=0.030
epoch=86 step=300/500 loss=1.1695 time=0.0227 stft=1.8864 cons=0.00000 teacher=0.0000 teacher_w=0.030
epoch=86 step=305/500 loss=1.1621 time=0.0227 stft=1.8739 cons=0.00000 teacher=0.0000 teacher_w=0.030
epoch=86 step=310/500 loss=1.1609 time=0.0226 stft=1.8721 cons=0.00000 teacher=0.0000 teacher_w=0.030
epoch=86 step=315/500 loss=1.1571 time=0.0226 stft=1.8656 cons=0.00000 teacher=0.0000 teacher_w=0.030
epoch=86 step=320/500 loss=1.1549 time=0.0226 stft=1.8619 cons=0.00000 teacher=0.0000 teacher_w=0.030
epoch=86 step=325/500 loss=1.1556 time=0.0225 stft=1.8632 cons=0.00000 teacher=0.0000 teacher_w=0.030
epoch=86 step=330/500 loss=1.1596 time=0.0225 stft=1.8701 cons=0.00000 teacher=0.0000 teacher_w=0.030
epoch=86 step=335/500 loss=1.1553 time=0.0224 stft=1.8631 cons=0.00000 teacher=0.0000 teacher_w=0.030
epoch=86 step=340/500 loss=1.1544 time=0.0225 stft=1.8617 cons=0.00000 teacher=0.0000 teacher_w=0.030
epoch=86 step=345/500 loss=1.1532 time=0.0225 stft=1.8597 cons=0.00000 teacher=0.0000 teacher_w=0.030
epoch=86 step=350/500 loss=1.1563 time=0.0224 stft=1.8650 cons=0.00000 teacher=0.0000 teacher_w=0.030
epoch=86 step=355/500 loss=1.1604 time=0.0224 stft=1.8719 cons=0.00000 teacher=0.0000 teacher_w=0.030
epoch=86 step=360/500 loss=1.1573 time=0.0225 stft=1.8664 cons=0.00000 teacher=0.0000 teacher_w=0.030
epoch=86 step=365/500 loss=1.1556 time=0.0226 stft=1.8635 cons=0.00000 teacher=0.0000 teacher_w=0.030
epoch=86 step=370/500 loss=1.1578 time=0.0226 stft=1.8672 cons=0.00000 teacher=0.0000 teacher_w=0.030
epoch=86 step=375/500 loss=1.1556 time=0.0224 stft=1.8639 cons=0.00000 teacher=0.0000 teacher_w=0.030
epoch=86 step=380/500 loss=1.1627 time=0.0223 stft=1.8759 cons=0.00000 teacher=0.0000 teacher_w=0.030
epoch=86 step=385/500 loss=1.1585 time=0.0224 stft=1.8688 cons=0.00000 teacher=0.0000 teacher_w=0.030
epoch=86 step=390/500 loss=1.1564 time=0.0225 stft=1.8647 cons=0.00000 teacher=0.0000 teacher_w=0.030
epoch=86 step=395/500 loss=1.1606 time=0.0224 stft=1.8715 cons=0.00000 teacher=0.0000 teacher_w=0.030
epoch=86 step=400/500 loss=1.1631 time=0.0225 stft=1.8757 cons=0.00000 teacher=0.0000 teacher_w=0.030
epoch=86 step=405/500 loss=1.1639 time=0.0224 stft=1.8771 cons=0.00000 teacher=0.0000 teacher_w=0.030
epoch=86 step=410/500 loss=1.1654 time=0.0224 stft=1.8796 cons=0.00000 teacher=0.0000 teacher_w=0.030
epoch=86 step=415/500 loss=1.1681 time=0.0223 stft=1.8844 cons=0.00000 teacher=0.0000 teacher_w=0.030
epoch=86 step=420/500 loss=1.1660 time=0.0224 stft=1.8806 cons=0.00000 teacher=0.0000 teacher_w=0.030
epoch=86 step=425/500 loss=1.1643 time=0.0224 stft=1.8779 cons=0.00000 teacher=0.0000 teacher_w=0.030
epoch=86 step=430/500 loss=1.1637 time=0.0225 stft=1.8765 cons=0.00000 teacher=0.0000 teacher_w=0.030
epoch=86 step=435/500 loss=1.1621 time=0.0224 stft=1.8741 cons=0.00000 teacher=0.0000 teacher_w=0.030
epoch=86 step=440/500 loss=1.1621 time=0.0224 stft=1.8742 cons=0.00000 teacher=0.0000 teacher_w=0.030
epoch=86 step=445/500 loss=1.1596 time=0.0224 stft=1.8701 cons=0.00000 teacher=0.0000 teacher_w=0.030
epoch=86 step=450/500 loss=1.1581 time=0.0224 stft=1.8677 cons=0.00000 teacher=0.0000 teacher_w=0.030
epoch=86 step=455/500 loss=1.1580 time=0.0224 stft=1.8676 cons=0.00000 teacher=0.0000 teacher_w=0.030
epoch=86 step=460/500 loss=1.1591 time=0.0225 stft=1.8694 cons=0.00000 teacher=0.0000 teacher_w=0.030
epoch=86 step=465/500 loss=1.1608 time=0.0224 stft=1.8723 cons=0.00000 teacher=0.0000 teacher_w=0.030
epoch=86 step=470/500 loss=1.1581 time=0.0225 stft=1.8676 cons=0.00000 teacher=0.0000 teacher_w=0.030
epoch=86 step=475/500 loss=1.1567 time=0.0225 stft=1.8649 cons=0.00000 teacher=0.0000 teacher_w=0.030
epoch=86 step=480/500 loss=1.1576 time=0.0227 stft=1.8660 cons=0.00000 teacher=0.0000 teacher_w=0.030
epoch=86 step=485/500 loss=1.1627 time=0.0225 stft=1.8750 cons=0.00000 teacher=0.0000 teacher_w=0.030
epoch=86 step=490/500 loss=1.1624 time=0.0225 stft=1.8745 cons=0.00000 teacher=0.0000 teacher_w=0.030
epoch=86 step=495/500 loss=1.1616 time=0.0226 stft=1.8732 cons=0.00000 teacher=0.0000 teacher_w=0.030
epoch=86 step=500/500 loss=1.1593 time=0.0226 stft=1.8691 cons=0.00000 teacher=0.0000 teacher_w=0.030
epoch=86 train_loss=1.1765 valid_loss=1.8092 valid_si_sdr=-18.74dB cons=0.000000 lr=3.50552e-05
epoch=87 step=1/500 loss=0.6039 time=0.0096 stft=0.9765 cons=0.00000 teacher=0.0000 teacher_w=0.030
epoch=87 step=5/500 loss=1.2643 time=0.0165 stft=2.0627 cons=0.00000 teacher=0.0000 teacher_w=0.030
epoch=87 step=10/500 loss=1.2366 time=0.0185 stft=2.0111 cons=0.00000 teacher=0.0000 teacher_w=0.030
epoch=87 step=15/500 loss=1.1522 time=0.0193 stft=1.8687 cons=0.00000 teacher=0.0000 teacher_w=0.030
epoch=87 step=20/500 loss=1.1817 time=0.0175 stft=1.9229 cons=0.00000 teacher=0.0000 teacher_w=0.030
epoch=87 step=25/500 loss=1.1346 time=0.0196 stft=1.8419 cons=0.00000 teacher=0.0000 teacher_w=0.030
epoch=87 step=30/500 loss=1.1879 time=0.0194 stft=1.9302 cons=0.00000 teacher=0.0000 teacher_w=0.030
epoch=87 step=35/500 loss=1.1933 time=0.0193 stft=1.9397 cons=0.00000 teacher=0.0000 teacher_w=0.030
epoch=87 step=40/500 loss=1.2070 time=0.0186 stft=1.9632 cons=0.00000 teacher=0.0000 teacher_w=0.030
epoch=87 step=45/500 loss=1.1824 time=0.0203 stft=1.9174 cons=0.00000 teacher=0.0000 teacher_w=0.030
epoch=87 step=50/500 loss=1.2021 time=0.0203 stft=1.9496 cons=0.00000 teacher=0.0000 teacher_w=0.030
epoch=87 step=55/500 loss=1.1920 time=0.0204 stft=1.9319 cons=0.00000 teacher=0.0000 teacher_w=0.030
epoch=87 step=60/500 loss=1.2284 time=0.0199 stft=1.9940 cons=0.00000 teacher=0.0000 teacher_w=0.030
epoch=87 step=65/500 loss=1.2121 time=0.0201 stft=1.9673 cons=0.00000 teacher=0.0000 teacher_w=0.030
epoch=87 step=70/500 loss=1.2324 time=0.0202 stft=1.9999 cons=0.00000 teacher=0.0000 teacher_w=0.030
epoch=87 step=75/500 loss=1.2221 time=0.0205 stft=1.9822 cons=0.00000 teacher=0.0000 teacher_w=0.030
epoch=87 step=80/500 loss=1.2062 time=0.0206 stft=1.9552 cons=0.00000 teacher=0.0000 teacher_w=0.030
epoch=87 step=85/500 loss=1.2142 time=0.0205 stft=1.9687 cons=0.00000 teacher=0.0000 teacher_w=0.030
epoch=87 step=90/500 loss=1.2050 time=0.0201 stft=1.9541 cons=0.00000 teacher=0.0000 teacher_w=0.030
epoch=87 step=95/500 loss=1.2236 time=0.0204 stft=1.9841 cons=0.00000 teacher=0.0000 teacher_w=0.030
epoch=87 step=100/500 loss=1.2138 time=0.0210 stft=1.9654 cons=0.00000 teacher=0.0000 teacher_w=0.030
epoch=87 step=105/500 loss=1.2089 time=0.0211 stft=1.9576 cons=0.00000 teacher=0.0000 teacher_w=0.030
epoch=87 step=110/500 loss=1.2075 time=0.0212 stft=1.9545 cons=0.00000 teacher=0.0000 teacher_w=0.030
epoch=87 step=115/500 loss=1.2140 time=0.0215 stft=1.9640 cons=0.00000 teacher=0.0000 teacher_w=0.030
epoch=87 step=120/500 loss=1.2126 time=0.0212 stft=1.9630 cons=0.00000 teacher=0.0000 teacher_w=0.030
epoch=87 step=125/500 loss=1.2117 time=0.0211 stft=1.9616 cons=0.00000 teacher=0.0000 teacher_w=0.030
epoch=87 step=130/500 loss=1.1930 time=0.0212 stft=1.9305 cons=0.00000 teacher=0.0000 teacher_w=0.030
epoch=87 step=135/500 loss=1.2104 time=0.0212 stft=1.9592 cons=0.00000 teacher=0.0000 teacher_w=0.030
epoch=87 step=140/500 loss=1.2112 time=0.0210 stft=1.9611 cons=0.00000 teacher=0.0000 teacher_w=0.030
epoch=87 step=145/500 loss=1.2040 time=0.0213 stft=1.9484 cons=0.00000 teacher=0.0000 teacher_w=0.030
epoch=87 step=150/500 loss=1.2094 time=0.0210 stft=1.9583 cons=0.00000 teacher=0.0000 teacher_w=0.030
epoch=87 step=155/500 loss=1.2150 time=0.0212 stft=1.9668 cons=0.00000 teacher=0.0000 teacher_w=0.030
epoch=87 step=160/500 loss=1.2068 time=0.0212 stft=1.9531 cons=0.00000 teacher=0.0000 teacher_w=0.030
epoch=87 step=165/500 loss=1.2253 time=0.0211 stft=1.9840 cons=0.00000 teacher=0.0000 teacher_w=0.030
epoch=87 step=170/500 loss=1.2246 time=0.0212 stft=1.9824 cons=0.00000 teacher=0.0000 teacher_w=0.030
epoch=87 step=175/500 loss=1.2178 time=0.0211 stft=1.9716 cons=0.00000 teacher=0.0000 teacher_w=0.030
epoch=87 step=180/500 loss=1.2303 time=0.0209 stft=1.9931 cons=0.00000 teacher=0.0000 teacher_w=0.030
epoch=87 step=185/500 loss=1.2355 time=0.0211 stft=2.0011 cons=0.00000 teacher=0.0000 teacher_w=0.030
epoch=87 step=190/500 loss=1.2339 time=0.0213 stft=1.9982 cons=0.00000 teacher=0.0000 teacher_w=0.030
epoch=87 step=195/500 loss=1.2278 time=0.0213 stft=1.9882 cons=0.00000 teacher=0.0000 teacher_w=0.030
epoch=87 step=200/500 loss=1.2341 time=0.0215 stft=1.9977 cons=0.00000 teacher=0.0000 teacher_w=0.030
epoch=87 step=205/500 loss=1.2292 time=0.0218 stft=1.9892 cons=0.00000 teacher=0.0000 teacher_w=0.030
epoch=87 step=210/500 loss=1.2255 time=0.0217 stft=1.9834 cons=0.00000 teacher=0.0000 teacher_w=0.030
epoch=87 step=215/500 loss=1.2267 time=0.0217 stft=1.9855 cons=0.00000 teacher=0.0000 teacher_w=0.030
epoch=87 step=220/500 loss=1.2244 time=0.0215 stft=1.9820 cons=0.00000 teacher=0.0000 teacher_w=0.030
epoch=87 step=225/500 loss=1.2222 time=0.0218 stft=1.9775 cons=0.00000 teacher=0.0000 teacher_w=0.030
epoch=87 step=230/500 loss=1.2150 time=0.0218 stft=1.9652 cons=0.00000 teacher=0.0000 teacher_w=0.030
epoch=87 step=235/500 loss=1.2231 time=0.0218 stft=1.9788 cons=0.00000 teacher=0.0000 teacher_w=0.030
epoch=87 step=240/500 loss=1.2203 time=0.0220 stft=1.9738 cons=0.00000 teacher=0.0000 teacher_w=0.030
epoch=87 step=245/500 loss=1.2166 time=0.0220 stft=1.9673 cons=0.00000 teacher=0.0000 teacher_w=0.030
epoch=87 step=250/500 loss=1.2133 time=0.0222 stft=1.9613 cons=0.00000 teacher=0.0000 teacher_w=0.030
epoch=87 step=255/500 loss=1.2123 time=0.0223 stft=1.9594 cons=0.00000 teacher=0.0000 teacher_w=0.030
epoch=87 step=260/500 loss=1.2181 time=0.0225 stft=1.9684 cons=0.00000 teacher=0.0000 teacher_w=0.030
epoch=87 step=265/500 loss=1.2156 time=0.0225 stft=1.9640 cons=0.00000 teacher=0.0000 teacher_w=0.030
epoch=87 step=270/500 loss=1.2091 time=0.0225 stft=1.9532 cons=0.00000 teacher=0.0000 teacher_w=0.030
epoch=87 step=275/500 loss=1.2035 time=0.0224 stft=1.9444 cons=0.00000 teacher=0.0000 teacher_w=0.030
epoch=87 step=280/500 loss=1.2046 time=0.0224 stft=1.9462 cons=0.00000 teacher=0.0000 teacher_w=0.030
epoch=87 step=285/500 loss=1.2052 time=0.0225 stft=1.9468 cons=0.00000 teacher=0.0000 teacher_w=0.030
epoch=87 step=290/500 loss=1.1991 time=0.0227 stft=1.9360 cons=0.00000 teacher=0.0000 teacher_w=0.030
epoch=87 step=295/500 loss=1.1945 time=0.0227 stft=1.9283 cons=0.00000 teacher=0.0000 teacher_w=0.030
epoch=87 step=300/500 loss=1.1982 time=0.0228 stft=1.9344 cons=0.00000 teacher=0.0000 teacher_w=0.030
epoch=87 step=305/500 loss=1.1989 time=0.0229 stft=1.9352 cons=0.00000 teacher=0.0000 teacher_w=0.030
epoch=87 step=310/500 loss=1.2022 time=0.0231 stft=1.9405 cons=0.00000 teacher=0.0000 teacher_w=0.030
epoch=87 step=315/500 loss=1.1998 time=0.0230 stft=1.9364 cons=0.00000 teacher=0.0000 teacher_w=0.030
epoch=87 step=320/500 loss=1.1988 time=0.0230 stft=1.9346 cons=0.00000 teacher=0.0000 teacher_w=0.030
epoch=87 step=325/500 loss=1.2013 time=0.0230 stft=1.9386 cons=0.00000 teacher=0.0000 teacher_w=0.030
epoch=87 step=330/500 loss=1.2041 time=0.0230 stft=1.9437 cons=0.00000 teacher=0.0000 teacher_w=0.030
epoch=87 step=335/500 loss=1.2082 time=0.0229 stft=1.9508 cons=0.00000 teacher=0.0000 teacher_w=0.030
epoch=87 step=340/500 loss=1.2091 time=0.0229 stft=1.9521 cons=0.00000 teacher=0.0000 teacher_w=0.030
epoch=87 step=345/500 loss=1.2030 time=0.0229 stft=1.9419 cons=0.00000 teacher=0.0000 teacher_w=0.030
epoch=87 step=350/500 loss=1.2045 time=0.0229 stft=1.9448 cons=0.00000 teacher=0.0000 teacher_w=0.030
epoch=87 step=355/500 loss=1.2058 time=0.0230 stft=1.9465 cons=0.00000 teacher=0.0000 teacher_w=0.030
epoch=87 step=360/500 loss=1.2031 time=0.0230 stft=1.9421 cons=0.00000 teacher=0.0000 teacher_w=0.030
epoch=87 step=365/500 loss=1.2033 time=0.0230 stft=1.9426 cons=0.00000 teacher=0.0000 teacher_w=0.030
epoch=87 step=370/500 loss=1.1990 time=0.0229 stft=1.9355 cons=0.00000 teacher=0.0000 teacher_w=0.030
epoch=87 step=375/500 loss=1.2032 time=0.0228 stft=1.9425 cons=0.00000 teacher=0.0000 teacher_w=0.030
epoch=87 step=380/500 loss=1.2014 time=0.0228 stft=1.9396 cons=0.00000 teacher=0.0000 teacher_w=0.030
epoch=87 step=385/500 loss=1.1999 time=0.0229 stft=1.9368 cons=0.00000 teacher=0.0000 teacher_w=0.030
epoch=87 step=390/500 loss=1.2057 time=0.0228 stft=1.9468 cons=0.00000 teacher=0.0000 teacher_w=0.030
epoch=87 step=395/500 loss=1.2043 time=0.0228 stft=1.9447 cons=0.00000 teacher=0.0000 teacher_w=0.030
epoch=87 step=400/500 loss=1.2059 time=0.0228 stft=1.9473 cons=0.00000 teacher=0.0000 teacher_w=0.030
epoch=87 step=405/500 loss=1.2058 time=0.0227 stft=1.9471 cons=0.00000 teacher=0.0000 teacher_w=0.030
epoch=87 step=410/500 loss=1.2093 time=0.0227 stft=1.9530 cons=0.00000 teacher=0.0000 teacher_w=0.030
epoch=87 step=415/500 loss=1.2107 time=0.0227 stft=1.9553 cons=0.00000 teacher=0.0000 teacher_w=0.030
epoch=87 step=420/500 loss=1.2087 time=0.0227 stft=1.9521 cons=0.00000 teacher=0.0000 teacher_w=0.030
epoch=87 step=425/500 loss=1.2065 time=0.0226 stft=1.9485 cons=0.00000 teacher=0.0000 teacher_w=0.030
epoch=87 step=430/500 loss=1.2075 time=0.0226 stft=1.9501 cons=0.00000 teacher=0.0000 teacher_w=0.030
epoch=87 step=435/500 loss=1.2032 time=0.0226 stft=1.9431 cons=0.00000 teacher=0.0000 teacher_w=0.030
epoch=87 step=440/500 loss=1.2043 time=0.0226 stft=1.9449 cons=0.00000 teacher=0.0000 teacher_w=0.030
epoch=87 step=445/500 loss=1.2065 time=0.0225 stft=1.9489 cons=0.00000 teacher=0.0000 teacher_w=0.030
epoch=87 step=450/500 loss=1.2036 time=0.0225 stft=1.9442 cons=0.00000 teacher=0.0000 teacher_w=0.030
epoch=87 step=455/500 loss=1.2011 time=0.0226 stft=1.9398 cons=0.00000 teacher=0.0000 teacher_w=0.030
epoch=87 step=460/500 loss=1.1979 time=0.0226 stft=1.9344 cons=0.00000 teacher=0.0000 teacher_w=0.030
epoch=87 step=465/500 loss=1.1957 time=0.0226 stft=1.9307 cons=0.00000 teacher=0.0000 teacher_w=0.030
epoch=87 step=470/500 loss=1.1940 time=0.0225 stft=1.9280 cons=0.00000 teacher=0.0000 teacher_w=0.030
epoch=87 step=475/500 loss=1.1968 time=0.0225 stft=1.9327 cons=0.00000 teacher=0.0000 teacher_w=0.030
epoch=87 step=480/500 loss=1.1935 time=0.0226 stft=1.9269 cons=0.00000 teacher=0.0000 teacher_w=0.030
epoch=87 step=485/500 loss=1.1912 time=0.0227 stft=1.9228 cons=0.00000 teacher=0.0000 teacher_w=0.030
epoch=87 step=490/500 loss=1.1926 time=0.0226 stft=1.9253 cons=0.00000 teacher=0.0000 teacher_w=0.030
epoch=87 step=495/500 loss=1.1926 time=0.0226 stft=1.9254 cons=0.00000 teacher=0.0000 teacher_w=0.030
epoch=87 step=500/500 loss=1.1917 time=0.0226 stft=1.9238 cons=0.00000 teacher=0.0000 teacher_w=0.030
epoch=87 train_loss=1.1904 valid_loss=1.8039 valid_si_sdr=-18.67dB cons=0.000000 lr=3.30869e-05
epoch=88 step=1/500 loss=0.7874 time=0.0322 stft=1.2116 cons=0.00000 teacher=0.0000 teacher_w=0.030
epoch=88 step=5/500 loss=1.0551 time=0.0344 stft=1.6670 cons=0.00000 teacher=0.0000 teacher_w=0.030
epoch=88 step=10/500 loss=1.1126 time=0.0263 stft=1.7842 cons=0.00000 teacher=0.0000 teacher_w=0.030
epoch=88 step=15/500 loss=1.0887 time=0.0281 stft=1.7350 cons=0.00000 teacher=0.0000 teacher_w=0.030
epoch=88 step=20/500 loss=1.2665 time=0.0259 stft=2.0401 cons=0.00000 teacher=0.0000 teacher_w=0.030
epoch=88 step=25/500 loss=1.2786 time=0.0241 stft=2.0647 cons=0.00000 teacher=0.0000 teacher_w=0.030
epoch=88 step=30/500 loss=1.3130 time=0.0236 stft=2.1232 cons=0.00000 teacher=0.0000 teacher_w=0.030
epoch=88 step=35/500 loss=1.2953 time=0.0240 stft=2.0933 cons=0.00000 teacher=0.0000 teacher_w=0.030
epoch=88 step=40/500 loss=1.2427 time=0.0253 stft=1.9988 cons=0.00000 teacher=0.0000 teacher_w=0.030
epoch=88 step=45/500 loss=1.2697 time=0.0255 stft=2.0437 cons=0.00000 teacher=0.0000 teacher_w=0.030
epoch=88 step=50/500 loss=1.2471 time=0.0251 stft=2.0071 cons=0.00000 teacher=0.0000 teacher_w=0.030
epoch=88 step=55/500 loss=1.2351 time=0.0250 stft=1.9875 cons=0.00000 teacher=0.0000 teacher_w=0.030
epoch=88 step=60/500 loss=1.2499 time=0.0249 stft=2.0110 cons=0.00000 teacher=0.0000 teacher_w=0.030
epoch=88 step=65/500 loss=1.2600 time=0.0242 stft=2.0287 cons=0.00000 teacher=0.0000 teacher_w=0.030
epoch=88 step=70/500 loss=1.2509 time=0.0243 stft=2.0135 cons=0.00000 teacher=0.0000 teacher_w=0.030
epoch=88 step=75/500 loss=1.2489 time=0.0239 stft=2.0113 cons=0.00000 teacher=0.0000 teacher_w=0.030
epoch=88 step=80/500 loss=1.2877 time=0.0234 stft=2.0775 cons=0.00000 teacher=0.0000 teacher_w=0.030
epoch=88 step=85/500 loss=1.2738 time=0.0231 stft=2.0549 cons=0.00000 teacher=0.0000 teacher_w=0.030
epoch=88 step=90/500 loss=1.2555 time=0.0228 stft=2.0252 cons=0.00000 teacher=0.0000 teacher_w=0.030
epoch=88 step=95/500 loss=1.2674 time=0.0224 stft=2.0469 cons=0.00000 teacher=0.0000 teacher_w=0.030
epoch=88 step=100/500 loss=1.2686 time=0.0220 stft=2.0501 cons=0.00000 teacher=0.0000 teacher_w=0.030
epoch=88 step=105/500 loss=1.2722 time=0.0219 stft=2.0572 cons=0.00000 teacher=0.0000 teacher_w=0.030
epoch=88 step=110/500 loss=1.2821 time=0.0218 stft=2.0741 cons=0.00000 teacher=0.0000 teacher_w=0.030
epoch=88 step=115/500 loss=1.3000 time=0.0220 stft=2.1037 cons=0.00000 teacher=0.0000 teacher_w=0.030
epoch=88 step=120/500 loss=1.2938 time=0.0219 stft=2.0940 cons=0.00000 teacher=0.0000 teacher_w=0.030
epoch=88 step=125/500 loss=1.2974 time=0.0220 stft=2.1004 cons=0.00000 teacher=0.0000 teacher_w=0.030
epoch=88 step=130/500 loss=1.2928 time=0.0219 stft=2.0932 cons=0.00000 teacher=0.0000 teacher_w=0.030
epoch=88 step=135/500 loss=1.3192 time=0.0216 stft=2.1382 cons=0.00000 teacher=0.0000 teacher_w=0.030
epoch=88 step=140/500 loss=1.3139 time=0.0216 stft=2.1297 cons=0.00000 teacher=0.0000 teacher_w=0.030
epoch=88 step=145/500 loss=1.3116 time=0.0215 stft=2.1262 cons=0.00000 teacher=0.0000 teacher_w=0.030
epoch=88 step=150/500 loss=1.3062 time=0.0215 stft=2.1173 cons=0.00000 teacher=0.0000 teacher_w=0.030
epoch=88 step=155/500 loss=1.2930 time=0.0216 stft=2.0952 cons=0.00000 teacher=0.0000 teacher_w=0.030
epoch=88 step=160/500 loss=1.2964 time=0.0213 stft=2.1015 cons=0.00000 teacher=0.0000 teacher_w=0.030
epoch=88 step=165/500 loss=1.2895 time=0.0211 stft=2.0904 cons=0.00000 teacher=0.0000 teacher_w=0.030
epoch=88 step=170/500 loss=1.2932 time=0.0211 stft=2.0964 cons=0.00000 teacher=0.0000 teacher_w=0.030
epoch=88 step=175/500 loss=1.2882 time=0.0211 stft=2.0883 cons=0.00000 teacher=0.0000 teacher_w=0.030
epoch=88 step=180/500 loss=1.3030 time=0.0210 stft=2.1130 cons=0.00000 teacher=0.0000 teacher_w=0.030
epoch=88 step=185/500 loss=1.2922 time=0.0210 stft=2.0952 cons=0.00000 teacher=0.0000 teacher_w=0.030
epoch=88 step=190/500 loss=1.2933 time=0.0212 stft=2.0967 cons=0.00000 teacher=0.0000 teacher_w=0.030
epoch=88 step=195/500 loss=1.2945 time=0.0212 stft=2.0987 cons=0.00000 teacher=0.0000 teacher_w=0.030
epoch=88 step=200/500 loss=1.2863 time=0.0213 stft=2.0844 cons=0.00000 teacher=0.0000 teacher_w=0.030
epoch=88 step=205/500 loss=1.2806 time=0.0214 stft=2.0748 cons=0.00000 teacher=0.0000 teacher_w=0.030
epoch=88 step=210/500 loss=1.2733 time=0.0213 stft=2.0628 cons=0.00000 teacher=0.0000 teacher_w=0.030
epoch=88 step=215/500 loss=1.2761 time=0.0213 stft=2.0676 cons=0.00000 teacher=0.0000 teacher_w=0.030
epoch=88 step=220/500 loss=1.2793 time=0.0214 stft=2.0729 cons=0.00000 teacher=0.0000 teacher_w=0.030
epoch=88 step=225/500 loss=1.2679 time=0.0216 stft=2.0533 cons=0.00000 teacher=0.0000 teacher_w=0.030
epoch=88 step=230/500 loss=1.2685 time=0.0216 stft=2.0545 cons=0.00000 teacher=0.0000 teacher_w=0.030
epoch=88 step=235/500 loss=1.2690 time=0.0215 stft=2.0556 cons=0.00000 teacher=0.0000 teacher_w=0.030
epoch=88 step=240/500 loss=1.2631 time=0.0216 stft=2.0454 cons=0.00000 teacher=0.0000 teacher_w=0.030
epoch=88 step=245/500 loss=1.2648 time=0.0217 stft=2.0480 cons=0.00000 teacher=0.0000 teacher_w=0.030
epoch=88 step=250/500 loss=1.2627 time=0.0218 stft=2.0447 cons=0.00000 teacher=0.0000 teacher_w=0.030
epoch=88 step=255/500 loss=1.2683 time=0.0216 stft=2.0546 cons=0.00000 teacher=0.0000 teacher_w=0.030
epoch=88 step=260/500 loss=1.2605 time=0.0218 stft=2.0410 cons=0.00000 teacher=0.0000 teacher_w=0.030
epoch=88 step=265/500 loss=1.2595 time=0.0218 stft=2.0393 cons=0.00000 teacher=0.0000 teacher_w=0.030
epoch=88 step=270/500 loss=1.2560 time=0.0219 stft=2.0330 cons=0.00000 teacher=0.0000 teacher_w=0.030
epoch=88 step=275/500 loss=1.2580 time=0.0220 stft=2.0362 cons=0.00000 teacher=0.0000 teacher_w=0.030
epoch=88 step=280/500 loss=1.2532 time=0.0221 stft=2.0279 cons=0.00000 teacher=0.0000 teacher_w=0.030
epoch=88 step=285/500 loss=1.2497 time=0.0221 stft=2.0223 cons=0.00000 teacher=0.0000 teacher_w=0.030
epoch=88 step=290/500 loss=1.2557 time=0.0224 stft=2.0314 cons=0.00000 teacher=0.0000 teacher_w=0.030
epoch=88 step=295/500 loss=1.2512 time=0.0223 stft=2.0243 cons=0.00000 teacher=0.0000 teacher_w=0.030
epoch=88 step=300/500 loss=1.2492 time=0.0222 stft=2.0210 cons=0.00000 teacher=0.0000 teacher_w=0.030
epoch=88 step=305/500 loss=1.2442 time=0.0224 stft=2.0121 cons=0.00000 teacher=0.0000 teacher_w=0.030
epoch=88 step=310/500 loss=1.2378 time=0.0226 stft=2.0005 cons=0.00000 teacher=0.0000 teacher_w=0.030
epoch=88 step=315/500 loss=1.2420 time=0.0226 stft=2.0074 cons=0.00000 teacher=0.0000 teacher_w=0.030
epoch=88 step=320/500 loss=1.2404 time=0.0226 stft=2.0046 cons=0.00000 teacher=0.0000 teacher_w=0.030
epoch=88 step=325/500 loss=1.2368 time=0.0227 stft=1.9986 cons=0.00000 teacher=0.0000 teacher_w=0.030
epoch=88 step=330/500 loss=1.2343 time=0.0228 stft=1.9942 cons=0.00000 teacher=0.0000 teacher_w=0.030
epoch=88 step=335/500 loss=1.2323 time=0.0229 stft=1.9906 cons=0.00000 teacher=0.0000 teacher_w=0.030
epoch=88 step=340/500 loss=1.2347 time=0.0228 stft=1.9947 cons=0.00000 teacher=0.0000 teacher_w=0.030
epoch=88 step=345/500 loss=1.2397 time=0.0228 stft=2.0031 cons=0.00000 teacher=0.0000 teacher_w=0.030
epoch=88 step=350/500 loss=1.2362 time=0.0228 stft=1.9973 cons=0.00000 teacher=0.0000 teacher_w=0.030
epoch=88 step=355/500 loss=1.2415 time=0.0228 stft=2.0060 cons=0.00000 teacher=0.0000 teacher_w=0.030
epoch=88 step=360/500 loss=1.2452 time=0.0227 stft=2.0125 cons=0.00000 teacher=0.0000 teacher_w=0.030
epoch=88 step=365/500 loss=1.2439 time=0.0229 stft=2.0098 cons=0.00000 teacher=0.0000 teacher_w=0.030
epoch=88 step=370/500 loss=1.2372 time=0.0229 stft=1.9987 cons=0.00000 teacher=0.0000 teacher_w=0.030
epoch=88 step=375/500 loss=1.2342 time=0.0231 stft=1.9933 cons=0.00000 teacher=0.0000 teacher_w=0.030
epoch=88 step=380/500 loss=1.2290 time=0.0231 stft=1.9844 cons=0.00000 teacher=0.0000 teacher_w=0.030
epoch=88 step=385/500 loss=1.2299 time=0.0231 stft=1.9859 cons=0.00000 teacher=0.0000 teacher_w=0.030
epoch=88 step=390/500 loss=1.2330 time=0.0231 stft=1.9910 cons=0.00000 teacher=0.0000 teacher_w=0.030
epoch=88 step=395/500 loss=1.2319 time=0.0232 stft=1.9890 cons=0.00000 teacher=0.0000 teacher_w=0.030
epoch=88 step=400/500 loss=1.2281 time=0.0233 stft=1.9823 cons=0.00000 teacher=0.0000 teacher_w=0.030
epoch=88 step=405/500 loss=1.2289 time=0.0233 stft=1.9838 cons=0.00000 teacher=0.0000 teacher_w=0.030
epoch=88 step=410/500 loss=1.2295 time=0.0233 stft=1.9847 cons=0.00000 teacher=0.0000 teacher_w=0.030
epoch=88 step=415/500 loss=1.2319 time=0.0233 stft=1.9888 cons=0.00000 teacher=0.0000 teacher_w=0.030
epoch=88 step=420/500 loss=1.2363 time=0.0234 stft=1.9959 cons=0.00000 teacher=0.0000 teacher_w=0.030
epoch=88 step=425/500 loss=1.2381 time=0.0234 stft=1.9990 cons=0.00000 teacher=0.0000 teacher_w=0.030
epoch=88 step=430/500 loss=1.2353 time=0.0235 stft=1.9942 cons=0.00000 teacher=0.0000 teacher_w=0.030
epoch=88 step=435/500 loss=1.2367 time=0.0234 stft=1.9967 cons=0.00000 teacher=0.0000 teacher_w=0.030
epoch=88 step=440/500 loss=1.2361 time=0.0235 stft=1.9954 cons=0.00000 teacher=0.0000 teacher_w=0.030
epoch=88 step=445/500 loss=1.2333 time=0.0234 stft=1.9908 cons=0.00000 teacher=0.0000 teacher_w=0.030
epoch=88 step=450/500 loss=1.2295 time=0.0234 stft=1.9846 cons=0.00000 teacher=0.0000 teacher_w=0.030
epoch=88 step=455/500 loss=1.2277 time=0.0234 stft=1.9817 cons=0.00000 teacher=0.0000 teacher_w=0.030
epoch=88 step=460/500 loss=1.2303 time=0.0235 stft=1.9859 cons=0.00000 teacher=0.0000 teacher_w=0.030
epoch=88 step=465/500 loss=1.2281 time=0.0234 stft=1.9823 cons=0.00000 teacher=0.0000 teacher_w=0.030
epoch=88 step=470/500 loss=1.2300 time=0.0234 stft=1.9854 cons=0.00000 teacher=0.0000 teacher_w=0.030
epoch=88 step=475/500 loss=1.2252 time=0.0235 stft=1.9772 cons=0.00000 teacher=0.0000 teacher_w=0.030
epoch=88 step=480/500 loss=1.2235 time=0.0235 stft=1.9742 cons=0.00000 teacher=0.0000 teacher_w=0.030
epoch=88 step=485/500 loss=1.2214 time=0.0235 stft=1.9709 cons=0.00000 teacher=0.0000 teacher_w=0.030
epoch=88 step=490/500 loss=1.2202 time=0.0235 stft=1.9687 cons=0.00000 teacher=0.0000 teacher_w=0.030
epoch=88 step=495/500 loss=1.2193 time=0.0235 stft=1.9672 cons=0.00000 teacher=0.0000 teacher_w=0.030
epoch=88 step=500/500 loss=1.2170 time=0.0235 stft=1.9633 cons=0.00000 teacher=0.0000 teacher_w=0.030
epoch=88 train_loss=1.2034 valid_loss=1.7982 valid_si_sdr=-18.54dB cons=0.000000 lr=3.11645e-05
epoch=89 step=1/500 loss=1.0877 time=0.0288 stft=1.7244 cons=0.00000 teacher=0.0000 teacher_w=0.030
epoch=89 step=5/500 loss=1.3310 time=0.0328 stft=2.1232 cons=0.00000 teacher=0.0000 teacher_w=0.030
epoch=89 step=10/500 loss=1.1880 time=0.0298 stft=1.8968 cons=0.00000 teacher=0.0000 teacher_w=0.030
epoch=89 step=15/500 loss=1.2618 time=0.0263 stft=2.0264 cons=0.00000 teacher=0.0000 teacher_w=0.030
epoch=89 step=20/500 loss=1.2542 time=0.0243 stft=2.0175 cons=0.00000 teacher=0.0000 teacher_w=0.030
epoch=89 step=25/500 loss=1.3071 time=0.0275 stft=2.0986 cons=0.00000 teacher=0.0000 teacher_w=0.030
epoch=89 step=30/500 loss=1.3302 time=0.0262 stft=2.1409 cons=0.00000 teacher=0.0000 teacher_w=0.030
epoch=89 step=35/500 loss=1.2932 time=0.0256 stft=2.0803 cons=0.00000 teacher=0.0000 teacher_w=0.030
epoch=89 step=40/500 loss=1.2676 time=0.0251 stft=2.0405 cons=0.00000 teacher=0.0000 teacher_w=0.030
epoch=89 step=45/500 loss=1.2550 time=0.0251 stft=2.0194 cons=0.00000 teacher=0.0000 teacher_w=0.030
epoch=89 step=50/500 loss=1.2187 time=0.0250 stft=1.9597 cons=0.00000 teacher=0.0000 teacher_w=0.030
epoch=89 step=55/500 loss=1.2249 time=0.0258 stft=1.9686 cons=0.00000 teacher=0.0000 teacher_w=0.030
epoch=89 step=60/500 loss=1.2694 time=0.0249 stft=2.0452 cons=0.00000 teacher=0.0000 teacher_w=0.030
epoch=89 step=65/500 loss=1.2514 time=0.0244 stft=2.0163 cons=0.00000 teacher=0.0000 teacher_w=0.030
epoch=89 step=70/500 loss=1.2443 time=0.0235 stft=2.0073 cons=0.00000 teacher=0.0000 teacher_w=0.030
epoch=89 step=75/500 loss=1.2440 time=0.0234 stft=2.0075 cons=0.00000 teacher=0.0000 teacher_w=0.030
epoch=89 step=80/500 loss=1.2421 time=0.0232 stft=2.0055 cons=0.00000 teacher=0.0000 teacher_w=0.030
epoch=89 step=85/500 loss=1.2195 time=0.0236 stft=1.9676 cons=0.00000 teacher=0.0000 teacher_w=0.030
epoch=89 step=90/500 loss=1.2304 time=0.0233 stft=1.9858 cons=0.00000 teacher=0.0000 teacher_w=0.030
epoch=89 step=95/500 loss=1.2194 time=0.0236 stft=1.9665 cons=0.00000 teacher=0.0000 teacher_w=0.030
epoch=89 step=100/500 loss=1.2289 time=0.0236 stft=1.9818 cons=0.00000 teacher=0.0000 teacher_w=0.030
epoch=89 step=105/500 loss=1.2228 time=0.0235 stft=1.9720 cons=0.00000 teacher=0.0000 teacher_w=0.030
epoch=89 step=110/500 loss=1.2329 time=0.0232 stft=1.9892 cons=0.00000 teacher=0.0000 teacher_w=0.030
epoch=89 step=115/500 loss=1.2417 time=0.0227 stft=2.0051 cons=0.00000 teacher=0.0000 teacher_w=0.030
epoch=89 step=120/500 loss=1.2275 time=0.0227 stft=1.9812 cons=0.00000 teacher=0.0000 teacher_w=0.030
epoch=89 step=125/500 loss=1.2196 time=0.0230 stft=1.9672 cons=0.00000 teacher=0.0000 teacher_w=0.030
epoch=89 step=130/500 loss=1.2168 time=0.0229 stft=1.9625 cons=0.00000 teacher=0.0000 teacher_w=0.030
epoch=89 step=135/500 loss=1.2147 time=0.0230 stft=1.9589 cons=0.00000 teacher=0.0000 teacher_w=0.030
epoch=89 step=140/500 loss=1.2157 time=0.0227 stft=1.9612 cons=0.00000 teacher=0.0000 teacher_w=0.030
epoch=89 step=145/500 loss=1.2026 time=0.0227 stft=1.9394 cons=0.00000 teacher=0.0000 teacher_w=0.030
epoch=89 step=150/500 loss=1.2150 time=0.0228 stft=1.9602 cons=0.00000 teacher=0.0000 teacher_w=0.030
epoch=89 step=155/500 loss=1.2130 time=0.0227 stft=1.9573 cons=0.00000 teacher=0.0000 teacher_w=0.030
epoch=89 step=160/500 loss=1.2111 time=0.0228 stft=1.9536 cons=0.00000 teacher=0.0000 teacher_w=0.030
epoch=89 step=165/500 loss=1.2172 time=0.0230 stft=1.9637 cons=0.00000 teacher=0.0000 teacher_w=0.030
epoch=89 step=170/500 loss=1.2164 time=0.0231 stft=1.9620 cons=0.00000 teacher=0.0000 teacher_w=0.030
epoch=89 step=175/500 loss=1.2096 time=0.0231 stft=1.9510 cons=0.00000 teacher=0.0000 teacher_w=0.030
epoch=89 step=180/500 loss=1.2042 time=0.0230 stft=1.9423 cons=0.00000 teacher=0.0000 teacher_w=0.030
epoch=89 step=185/500 loss=1.2048 time=0.0229 stft=1.9434 cons=0.00000 teacher=0.0000 teacher_w=0.030
epoch=89 step=190/500 loss=1.2112 time=0.0230 stft=1.9541 cons=0.00000 teacher=0.0000 teacher_w=0.030
epoch=89 step=195/500 loss=1.2099 time=0.0228 stft=1.9522 cons=0.00000 teacher=0.0000 teacher_w=0.030
epoch=89 step=200/500 loss=1.2140 time=0.0230 stft=1.9581 cons=0.00000 teacher=0.0000 teacher_w=0.030
epoch=89 step=205/500 loss=1.2230 time=0.0227 stft=1.9742 cons=0.00000 teacher=0.0000 teacher_w=0.030
epoch=89 step=210/500 loss=1.2208 time=0.0230 stft=1.9697 cons=0.00000 teacher=0.0000 teacher_w=0.030
epoch=89 step=215/500 loss=1.2275 time=0.0230 stft=1.9809 cons=0.00000 teacher=0.0000 teacher_w=0.030
epoch=89 step=220/500 loss=1.2279 time=0.0229 stft=1.9822 cons=0.00000 teacher=0.0000 teacher_w=0.030
epoch=89 step=225/500 loss=1.2254 time=0.0228 stft=1.9782 cons=0.00000 teacher=0.0000 teacher_w=0.030
epoch=89 step=230/500 loss=1.2281 time=0.0226 stft=1.9832 cons=0.00000 teacher=0.0000 teacher_w=0.030
epoch=89 step=235/500 loss=1.2370 time=0.0226 stft=1.9980 cons=0.00000 teacher=0.0000 teacher_w=0.030
epoch=89 step=240/500 loss=1.2312 time=0.0226 stft=1.9887 cons=0.00000 teacher=0.0000 teacher_w=0.030
epoch=89 step=245/500 loss=1.2317 time=0.0225 stft=1.9898 cons=0.00000 teacher=0.0000 teacher_w=0.030
epoch=89 step=250/500 loss=1.2197 time=0.0225 stft=1.9697 cons=0.00000 teacher=0.0000 teacher_w=0.030
epoch=89 step=255/500 loss=1.2173 time=0.0225 stft=1.9654 cons=0.00000 teacher=0.0000 teacher_w=0.030
epoch=89 step=260/500 loss=1.2135 time=0.0225 stft=1.9592 cons=0.00000 teacher=0.0000 teacher_w=0.030
epoch=89 step=265/500 loss=1.2069 time=0.0226 stft=1.9477 cons=0.00000 teacher=0.0000 teacher_w=0.030
epoch=89 step=270/500 loss=1.2037 time=0.0226 stft=1.9423 cons=0.00000 teacher=0.0000 teacher_w=0.030
epoch=89 step=275/500 loss=1.2011 time=0.0227 stft=1.9379 cons=0.00000 teacher=0.0000 teacher_w=0.030
epoch=89 step=280/500 loss=1.2035 time=0.0226 stft=1.9421 cons=0.00000 teacher=0.0000 teacher_w=0.030
epoch=89 step=285/500 loss=1.1980 time=0.0228 stft=1.9327 cons=0.00000 teacher=0.0000 teacher_w=0.030
epoch=89 step=290/500 loss=1.1929 time=0.0231 stft=1.9233 cons=0.00000 teacher=0.0000 teacher_w=0.030
epoch=89 step=295/500 loss=1.1882 time=0.0231 stft=1.9155 cons=0.00000 teacher=0.0000 teacher_w=0.030
epoch=89 step=300/500 loss=1.1890 time=0.0230 stft=1.9170 cons=0.00000 teacher=0.0000 teacher_w=0.030
epoch=89 step=305/500 loss=1.1941 time=0.0229 stft=1.9260 cons=0.00000 teacher=0.0000 teacher_w=0.030
epoch=89 step=310/500 loss=1.1905 time=0.0228 stft=1.9199 cons=0.00000 teacher=0.0000 teacher_w=0.030
epoch=89 step=315/500 loss=1.1890 time=0.0228 stft=1.9174 cons=0.00000 teacher=0.0000 teacher_w=0.030
epoch=89 step=320/500 loss=1.1878 time=0.0228 stft=1.9155 cons=0.00000 teacher=0.0000 teacher_w=0.030
epoch=89 step=325/500 loss=1.1877 time=0.0228 stft=1.9154 cons=0.00000 teacher=0.0000 teacher_w=0.030
epoch=89 step=330/500 loss=1.1851 time=0.0230 stft=1.9108 cons=0.00000 teacher=0.0000 teacher_w=0.030
epoch=89 step=335/500 loss=1.1832 time=0.0231 stft=1.9073 cons=0.00000 teacher=0.0000 teacher_w=0.030
epoch=89 step=340/500 loss=1.1863 time=0.0232 stft=1.9123 cons=0.00000 teacher=0.0000 teacher_w=0.030
epoch=89 step=345/500 loss=1.1860 time=0.0231 stft=1.9118 cons=0.00000 teacher=0.0000 teacher_w=0.030
epoch=89 step=350/500 loss=1.1813 time=0.0232 stft=1.9038 cons=0.00000 teacher=0.0000 teacher_w=0.030
epoch=89 step=355/500 loss=1.1755 time=0.0233 stft=1.8942 cons=0.00000 teacher=0.0000 teacher_w=0.030
epoch=89 step=360/500 loss=1.1774 time=0.0233 stft=1.8971 cons=0.00000 teacher=0.0000 teacher_w=0.030
epoch=89 step=365/500 loss=1.1737 time=0.0233 stft=1.8910 cons=0.00000 teacher=0.0000 teacher_w=0.030
epoch=89 step=370/500 loss=1.1712 time=0.0234 stft=1.8866 cons=0.00000 teacher=0.0000 teacher_w=0.030
epoch=89 step=375/500 loss=1.1720 time=0.0233 stft=1.8882 cons=0.00000 teacher=0.0000 teacher_w=0.030
epoch=89 step=380/500 loss=1.1775 time=0.0234 stft=1.8971 cons=0.00000 teacher=0.0000 teacher_w=0.030
epoch=89 step=385/500 loss=1.1799 time=0.0233 stft=1.9015 cons=0.00000 teacher=0.0000 teacher_w=0.030
epoch=89 step=390/500 loss=1.1747 time=0.0232 stft=1.8930 cons=0.00000 teacher=0.0000 teacher_w=0.030
epoch=89 step=395/500 loss=1.1769 time=0.0232 stft=1.8966 cons=0.00000 teacher=0.0000 teacher_w=0.030
epoch=89 step=400/500 loss=1.1834 time=0.0231 stft=1.9076 cons=0.00000 teacher=0.0000 teacher_w=0.030
epoch=89 step=405/500 loss=1.1804 time=0.0232 stft=1.9025 cons=0.00000 teacher=0.0000 teacher_w=0.030
epoch=89 step=410/500 loss=1.1838 time=0.0231 stft=1.9085 cons=0.00000 teacher=0.0000 teacher_w=0.030
epoch=89 step=415/500 loss=1.1843 time=0.0231 stft=1.9096 cons=0.00000 teacher=0.0000 teacher_w=0.030
epoch=89 step=420/500 loss=1.1799 time=0.0231 stft=1.9018 cons=0.00000 teacher=0.0000 teacher_w=0.030
epoch=89 step=425/500 loss=1.1849 time=0.0231 stft=1.9103 cons=0.00000 teacher=0.0000 teacher_w=0.030
epoch=89 step=430/500 loss=1.1806 time=0.0231 stft=1.9031 cons=0.00000 teacher=0.0000 teacher_w=0.030
epoch=89 step=435/500 loss=1.1799 time=0.0230 stft=1.9022 cons=0.00000 teacher=0.0000 teacher_w=0.030
epoch=89 step=440/500 loss=1.1856 time=0.0229 stft=1.9118 cons=0.00000 teacher=0.0000 teacher_w=0.030
epoch=89 step=445/500 loss=1.1811 time=0.0229 stft=1.9044 cons=0.00000 teacher=0.0000 teacher_w=0.030
epoch=89 step=450/500 loss=1.1819 time=0.0230 stft=1.9054 cons=0.00000 teacher=0.0000 teacher_w=0.030
epoch=89 step=455/500 loss=1.1785 time=0.0229 stft=1.8997 cons=0.00000 teacher=0.0000 teacher_w=0.030
epoch=89 step=460/500 loss=1.1785 time=0.0229 stft=1.8999 cons=0.00000 teacher=0.0000 teacher_w=0.030
epoch=89 step=465/500 loss=1.1819 time=0.0228 stft=1.9058 cons=0.00000 teacher=0.0000 teacher_w=0.030
epoch=89 step=470/500 loss=1.1804 time=0.0227 stft=1.9035 cons=0.00000 teacher=0.0000 teacher_w=0.030
epoch=89 step=475/500 loss=1.1781 time=0.0227 stft=1.8997 cons=0.00000 teacher=0.0000 teacher_w=0.030
epoch=89 step=480/500 loss=1.1764 time=0.0228 stft=1.8967 cons=0.00000 teacher=0.0000 teacher_w=0.030
epoch=89 step=485/500 loss=1.1734 time=0.0229 stft=1.8912 cons=0.00000 teacher=0.0000 teacher_w=0.030
epoch=89 step=490/500 loss=1.1717 time=0.0229 stft=1.8886 cons=0.00000 teacher=0.0000 teacher_w=0.030
epoch=89 step=495/500 loss=1.1700 time=0.0229 stft=1.8858 cons=0.00000 teacher=0.0000 teacher_w=0.030
epoch=89 step=500/500 loss=1.1683 time=0.0228 stft=1.8830 cons=0.00000 teacher=0.0000 teacher_w=0.030
epoch=89 train_loss=1.1957 valid_loss=1.7934 valid_si_sdr=-18.43dB cons=0.000000 lr=2.92893e-05
epoch=90 step=1/500 loss=1.1504 time=0.0078 stft=1.8940 cons=0.00000 teacher=0.0000 teacher_w=0.030
epoch=90 step=5/500 loss=1.2477 time=0.0140 stft=2.0429 cons=0.00000 teacher=0.0000 teacher_w=0.030
epoch=90 step=10/500 loss=1.2107 time=0.0170 stft=1.9776 cons=0.00000 teacher=0.0000 teacher_w=0.030
epoch=90 step=15/500 loss=1.2687 time=0.0181 stft=2.0690 cons=0.00000 teacher=0.0000 teacher_w=0.030
epoch=90 step=20/500 loss=1.2418 time=0.0179 stft=2.0225 cons=0.00000 teacher=0.0000 teacher_w=0.030
epoch=90 step=25/500 loss=1.2592 time=0.0195 stft=2.0468 cons=0.00000 teacher=0.0000 teacher_w=0.030
epoch=90 step=30/500 loss=1.1963 time=0.0199 stft=1.9396 cons=0.00000 teacher=0.0000 teacher_w=0.030
epoch=90 step=35/500 loss=1.2111 time=0.0199 stft=1.9651 cons=0.00000 teacher=0.0000 teacher_w=0.030
epoch=90 step=40/500 loss=1.2139 time=0.0203 stft=1.9670 cons=0.00000 teacher=0.0000 teacher_w=0.030
epoch=90 step=45/500 loss=1.1833 time=0.0205 stft=1.9155 cons=0.00000 teacher=0.0000 teacher_w=0.030
epoch=90 step=50/500 loss=1.1966 time=0.0201 stft=1.9384 cons=0.00000 teacher=0.0000 teacher_w=0.030
epoch=90 step=55/500 loss=1.1784 time=0.0203 stft=1.9078 cons=0.00000 teacher=0.0000 teacher_w=0.030
epoch=90 step=60/500 loss=1.1566 time=0.0202 stft=1.8727 cons=0.00000 teacher=0.0000 teacher_w=0.030
epoch=90 step=65/500 loss=1.1662 time=0.0210 stft=1.8860 cons=0.00000 teacher=0.0000 teacher_w=0.030
epoch=90 step=70/500 loss=1.1454 time=0.0215 stft=1.8499 cons=0.00000 teacher=0.0000 teacher_w=0.030
epoch=90 step=75/500 loss=1.1428 time=0.0216 stft=1.8454 cons=0.00000 teacher=0.0000 teacher_w=0.030
epoch=90 step=80/500 loss=1.1220 time=0.0217 stft=1.8101 cons=0.00000 teacher=0.0000 teacher_w=0.030
epoch=90 step=85/500 loss=1.1367 time=0.0215 stft=1.8345 cons=0.00000 teacher=0.0000 teacher_w=0.030
epoch=90 step=90/500 loss=1.1598 time=0.0211 stft=1.8740 cons=0.00000 teacher=0.0000 teacher_w=0.030
epoch=90 step=95/500 loss=1.1687 time=0.0215 stft=1.8878 cons=0.00000 teacher=0.0000 teacher_w=0.030
epoch=90 step=100/500 loss=1.1652 time=0.0212 stft=1.8829 cons=0.00000 teacher=0.0000 teacher_w=0.030
epoch=90 step=105/500 loss=1.1630 time=0.0213 stft=1.8793 cons=0.00000 teacher=0.0000 teacher_w=0.030
epoch=90 step=110/500 loss=1.1637 time=0.0210 stft=1.8809 cons=0.00000 teacher=0.0000 teacher_w=0.030
epoch=90 step=115/500 loss=1.1695 time=0.0210 stft=1.8904 cons=0.00000 teacher=0.0000 teacher_w=0.030
epoch=90 step=120/500 loss=1.1793 time=0.0211 stft=1.9069 cons=0.00000 teacher=0.0000 teacher_w=0.030
epoch=90 step=125/500 loss=1.1734 time=0.0210 stft=1.8971 cons=0.00000 teacher=0.0000 teacher_w=0.030
epoch=90 step=130/500 loss=1.1701 time=0.0211 stft=1.8912 cons=0.00000 teacher=0.0000 teacher_w=0.030
epoch=90 step=135/500 loss=1.1784 time=0.0213 stft=1.9045 cons=0.00000 teacher=0.0000 teacher_w=0.030
epoch=90 step=140/500 loss=1.1825 time=0.0212 stft=1.9117 cons=0.00000 teacher=0.0000 teacher_w=0.030
epoch=90 step=145/500 loss=1.1884 time=0.0209 stft=1.9224 cons=0.00000 teacher=0.0000 teacher_w=0.030
epoch=90 step=150/500 loss=1.1934 time=0.0208 stft=1.9311 cons=0.00000 teacher=0.0000 teacher_w=0.030
epoch=90 step=155/500 loss=1.2115 time=0.0210 stft=1.9606 cons=0.00000 teacher=0.0000 teacher_w=0.030
epoch=90 step=160/500 loss=1.2099 time=0.0210 stft=1.9584 cons=0.00000 teacher=0.0000 teacher_w=0.030
epoch=90 step=165/500 loss=1.2041 time=0.0208 stft=1.9490 cons=0.00000 teacher=0.0000 teacher_w=0.030
epoch=90 step=170/500 loss=1.1989 time=0.0210 stft=1.9401 cons=0.00000 teacher=0.0000 teacher_w=0.030
epoch=90 step=175/500 loss=1.2054 time=0.0210 stft=1.9508 cons=0.00000 teacher=0.0000 teacher_w=0.030
epoch=90 step=180/500 loss=1.2063 time=0.0209 stft=1.9529 cons=0.00000 teacher=0.0000 teacher_w=0.030
epoch=90 step=185/500 loss=1.2017 time=0.0211 stft=1.9451 cons=0.00000 teacher=0.0000 teacher_w=0.030
epoch=90 step=190/500 loss=1.1962 time=0.0213 stft=1.9350 cons=0.00000 teacher=0.0000 teacher_w=0.030
epoch=90 step=195/500 loss=1.1987 time=0.0213 stft=1.9392 cons=0.00000 teacher=0.0000 teacher_w=0.030
epoch=90 step=200/500 loss=1.1995 time=0.0210 stft=1.9411 cons=0.00000 teacher=0.0000 teacher_w=0.030
epoch=90 step=205/500 loss=1.2088 time=0.0209 stft=1.9569 cons=0.00000 teacher=0.0000 teacher_w=0.030
epoch=90 step=210/500 loss=1.2108 time=0.0210 stft=1.9597 cons=0.00000 teacher=0.0000 teacher_w=0.030
epoch=90 step=215/500 loss=1.2233 time=0.0207 stft=1.9815 cons=0.00000 teacher=0.0000 teacher_w=0.030
epoch=90 step=220/500 loss=1.2338 time=0.0208 stft=1.9991 cons=0.00000 teacher=0.0000 teacher_w=0.030
epoch=90 step=225/500 loss=1.2381 time=0.0208 stft=2.0064 cons=0.00000 teacher=0.0000 teacher_w=0.030
epoch=90 step=230/500 loss=1.2363 time=0.0208 stft=2.0034 cons=0.00000 teacher=0.0000 teacher_w=0.030
epoch=90 step=235/500 loss=1.2504 time=0.0208 stft=2.0273 cons=0.00000 teacher=0.0000 teacher_w=0.030
epoch=90 step=240/500 loss=1.2421 time=0.0209 stft=2.0132 cons=0.00000 teacher=0.0000 teacher_w=0.030
epoch=90 step=245/500 loss=1.2512 time=0.0209 stft=2.0282 cons=0.00000 teacher=0.0000 teacher_w=0.030
epoch=90 step=250/500 loss=1.2470 time=0.0207 stft=2.0215 cons=0.00000 teacher=0.0000 teacher_w=0.030
epoch=90 step=255/500 loss=1.2440 time=0.0208 stft=2.0165 cons=0.00000 teacher=0.0000 teacher_w=0.030
epoch=90 step=260/500 loss=1.2465 time=0.0208 stft=2.0204 cons=0.00000 teacher=0.0000 teacher_w=0.030
epoch=90 step=265/500 loss=1.2413 time=0.0208 stft=2.0117 cons=0.00000 teacher=0.0000 teacher_w=0.030
epoch=90 step=270/500 loss=1.2411 time=0.0209 stft=2.0111 cons=0.00000 teacher=0.0000 teacher_w=0.030
epoch=90 step=275/500 loss=1.2410 time=0.0210 stft=2.0108 cons=0.00000 teacher=0.0000 teacher_w=0.030
epoch=90 step=280/500 loss=1.2371 time=0.0210 stft=2.0038 cons=0.00000 teacher=0.0000 teacher_w=0.030
epoch=90 step=285/500 loss=1.2348 time=0.0209 stft=2.0003 cons=0.00000 teacher=0.0000 teacher_w=0.030
epoch=90 step=290/500 loss=1.2341 time=0.0209 stft=1.9992 cons=0.00000 teacher=0.0000 teacher_w=0.030
epoch=90 step=295/500 loss=1.2264 time=0.0210 stft=1.9861 cons=0.00000 teacher=0.0000 teacher_w=0.030
epoch=90 step=300/500 loss=1.2244 time=0.0213 stft=1.9820 cons=0.00000 teacher=0.0000 teacher_w=0.030
epoch=90 step=305/500 loss=1.2228 time=0.0212 stft=1.9795 cons=0.00000 teacher=0.0000 teacher_w=0.030
epoch=90 step=310/500 loss=1.2169 time=0.0213 stft=1.9695 cons=0.00000 teacher=0.0000 teacher_w=0.030
epoch=90 step=315/500 loss=1.2167 time=0.0212 stft=1.9695 cons=0.00000 teacher=0.0000 teacher_w=0.030
epoch=90 step=320/500 loss=1.2117 time=0.0213 stft=1.9609 cons=0.00000 teacher=0.0000 teacher_w=0.030
epoch=90 step=325/500 loss=1.2061 time=0.0214 stft=1.9513 cons=0.00000 teacher=0.0000 teacher_w=0.030
epoch=90 step=330/500 loss=1.2083 time=0.0214 stft=1.9550 cons=0.00000 teacher=0.0000 teacher_w=0.030
epoch=90 step=335/500 loss=1.2093 time=0.0213 stft=1.9568 cons=0.00000 teacher=0.0000 teacher_w=0.030
epoch=90 step=340/500 loss=1.2071 time=0.0213 stft=1.9531 cons=0.00000 teacher=0.0000 teacher_w=0.030
epoch=90 step=345/500 loss=1.2057 time=0.0214 stft=1.9507 cons=0.00000 teacher=0.0000 teacher_w=0.030
epoch=90 step=350/500 loss=1.2020 time=0.0214 stft=1.9442 cons=0.00000 teacher=0.0000 teacher_w=0.030
epoch=90 step=355/500 loss=1.2020 time=0.0216 stft=1.9436 cons=0.00000 teacher=0.0000 teacher_w=0.030
epoch=90 step=360/500 loss=1.2001 time=0.0215 stft=1.9405 cons=0.00000 teacher=0.0000 teacher_w=0.030
epoch=90 step=365/500 loss=1.1983 time=0.0216 stft=1.9374 cons=0.00000 teacher=0.0000 teacher_w=0.030
epoch=90 step=370/500 loss=1.2005 time=0.0216 stft=1.9412 cons=0.00000 teacher=0.0000 teacher_w=0.030
epoch=90 step=375/500 loss=1.2020 time=0.0216 stft=1.9437 cons=0.00000 teacher=0.0000 teacher_w=0.030
epoch=90 step=380/500 loss=1.2000 time=0.0216 stft=1.9402 cons=0.00000 teacher=0.0000 teacher_w=0.030
epoch=90 step=385/500 loss=1.1994 time=0.0216 stft=1.9392 cons=0.00000 teacher=0.0000 teacher_w=0.030
epoch=90 step=390/500 loss=1.2027 time=0.0216 stft=1.9449 cons=0.00000 teacher=0.0000 teacher_w=0.030
epoch=90 step=395/500 loss=1.2019 time=0.0216 stft=1.9434 cons=0.00000 teacher=0.0000 teacher_w=0.030
epoch=90 step=400/500 loss=1.2019 time=0.0217 stft=1.9435 cons=0.00000 teacher=0.0000 teacher_w=0.030
epoch=90 step=405/500 loss=1.2063 time=0.0216 stft=1.9510 cons=0.00000 teacher=0.0000 teacher_w=0.030
epoch=90 step=410/500 loss=1.2075 time=0.0217 stft=1.9528 cons=0.00000 teacher=0.0000 teacher_w=0.030
epoch=90 step=415/500 loss=1.2020 time=0.0217 stft=1.9438 cons=0.00000 teacher=0.0000 teacher_w=0.030
epoch=90 step=420/500 loss=1.2039 time=0.0217 stft=1.9467 cons=0.00000 teacher=0.0000 teacher_w=0.030
epoch=90 step=425/500 loss=1.2034 time=0.0216 stft=1.9462 cons=0.00000 teacher=0.0000 teacher_w=0.030
epoch=90 step=430/500 loss=1.2068 time=0.0216 stft=1.9518 cons=0.00000 teacher=0.0000 teacher_w=0.030
epoch=90 step=435/500 loss=1.2049 time=0.0217 stft=1.9484 cons=0.00000 teacher=0.0000 teacher_w=0.030
epoch=90 step=440/500 loss=1.2023 time=0.0218 stft=1.9441 cons=0.00000 teacher=0.0000 teacher_w=0.030
epoch=90 step=445/500 loss=1.1997 time=0.0217 stft=1.9398 cons=0.00000 teacher=0.0000 teacher_w=0.030
epoch=90 step=450/500 loss=1.2008 time=0.0217 stft=1.9417 cons=0.00000 teacher=0.0000 teacher_w=0.030
epoch=90 step=455/500 loss=1.1973 time=0.0218 stft=1.9355 cons=0.00000 teacher=0.0000 teacher_w=0.030
epoch=90 step=460/500 loss=1.1970 time=0.0218 stft=1.9350 cons=0.00000 teacher=0.0000 teacher_w=0.030
epoch=90 step=465/500 loss=1.1950 time=0.0218 stft=1.9316 cons=0.00000 teacher=0.0000 teacher_w=0.030
epoch=90 step=470/500 loss=1.1939 time=0.0218 stft=1.9298 cons=0.00000 teacher=0.0000 teacher_w=0.030
epoch=90 step=475/500 loss=1.1929 time=0.0218 stft=1.9279 cons=0.00000 teacher=0.0000 teacher_w=0.030
epoch=90 step=480/500 loss=1.1896 time=0.0218 stft=1.9224 cons=0.00000 teacher=0.0000 teacher_w=0.030
epoch=90 step=485/500 loss=1.1903 time=0.0219 stft=1.9236 cons=0.00000 teacher=0.0000 teacher_w=0.030
epoch=90 step=490/500 loss=1.1874 time=0.0219 stft=1.9186 cons=0.00000 teacher=0.0000 teacher_w=0.030
epoch=90 step=495/500 loss=1.1871 time=0.0219 stft=1.9180 cons=0.00000 teacher=0.0000 teacher_w=0.030
epoch=90 step=500/500 loss=1.1868 time=0.0218 stft=1.9178 cons=0.00000 teacher=0.0000 teacher_w=0.030
epoch=90 train_loss=1.1832 valid_loss=1.7886 valid_si_sdr=-18.34dB cons=0.000000 lr=2.74626e-05
epoch=91 step=1/500 loss=2.4032 time=0.0072 stft=3.9796 cons=0.00000 teacher=0.0000 teacher_w=0.030
epoch=91 step=5/500 loss=1.1860 time=0.0222 stft=1.9066 cons=0.00000 teacher=0.0000 teacher_w=0.030
epoch=91 step=10/500 loss=1.3291 time=0.0225 stft=2.1476 cons=0.00000 teacher=0.0000 teacher_w=0.030
epoch=91 step=15/500 loss=1.1844 time=0.0238 stft=1.9071 cons=0.00000 teacher=0.0000 teacher_w=0.030
epoch=91 step=20/500 loss=1.1753 time=0.0256 stft=1.8880 cons=0.00000 teacher=0.0000 teacher_w=0.030
epoch=91 step=25/500 loss=1.0871 time=0.0260 stft=1.7399 cons=0.00000 teacher=0.0000 teacher_w=0.030
epoch=91 step=30/500 loss=1.1091 time=0.0247 stft=1.7799 cons=0.00000 teacher=0.0000 teacher_w=0.030
epoch=91 step=35/500 loss=1.0864 time=0.0248 stft=1.7415 cons=0.00000 teacher=0.0000 teacher_w=0.030
epoch=91 step=40/500 loss=1.0821 time=0.0241 stft=1.7363 cons=0.00000 teacher=0.0000 teacher_w=0.030
epoch=91 step=45/500 loss=1.0916 time=0.0235 stft=1.7534 cons=0.00000 teacher=0.0000 teacher_w=0.030
epoch=91 step=50/500 loss=1.0951 time=0.0240 stft=1.7583 cons=0.00000 teacher=0.0000 teacher_w=0.030
epoch=91 step=55/500 loss=1.0731 time=0.0240 stft=1.7210 cons=0.00000 teacher=0.0000 teacher_w=0.030
epoch=91 step=60/500 loss=1.0678 time=0.0234 stft=1.7136 cons=0.00000 teacher=0.0000 teacher_w=0.030
epoch=91 step=65/500 loss=1.0802 time=0.0234 stft=1.7354 cons=0.00000 teacher=0.0000 teacher_w=0.030
epoch=91 step=70/500 loss=1.0818 time=0.0232 stft=1.7384 cons=0.00000 teacher=0.0000 teacher_w=0.030
epoch=91 step=75/500 loss=1.1144 time=0.0234 stft=1.7920 cons=0.00000 teacher=0.0000 teacher_w=0.030
epoch=91 step=80/500 loss=1.1098 time=0.0235 stft=1.7836 cons=0.00000 teacher=0.0000 teacher_w=0.030
epoch=91 step=85/500 loss=1.1237 time=0.0236 stft=1.8060 cons=0.00000 teacher=0.0000 teacher_w=0.030
epoch=91 step=90/500 loss=1.1137 time=0.0236 stft=1.7895 cons=0.00000 teacher=0.0000 teacher_w=0.030
epoch=91 step=95/500 loss=1.1411 time=0.0230 stft=1.8369 cons=0.00000 teacher=0.0000 teacher_w=0.030
epoch=91 step=100/500 loss=1.1351 time=0.0230 stft=1.8273 cons=0.00000 teacher=0.0000 teacher_w=0.030
epoch=91 step=105/500 loss=1.1245 time=0.0233 stft=1.8087 cons=0.00000 teacher=0.0000 teacher_w=0.030
epoch=91 step=110/500 loss=1.1123 time=0.0233 stft=1.7884 cons=0.00000 teacher=0.0000 teacher_w=0.030
epoch=91 step=115/500 loss=1.1067 time=0.0234 stft=1.7789 cons=0.00000 teacher=0.0000 teacher_w=0.030
epoch=91 step=120/500 loss=1.1143 time=0.0234 stft=1.7919 cons=0.00000 teacher=0.0000 teacher_w=0.030
epoch=91 step=125/500 loss=1.1104 time=0.0240 stft=1.7838 cons=0.00000 teacher=0.0000 teacher_w=0.030
epoch=91 step=130/500 loss=1.1104 time=0.0239 stft=1.7839 cons=0.00000 teacher=0.0000 teacher_w=0.030
epoch=91 step=135/500 loss=1.1127 time=0.0237 stft=1.7883 cons=0.00000 teacher=0.0000 teacher_w=0.030
epoch=91 step=140/500 loss=1.1206 time=0.0240 stft=1.8004 cons=0.00000 teacher=0.0000 teacher_w=0.030
epoch=91 step=145/500 loss=1.1203 time=0.0238 stft=1.8006 cons=0.00000 teacher=0.0000 teacher_w=0.030
epoch=91 step=150/500 loss=1.1243 time=0.0236 stft=1.8081 cons=0.00000 teacher=0.0000 teacher_w=0.030
epoch=91 step=155/500 loss=1.1216 time=0.0234 stft=1.8041 cons=0.00000 teacher=0.0000 teacher_w=0.030
epoch=91 step=160/500 loss=1.1254 time=0.0232 stft=1.8110 cons=0.00000 teacher=0.0000 teacher_w=0.030
epoch=91 step=165/500 loss=1.1187 time=0.0231 stft=1.8007 cons=0.00000 teacher=0.0000 teacher_w=0.030
epoch=91 step=170/500 loss=1.1209 time=0.0229 stft=1.8049 cons=0.00000 teacher=0.0000 teacher_w=0.030
epoch=91 step=175/500 loss=1.1297 time=0.0229 stft=1.8197 cons=0.00000 teacher=0.0000 teacher_w=0.030
epoch=91 step=180/500 loss=1.1361 time=0.0228 stft=1.8308 cons=0.00000 teacher=0.0000 teacher_w=0.030
epoch=91 step=185/500 loss=1.1264 time=0.0231 stft=1.8137 cons=0.00000 teacher=0.0000 teacher_w=0.030
epoch=91 step=190/500 loss=1.1261 time=0.0228 stft=1.8138 cons=0.00000 teacher=0.0000 teacher_w=0.030
epoch=91 step=195/500 loss=1.1199 time=0.0229 stft=1.8033 cons=0.00000 teacher=0.0000 teacher_w=0.030
epoch=91 step=200/500 loss=1.1276 time=0.0227 stft=1.8163 cons=0.00000 teacher=0.0000 teacher_w=0.030
epoch=91 step=205/500 loss=1.1177 time=0.0226 stft=1.8001 cons=0.00000 teacher=0.0000 teacher_w=0.030
epoch=91 step=210/500 loss=1.1175 time=0.0227 stft=1.7999 cons=0.00000 teacher=0.0000 teacher_w=0.030
epoch=91 step=215/500 loss=1.1216 time=0.0228 stft=1.8061 cons=0.00000 teacher=0.0000 teacher_w=0.030
epoch=91 step=220/500 loss=1.1245 time=0.0228 stft=1.8111 cons=0.00000 teacher=0.0000 teacher_w=0.030
epoch=91 step=225/500 loss=1.1194 time=0.0230 stft=1.8023 cons=0.00000 teacher=0.0000 teacher_w=0.030
epoch=91 step=230/500 loss=1.1204 time=0.0228 stft=1.8044 cons=0.00000 teacher=0.0000 teacher_w=0.030
epoch=91 step=235/500 loss=1.1212 time=0.0229 stft=1.8055 cons=0.00000 teacher=0.0000 teacher_w=0.030
epoch=91 step=240/500 loss=1.1291 time=0.0226 stft=1.8193 cons=0.00000 teacher=0.0000 teacher_w=0.030
epoch=91 step=245/500 loss=1.1372 time=0.0225 stft=1.8332 cons=0.00000 teacher=0.0000 teacher_w=0.030
epoch=91 step=250/500 loss=1.1302 time=0.0226 stft=1.8215 cons=0.00000 teacher=0.0000 teacher_w=0.030
epoch=91 step=255/500 loss=1.1234 time=0.0228 stft=1.8097 cons=0.00000 teacher=0.0000 teacher_w=0.030
epoch=91 step=260/500 loss=1.1196 time=0.0230 stft=1.8028 cons=0.00000 teacher=0.0000 teacher_w=0.030
epoch=91 step=265/500 loss=1.1232 time=0.0229 stft=1.8088 cons=0.00000 teacher=0.0000 teacher_w=0.030
epoch=91 step=270/500 loss=1.1200 time=0.0229 stft=1.8036 cons=0.00000 teacher=0.0000 teacher_w=0.030
epoch=91 step=275/500 loss=1.1185 time=0.0231 stft=1.8008 cons=0.00000 teacher=0.0000 teacher_w=0.030
epoch=91 step=280/500 loss=1.1225 time=0.0229 stft=1.8078 cons=0.00000 teacher=0.0000 teacher_w=0.030
epoch=91 step=285/500 loss=1.1225 time=0.0229 stft=1.8078 cons=0.00000 teacher=0.0000 teacher_w=0.030
epoch=91 step=290/500 loss=1.1315 time=0.0229 stft=1.8229 cons=0.00000 teacher=0.0000 teacher_w=0.030
epoch=91 step=295/500 loss=1.1280 time=0.0231 stft=1.8167 cons=0.00000 teacher=0.0000 teacher_w=0.030
epoch=91 step=300/500 loss=1.1324 time=0.0231 stft=1.8241 cons=0.00000 teacher=0.0000 teacher_w=0.030
epoch=91 step=305/500 loss=1.1372 time=0.0232 stft=1.8318 cons=0.00000 teacher=0.0000 teacher_w=0.030
epoch=91 step=310/500 loss=1.1365 time=0.0233 stft=1.8305 cons=0.00000 teacher=0.0000 teacher_w=0.030
epoch=91 step=315/500 loss=1.1334 time=0.0233 stft=1.8251 cons=0.00000 teacher=0.0000 teacher_w=0.030
epoch=91 step=320/500 loss=1.1390 time=0.0231 stft=1.8349 cons=0.00000 teacher=0.0000 teacher_w=0.030
epoch=91 step=325/500 loss=1.1418 time=0.0231 stft=1.8398 cons=0.00000 teacher=0.0000 teacher_w=0.030
epoch=91 step=330/500 loss=1.1505 time=0.0230 stft=1.8546 cons=0.00000 teacher=0.0000 teacher_w=0.030
epoch=91 step=335/500 loss=1.1476 time=0.0231 stft=1.8498 cons=0.00000 teacher=0.0000 teacher_w=0.030
epoch=91 step=340/500 loss=1.1532 time=0.0229 stft=1.8594 cons=0.00000 teacher=0.0000 teacher_w=0.030
epoch=91 step=345/500 loss=1.1559 time=0.0229 stft=1.8638 cons=0.00000 teacher=0.0000 teacher_w=0.030
epoch=91 step=350/500 loss=1.1538 time=0.0231 stft=1.8600 cons=0.00000 teacher=0.0000 teacher_w=0.030
epoch=91 step=355/500 loss=1.1598 time=0.0231 stft=1.8699 cons=0.00000 teacher=0.0000 teacher_w=0.030
epoch=91 step=360/500 loss=1.1607 time=0.0229 stft=1.8719 cons=0.00000 teacher=0.0000 teacher_w=0.030
epoch=91 step=365/500 loss=1.1591 time=0.0230 stft=1.8688 cons=0.00000 teacher=0.0000 teacher_w=0.030
epoch=91 step=370/500 loss=1.1553 time=0.0231 stft=1.8619 cons=0.00000 teacher=0.0000 teacher_w=0.030
epoch=91 step=375/500 loss=1.1594 time=0.0231 stft=1.8688 cons=0.00000 teacher=0.0000 teacher_w=0.030
epoch=91 step=380/500 loss=1.1579 time=0.0230 stft=1.8666 cons=0.00000 teacher=0.0000 teacher_w=0.030
epoch=91 step=385/500 loss=1.1550 time=0.0230 stft=1.8619 cons=0.00000 teacher=0.0000 teacher_w=0.030
epoch=91 step=390/500 loss=1.1579 time=0.0232 stft=1.8662 cons=0.00000 teacher=0.0000 teacher_w=0.030
epoch=91 step=395/500 loss=1.1582 time=0.0232 stft=1.8666 cons=0.00000 teacher=0.0000 teacher_w=0.030
epoch=91 step=400/500 loss=1.1599 time=0.0232 stft=1.8694 cons=0.00000 teacher=0.0000 teacher_w=0.030
epoch=91 step=405/500 loss=1.1549 time=0.0232 stft=1.8611 cons=0.00000 teacher=0.0000 teacher_w=0.030
epoch=91 step=410/500 loss=1.1515 time=0.0233 stft=1.8553 cons=0.00000 teacher=0.0000 teacher_w=0.030
epoch=91 step=415/500 loss=1.1553 time=0.0233 stft=1.8617 cons=0.00000 teacher=0.0000 teacher_w=0.030
epoch=91 step=420/500 loss=1.1510 time=0.0233 stft=1.8545 cons=0.00000 teacher=0.0000 teacher_w=0.030
epoch=91 step=425/500 loss=1.1497 time=0.0235 stft=1.8519 cons=0.00000 teacher=0.0000 teacher_w=0.030
epoch=91 step=430/500 loss=1.1515 time=0.0235 stft=1.8549 cons=0.00000 teacher=0.0000 teacher_w=0.030
epoch=91 step=435/500 loss=1.1507 time=0.0235 stft=1.8535 cons=0.00000 teacher=0.0000 teacher_w=0.030
epoch=91 step=440/500 loss=1.1482 time=0.0235 stft=1.8495 cons=0.00000 teacher=0.0000 teacher_w=0.030
epoch=91 step=445/500 loss=1.1502 time=0.0235 stft=1.8527 cons=0.00000 teacher=0.0000 teacher_w=0.030
epoch=91 step=450/500 loss=1.1501 time=0.0235 stft=1.8524 cons=0.00000 teacher=0.0000 teacher_w=0.030
epoch=91 step=455/500 loss=1.1509 time=0.0235 stft=1.8536 cons=0.00000 teacher=0.0000 teacher_w=0.030
epoch=91 step=460/500 loss=1.1485 time=0.0236 stft=1.8495 cons=0.00000 teacher=0.0000 teacher_w=0.030
epoch=91 step=465/500 loss=1.1459 time=0.0236 stft=1.8452 cons=0.00000 teacher=0.0000 teacher_w=0.030
epoch=91 step=470/500 loss=1.1460 time=0.0236 stft=1.8454 cons=0.00000 teacher=0.0000 teacher_w=0.030
epoch=91 step=475/500 loss=1.1475 time=0.0236 stft=1.8477 cons=0.00000 teacher=0.0000 teacher_w=0.030
epoch=91 step=480/500 loss=1.1464 time=0.0236 stft=1.8460 cons=0.00000 teacher=0.0000 teacher_w=0.030
epoch=91 step=485/500 loss=1.1465 time=0.0235 stft=1.8464 cons=0.00000 teacher=0.0000 teacher_w=0.030
epoch=91 step=490/500 loss=1.1473 time=0.0235 stft=1.8475 cons=0.00000 teacher=0.0000 teacher_w=0.030
epoch=91 step=495/500 loss=1.1498 time=0.0235 stft=1.8519 cons=0.00000 teacher=0.0000 teacher_w=0.030
epoch=91 step=500/500 loss=1.1517 time=0.0235 stft=1.8549 cons=0.00000 teacher=0.0000 teacher_w=0.030
epoch=91 train_loss=1.1532 valid_loss=1.7834 valid_si_sdr=-18.25dB cons=0.000000 lr=2.56855e-05
epoch=92 step=1/500 loss=0.8320 time=0.0251 stft=1.3203 cons=0.00000 teacher=0.0000 teacher_w=0.030
epoch=92 step=5/500 loss=0.8953 time=0.0302 stft=1.4118 cons=0.00000 teacher=0.0000 teacher_w=0.030
epoch=92 step=10/500 loss=0.9180 time=0.0256 stft=1.4540 cons=0.00000 teacher=0.0000 teacher_w=0.030
epoch=92 step=15/500 loss=1.0252 time=0.0236 stft=1.6400 cons=0.00000 teacher=0.0000 teacher_w=0.030
epoch=92 step=20/500 loss=1.0417 time=0.0218 stft=1.6747 cons=0.00000 teacher=0.0000 teacher_w=0.030
epoch=92 step=25/500 loss=1.2569 time=0.0192 stft=2.0406 cons=0.00000 teacher=0.0000 teacher_w=0.030
epoch=92 step=30/500 loss=1.1894 time=0.0214 stft=1.9234 cons=0.00000 teacher=0.0000 teacher_w=0.030
epoch=92 step=35/500 loss=1.1876 time=0.0210 stft=1.9211 cons=0.00000 teacher=0.0000 teacher_w=0.030
epoch=92 step=40/500 loss=1.1452 time=0.0206 stft=1.8511 cons=0.00000 teacher=0.0000 teacher_w=0.030
epoch=92 step=45/500 loss=1.1373 time=0.0212 stft=1.8357 cons=0.00000 teacher=0.0000 teacher_w=0.030
epoch=92 step=50/500 loss=1.1717 time=0.0224 stft=1.8886 cons=0.00000 teacher=0.0000 teacher_w=0.030
epoch=92 step=55/500 loss=1.2201 time=0.0230 stft=1.9677 cons=0.00000 teacher=0.0000 teacher_w=0.030
epoch=92 step=60/500 loss=1.2371 time=0.0224 stft=1.9987 cons=0.00000 teacher=0.0000 teacher_w=0.030
epoch=92 step=65/500 loss=1.2899 time=0.0215 stft=2.0888 cons=0.00000 teacher=0.0000 teacher_w=0.030
epoch=92 step=70/500 loss=1.2769 time=0.0221 stft=2.0658 cons=0.00000 teacher=0.0000 teacher_w=0.030
epoch=92 step=75/500 loss=1.2860 time=0.0231 stft=2.0803 cons=0.00000 teacher=0.0000 teacher_w=0.030
epoch=92 step=80/500 loss=1.2645 time=0.0228 stft=2.0449 cons=0.00000 teacher=0.0000 teacher_w=0.030
epoch=92 step=85/500 loss=1.2921 time=0.0225 stft=2.0913 cons=0.00000 teacher=0.0000 teacher_w=0.030
epoch=92 step=90/500 loss=1.2983 time=0.0225 stft=2.1020 cons=0.00000 teacher=0.0000 teacher_w=0.030
epoch=92 step=95/500 loss=1.2786 time=0.0224 stft=2.0693 cons=0.00000 teacher=0.0000 teacher_w=0.030
epoch=92 step=100/500 loss=1.2677 time=0.0223 stft=2.0519 cons=0.00000 teacher=0.0000 teacher_w=0.030
epoch=92 step=105/500 loss=1.2638 time=0.0224 stft=2.0444 cons=0.00000 teacher=0.0000 teacher_w=0.030
epoch=92 step=110/500 loss=1.2551 time=0.0228 stft=2.0288 cons=0.00000 teacher=0.0000 teacher_w=0.030
epoch=92 step=115/500 loss=1.2640 time=0.0223 stft=2.0443 cons=0.00000 teacher=0.0000 teacher_w=0.030
epoch=92 step=120/500 loss=1.2735 time=0.0224 stft=2.0596 cons=0.00000 teacher=0.0000 teacher_w=0.030
epoch=92 step=125/500 loss=1.2769 time=0.0227 stft=2.0639 cons=0.00000 teacher=0.0000 teacher_w=0.030
epoch=92 step=130/500 loss=1.2736 time=0.0229 stft=2.0582 cons=0.00000 teacher=0.0000 teacher_w=0.030
epoch=92 step=135/500 loss=1.2642 time=0.0228 stft=2.0428 cons=0.00000 teacher=0.0000 teacher_w=0.030
epoch=92 step=140/500 loss=1.2485 time=0.0228 stft=2.0166 cons=0.00000 teacher=0.0000 teacher_w=0.030
epoch=92 step=145/500 loss=1.2429 time=0.0227 stft=2.0078 cons=0.00000 teacher=0.0000 teacher_w=0.030
epoch=92 step=150/500 loss=1.2350 time=0.0224 stft=1.9954 cons=0.00000 teacher=0.0000 teacher_w=0.030
epoch=92 step=155/500 loss=1.2299 time=0.0221 stft=1.9876 cons=0.00000 teacher=0.0000 teacher_w=0.030
epoch=92 step=160/500 loss=1.2250 time=0.0224 stft=1.9786 cons=0.00000 teacher=0.0000 teacher_w=0.030
epoch=92 step=165/500 loss=1.2450 time=0.0220 stft=2.0131 cons=0.00000 teacher=0.0000 teacher_w=0.030
epoch=92 step=170/500 loss=1.2442 time=0.0220 stft=2.0116 cons=0.00000 teacher=0.0000 teacher_w=0.030
epoch=92 step=175/500 loss=1.2347 time=0.0221 stft=1.9956 cons=0.00000 teacher=0.0000 teacher_w=0.030
epoch=92 step=180/500 loss=1.2347 time=0.0221 stft=1.9958 cons=0.00000 teacher=0.0000 teacher_w=0.030
epoch=92 step=185/500 loss=1.2321 time=0.0222 stft=1.9912 cons=0.00000 teacher=0.0000 teacher_w=0.030
epoch=92 step=190/500 loss=1.2272 time=0.0222 stft=1.9828 cons=0.00000 teacher=0.0000 teacher_w=0.030
epoch=92 step=195/500 loss=1.2206 time=0.0223 stft=1.9717 cons=0.00000 teacher=0.0000 teacher_w=0.030
epoch=92 step=200/500 loss=1.2191 time=0.0222 stft=1.9691 cons=0.00000 teacher=0.0000 teacher_w=0.030
epoch=92 step=205/500 loss=1.2214 time=0.0222 stft=1.9730 cons=0.00000 teacher=0.0000 teacher_w=0.030
epoch=92 step=210/500 loss=1.2137 time=0.0222 stft=1.9601 cons=0.00000 teacher=0.0000 teacher_w=0.030
epoch=92 step=215/500 loss=1.2112 time=0.0223 stft=1.9559 cons=0.00000 teacher=0.0000 teacher_w=0.030
epoch=92 step=220/500 loss=1.2092 time=0.0222 stft=1.9527 cons=0.00000 teacher=0.0000 teacher_w=0.030
epoch=92 step=225/500 loss=1.2003 time=0.0221 stft=1.9383 cons=0.00000 teacher=0.0000 teacher_w=0.030
epoch=92 step=230/500 loss=1.2104 time=0.0219 stft=1.9557 cons=0.00000 teacher=0.0000 teacher_w=0.030
epoch=92 step=235/500 loss=1.2056 time=0.0222 stft=1.9472 cons=0.00000 teacher=0.0000 teacher_w=0.030
epoch=92 step=240/500 loss=1.2024 time=0.0224 stft=1.9414 cons=0.00000 teacher=0.0000 teacher_w=0.030
epoch=92 step=245/500 loss=1.1945 time=0.0223 stft=1.9284 cons=0.00000 teacher=0.0000 teacher_w=0.030
epoch=92 step=250/500 loss=1.1903 time=0.0224 stft=1.9211 cons=0.00000 teacher=0.0000 teacher_w=0.030
epoch=92 step=255/500 loss=1.1980 time=0.0223 stft=1.9343 cons=0.00000 teacher=0.0000 teacher_w=0.030
epoch=92 step=260/500 loss=1.2074 time=0.0222 stft=1.9503 cons=0.00000 teacher=0.0000 teacher_w=0.030
epoch=92 step=265/500 loss=1.2035 time=0.0223 stft=1.9435 cons=0.00000 teacher=0.0000 teacher_w=0.030
epoch=92 step=270/500 loss=1.2024 time=0.0224 stft=1.9410 cons=0.00000 teacher=0.0000 teacher_w=0.030
epoch=92 step=275/500 loss=1.2015 time=0.0224 stft=1.9396 cons=0.00000 teacher=0.0000 teacher_w=0.030
epoch=92 step=280/500 loss=1.2024 time=0.0224 stft=1.9412 cons=0.00000 teacher=0.0000 teacher_w=0.030
epoch=92 step=285/500 loss=1.2033 time=0.0224 stft=1.9427 cons=0.00000 teacher=0.0000 teacher_w=0.030
epoch=92 step=290/500 loss=1.1999 time=0.0226 stft=1.9366 cons=0.00000 teacher=0.0000 teacher_w=0.030
epoch=92 step=295/500 loss=1.2034 time=0.0226 stft=1.9423 cons=0.00000 teacher=0.0000 teacher_w=0.030
epoch=92 step=300/500 loss=1.2003 time=0.0228 stft=1.9367 cons=0.00000 teacher=0.0000 teacher_w=0.030
epoch=92 step=305/500 loss=1.2041 time=0.0226 stft=1.9435 cons=0.00000 teacher=0.0000 teacher_w=0.030
epoch=92 step=310/500 loss=1.2046 time=0.0227 stft=1.9443 cons=0.00000 teacher=0.0000 teacher_w=0.030
epoch=92 step=315/500 loss=1.2045 time=0.0226 stft=1.9443 cons=0.00000 teacher=0.0000 teacher_w=0.030
epoch=92 step=320/500 loss=1.2058 time=0.0225 stft=1.9464 cons=0.00000 teacher=0.0000 teacher_w=0.030
epoch=92 step=325/500 loss=1.1992 time=0.0225 stft=1.9354 cons=0.00000 teacher=0.0000 teacher_w=0.030
epoch=92 step=330/500 loss=1.2018 time=0.0225 stft=1.9401 cons=0.00000 teacher=0.0000 teacher_w=0.030
epoch=92 step=335/500 loss=1.1987 time=0.0224 stft=1.9352 cons=0.00000 teacher=0.0000 teacher_w=0.030
epoch=92 step=340/500 loss=1.2032 time=0.0222 stft=1.9430 cons=0.00000 teacher=0.0000 teacher_w=0.030
epoch=92 step=345/500 loss=1.2005 time=0.0223 stft=1.9386 cons=0.00000 teacher=0.0000 teacher_w=0.030
epoch=92 step=350/500 loss=1.2002 time=0.0223 stft=1.9381 cons=0.00000 teacher=0.0000 teacher_w=0.030
epoch=92 step=355/500 loss=1.2028 time=0.0224 stft=1.9416 cons=0.00000 teacher=0.0000 teacher_w=0.030
epoch=92 step=360/500 loss=1.2013 time=0.0226 stft=1.9383 cons=0.00000 teacher=0.0000 teacher_w=0.030
epoch=92 step=365/500 loss=1.1997 time=0.0227 stft=1.9352 cons=0.00000 teacher=0.0000 teacher_w=0.030
epoch=92 step=370/500 loss=1.1987 time=0.0227 stft=1.9337 cons=0.00000 teacher=0.0000 teacher_w=0.030
epoch=92 step=375/500 loss=1.2000 time=0.0226 stft=1.9360 cons=0.00000 teacher=0.0000 teacher_w=0.030
epoch=92 step=380/500 loss=1.1993 time=0.0227 stft=1.9347 cons=0.00000 teacher=0.0000 teacher_w=0.030
epoch=92 step=385/500 loss=1.1993 time=0.0226 stft=1.9349 cons=0.00000 teacher=0.0000 teacher_w=0.030
epoch=92 step=390/500 loss=1.2021 time=0.0225 stft=1.9399 cons=0.00000 teacher=0.0000 teacher_w=0.030
epoch=92 step=395/500 loss=1.2008 time=0.0226 stft=1.9375 cons=0.00000 teacher=0.0000 teacher_w=0.030
epoch=92 step=400/500 loss=1.2088 time=0.0225 stft=1.9511 cons=0.00000 teacher=0.0000 teacher_w=0.030
epoch=92 step=405/500 loss=1.2058 time=0.0225 stft=1.9460 cons=0.00000 teacher=0.0000 teacher_w=0.030
epoch=92 step=410/500 loss=1.2037 time=0.0226 stft=1.9425 cons=0.00000 teacher=0.0000 teacher_w=0.030
epoch=92 step=415/500 loss=1.2029 time=0.0227 stft=1.9409 cons=0.00000 teacher=0.0000 teacher_w=0.030
epoch=92 step=420/500 loss=1.2000 time=0.0228 stft=1.9359 cons=0.00000 teacher=0.0000 teacher_w=0.030
epoch=92 step=425/500 loss=1.2010 time=0.0228 stft=1.9375 cons=0.00000 teacher=0.0000 teacher_w=0.030
epoch=92 step=430/500 loss=1.2017 time=0.0228 stft=1.9388 cons=0.00000 teacher=0.0000 teacher_w=0.030
epoch=92 step=435/500 loss=1.2011 time=0.0227 stft=1.9379 cons=0.00000 teacher=0.0000 teacher_w=0.030
epoch=92 step=440/500 loss=1.1975 time=0.0227 stft=1.9320 cons=0.00000 teacher=0.0000 teacher_w=0.030
epoch=92 step=445/500 loss=1.2006 time=0.0227 stft=1.9371 cons=0.00000 teacher=0.0000 teacher_w=0.030
epoch=92 step=450/500 loss=1.1980 time=0.0226 stft=1.9328 cons=0.00000 teacher=0.0000 teacher_w=0.030
epoch=92 step=455/500 loss=1.1987 time=0.0226 stft=1.9339 cons=0.00000 teacher=0.0000 teacher_w=0.030
epoch=92 step=460/500 loss=1.2010 time=0.0228 stft=1.9373 cons=0.00000 teacher=0.0000 teacher_w=0.030
epoch=92 step=465/500 loss=1.2017 time=0.0228 stft=1.9384 cons=0.00000 teacher=0.0000 teacher_w=0.030
epoch=92 step=470/500 loss=1.1985 time=0.0228 stft=1.9330 cons=0.00000 teacher=0.0000 teacher_w=0.030
epoch=92 step=475/500 loss=1.1956 time=0.0227 stft=1.9283 cons=0.00000 teacher=0.0000 teacher_w=0.030
epoch=92 step=480/500 loss=1.1976 time=0.0228 stft=1.9314 cons=0.00000 teacher=0.0000 teacher_w=0.030
epoch=92 step=485/500 loss=1.1948 time=0.0228 stft=1.9268 cons=0.00000 teacher=0.0000 teacher_w=0.030
epoch=92 step=490/500 loss=1.1955 time=0.0227 stft=1.9283 cons=0.00000 teacher=0.0000 teacher_w=0.030
epoch=92 step=495/500 loss=1.1937 time=0.0227 stft=1.9254 cons=0.00000 teacher=0.0000 teacher_w=0.030
epoch=92 step=500/500 loss=1.1910 time=0.0226 stft=1.9210 cons=0.00000 teacher=0.0000 teacher_w=0.030
epoch=92 train_loss=1.1912 valid_loss=1.7789 valid_si_sdr=-18.21dB cons=0.000000 lr=2.39594e-05
epoch=93 step=1/500 loss=1.1591 time=0.0113 stft=1.9098 cons=0.00000 teacher=0.0000 teacher_w=0.030
epoch=93 step=5/500 loss=1.4042 time=0.0150 stft=2.3013 cons=0.00000 teacher=0.0000 teacher_w=0.030
epoch=93 step=10/500 loss=1.0766 time=0.0200 stft=1.7392 cons=0.00000 teacher=0.0000 teacher_w=0.030
epoch=93 step=15/500 loss=1.1274 time=0.0219 stft=1.8193 cons=0.00000 teacher=0.0000 teacher_w=0.030
epoch=93 step=20/500 loss=1.1928 time=0.0225 stft=1.9258 cons=0.00000 teacher=0.0000 teacher_w=0.030
epoch=93 step=25/500 loss=1.1957 time=0.0222 stft=1.9311 cons=0.00000 teacher=0.0000 teacher_w=0.030
epoch=93 step=30/500 loss=1.1830 time=0.0213 stft=1.9115 cons=0.00000 teacher=0.0000 teacher_w=0.030
epoch=93 step=35/500 loss=1.1727 time=0.0211 stft=1.8955 cons=0.00000 teacher=0.0000 teacher_w=0.030
epoch=93 step=40/500 loss=1.1605 time=0.0223 stft=1.8714 cons=0.00000 teacher=0.0000 teacher_w=0.030
epoch=93 step=45/500 loss=1.1638 time=0.0220 stft=1.8773 cons=0.00000 teacher=0.0000 teacher_w=0.030
epoch=93 step=50/500 loss=1.1553 time=0.0231 stft=1.8593 cons=0.00000 teacher=0.0000 teacher_w=0.030
epoch=93 step=55/500 loss=1.1573 time=0.0239 stft=1.8605 cons=0.00000 teacher=0.0000 teacher_w=0.030
epoch=93 step=60/500 loss=1.1361 time=0.0235 stft=1.8264 cons=0.00000 teacher=0.0000 teacher_w=0.030
epoch=93 step=65/500 loss=1.1216 time=0.0233 stft=1.8030 cons=0.00000 teacher=0.0000 teacher_w=0.030
epoch=93 step=70/500 loss=1.1179 time=0.0229 stft=1.7976 cons=0.00000 teacher=0.0000 teacher_w=0.030
epoch=93 step=75/500 loss=1.1195 time=0.0226 stft=1.8014 cons=0.00000 teacher=0.0000 teacher_w=0.030
epoch=93 step=80/500 loss=1.1246 time=0.0229 stft=1.8085 cons=0.00000 teacher=0.0000 teacher_w=0.030
epoch=93 step=85/500 loss=1.1341 time=0.0228 stft=1.8249 cons=0.00000 teacher=0.0000 teacher_w=0.030
epoch=93 step=90/500 loss=1.1148 time=0.0228 stft=1.7928 cons=0.00000 teacher=0.0000 teacher_w=0.030
epoch=93 step=95/500 loss=1.0979 time=0.0236 stft=1.7621 cons=0.00000 teacher=0.0000 teacher_w=0.030
epoch=93 step=100/500 loss=1.0876 time=0.0235 stft=1.7454 cons=0.00000 teacher=0.0000 teacher_w=0.030
epoch=93 step=105/500 loss=1.0717 time=0.0234 stft=1.7193 cons=0.00000 teacher=0.0000 teacher_w=0.030
epoch=93 step=110/500 loss=1.0638 time=0.0238 stft=1.7051 cons=0.00000 teacher=0.0000 teacher_w=0.030
epoch=93 step=115/500 loss=1.0639 time=0.0232 stft=1.7070 cons=0.00000 teacher=0.0000 teacher_w=0.030
epoch=93 step=120/500 loss=1.0832 time=0.0230 stft=1.7398 cons=0.00000 teacher=0.0000 teacher_w=0.030
epoch=93 step=125/500 loss=1.0812 time=0.0231 stft=1.7365 cons=0.00000 teacher=0.0000 teacher_w=0.030
epoch=93 step=130/500 loss=1.0800 time=0.0230 stft=1.7344 cons=0.00000 teacher=0.0000 teacher_w=0.030
epoch=93 step=135/500 loss=1.0730 time=0.0229 stft=1.7234 cons=0.00000 teacher=0.0000 teacher_w=0.030
epoch=93 step=140/500 loss=1.0667 time=0.0230 stft=1.7124 cons=0.00000 teacher=0.0000 teacher_w=0.030
epoch=93 step=145/500 loss=1.0769 time=0.0228 stft=1.7295 cons=0.00000 teacher=0.0000 teacher_w=0.030
epoch=93 step=150/500 loss=1.0741 time=0.0226 stft=1.7256 cons=0.00000 teacher=0.0000 teacher_w=0.030
epoch=93 step=155/500 loss=1.0707 time=0.0226 stft=1.7199 cons=0.00000 teacher=0.0000 teacher_w=0.030
epoch=93 step=160/500 loss=1.0693 time=0.0226 stft=1.7175 cons=0.00000 teacher=0.0000 teacher_w=0.030
epoch=93 step=165/500 loss=1.0636 time=0.0225 stft=1.7080 cons=0.00000 teacher=0.0000 teacher_w=0.030
epoch=93 step=170/500 loss=1.0715 time=0.0223 stft=1.7216 cons=0.00000 teacher=0.0000 teacher_w=0.030
epoch=93 step=175/500 loss=1.0777 time=0.0222 stft=1.7323 cons=0.00000 teacher=0.0000 teacher_w=0.030
epoch=93 step=180/500 loss=1.0759 time=0.0220 stft=1.7295 cons=0.00000 teacher=0.0000 teacher_w=0.030
epoch=93 step=185/500 loss=1.0827 time=0.0218 stft=1.7415 cons=0.00000 teacher=0.0000 teacher_w=0.030
epoch=93 step=190/500 loss=1.0899 time=0.0218 stft=1.7533 cons=0.00000 teacher=0.0000 teacher_w=0.030
epoch=93 step=195/500 loss=1.0833 time=0.0218 stft=1.7423 cons=0.00000 teacher=0.0000 teacher_w=0.030
epoch=93 step=200/500 loss=1.0822 time=0.0217 stft=1.7407 cons=0.00000 teacher=0.0000 teacher_w=0.030
epoch=93 step=205/500 loss=1.0881 time=0.0215 stft=1.7509 cons=0.00000 teacher=0.0000 teacher_w=0.030
epoch=93 step=210/500 loss=1.0890 time=0.0218 stft=1.7520 cons=0.00000 teacher=0.0000 teacher_w=0.030
epoch=93 step=215/500 loss=1.0906 time=0.0218 stft=1.7545 cons=0.00000 teacher=0.0000 teacher_w=0.030
epoch=93 step=220/500 loss=1.0886 time=0.0217 stft=1.7514 cons=0.00000 teacher=0.0000 teacher_w=0.030
epoch=93 step=225/500 loss=1.0923 time=0.0216 stft=1.7581 cons=0.00000 teacher=0.0000 teacher_w=0.030
epoch=93 step=230/500 loss=1.0977 time=0.0216 stft=1.7670 cons=0.00000 teacher=0.0000 teacher_w=0.030
epoch=93 step=235/500 loss=1.0950 time=0.0216 stft=1.7622 cons=0.00000 teacher=0.0000 teacher_w=0.030
epoch=93 step=240/500 loss=1.0914 time=0.0216 stft=1.7564 cons=0.00000 teacher=0.0000 teacher_w=0.030
epoch=93 step=245/500 loss=1.0993 time=0.0216 stft=1.7692 cons=0.00000 teacher=0.0000 teacher_w=0.030
epoch=93 step=250/500 loss=1.0916 time=0.0216 stft=1.7564 cons=0.00000 teacher=0.0000 teacher_w=0.030
epoch=93 step=255/500 loss=1.0919 time=0.0217 stft=1.7568 cons=0.00000 teacher=0.0000 teacher_w=0.030
epoch=93 step=260/500 loss=1.0901 time=0.0215 stft=1.7542 cons=0.00000 teacher=0.0000 teacher_w=0.030
epoch=93 step=265/500 loss=1.0930 time=0.0214 stft=1.7594 cons=0.00000 teacher=0.0000 teacher_w=0.030
epoch=93 step=270/500 loss=1.0926 time=0.0215 stft=1.7584 cons=0.00000 teacher=0.0000 teacher_w=0.030
epoch=93 step=275/500 loss=1.0944 time=0.0212 stft=1.7623 cons=0.00000 teacher=0.0000 teacher_w=0.030
epoch=93 step=280/500 loss=1.0966 time=0.0213 stft=1.7657 cons=0.00000 teacher=0.0000 teacher_w=0.030
epoch=93 step=285/500 loss=1.0904 time=0.0214 stft=1.7552 cons=0.00000 teacher=0.0000 teacher_w=0.030
epoch=93 step=290/500 loss=1.0910 time=0.0215 stft=1.7562 cons=0.00000 teacher=0.0000 teacher_w=0.030
epoch=93 step=295/500 loss=1.0906 time=0.0215 stft=1.7554 cons=0.00000 teacher=0.0000 teacher_w=0.030
epoch=93 step=300/500 loss=1.1000 time=0.0215 stft=1.7713 cons=0.00000 teacher=0.0000 teacher_w=0.030
epoch=93 step=305/500 loss=1.1028 time=0.0215 stft=1.7761 cons=0.00000 teacher=0.0000 teacher_w=0.030
epoch=93 step=310/500 loss=1.0973 time=0.0214 stft=1.7671 cons=0.00000 teacher=0.0000 teacher_w=0.030
epoch=93 step=315/500 loss=1.1043 time=0.0215 stft=1.7783 cons=0.00000 teacher=0.0000 teacher_w=0.030
epoch=93 step=320/500 loss=1.1089 time=0.0215 stft=1.7864 cons=0.00000 teacher=0.0000 teacher_w=0.030
epoch=93 step=325/500 loss=1.1125 time=0.0215 stft=1.7924 cons=0.00000 teacher=0.0000 teacher_w=0.030
epoch=93 step=330/500 loss=1.1105 time=0.0215 stft=1.7890 cons=0.00000 teacher=0.0000 teacher_w=0.030
epoch=93 step=335/500 loss=1.1093 time=0.0215 stft=1.7871 cons=0.00000 teacher=0.0000 teacher_w=0.030
epoch=93 step=340/500 loss=1.1069 time=0.0215 stft=1.7829 cons=0.00000 teacher=0.0000 teacher_w=0.030
epoch=93 step=345/500 loss=1.1120 time=0.0216 stft=1.7914 cons=0.00000 teacher=0.0000 teacher_w=0.030
epoch=93 step=350/500 loss=1.1096 time=0.0216 stft=1.7874 cons=0.00000 teacher=0.0000 teacher_w=0.030
epoch=93 step=355/500 loss=1.1103 time=0.0218 stft=1.7878 cons=0.00000 teacher=0.0000 teacher_w=0.030
epoch=93 step=360/500 loss=1.1061 time=0.0218 stft=1.7806 cons=0.00000 teacher=0.0000 teacher_w=0.030
epoch=93 step=365/500 loss=1.1047 time=0.0220 stft=1.7778 cons=0.00000 teacher=0.0000 teacher_w=0.030
epoch=93 step=370/500 loss=1.1038 time=0.0221 stft=1.7760 cons=0.00000 teacher=0.0000 teacher_w=0.030
epoch=93 step=375/500 loss=1.1017 time=0.0221 stft=1.7725 cons=0.00000 teacher=0.0000 teacher_w=0.030
epoch=93 step=380/500 loss=1.0980 time=0.0221 stft=1.7664 cons=0.00000 teacher=0.0000 teacher_w=0.030
epoch=93 step=385/500 loss=1.0960 time=0.0222 stft=1.7627 cons=0.00000 teacher=0.0000 teacher_w=0.030
epoch=93 step=390/500 loss=1.0955 time=0.0222 stft=1.7618 cons=0.00000 teacher=0.0000 teacher_w=0.030
epoch=93 step=395/500 loss=1.0951 time=0.0224 stft=1.7605 cons=0.00000 teacher=0.0000 teacher_w=0.030
epoch=93 step=400/500 loss=1.1017 time=0.0225 stft=1.7712 cons=0.00000 teacher=0.0000 teacher_w=0.030
epoch=93 step=405/500 loss=1.0996 time=0.0225 stft=1.7676 cons=0.00000 teacher=0.0000 teacher_w=0.030
epoch=93 step=410/500 loss=1.1021 time=0.0225 stft=1.7719 cons=0.00000 teacher=0.0000 teacher_w=0.030
epoch=93 step=415/500 loss=1.1090 time=0.0225 stft=1.7833 cons=0.00000 teacher=0.0000 teacher_w=0.030
epoch=93 step=420/500 loss=1.1116 time=0.0224 stft=1.7880 cons=0.00000 teacher=0.0000 teacher_w=0.030
epoch=93 step=425/500 loss=1.1108 time=0.0224 stft=1.7868 cons=0.00000 teacher=0.0000 teacher_w=0.030
epoch=93 step=430/500 loss=1.1134 time=0.0224 stft=1.7913 cons=0.00000 teacher=0.0000 teacher_w=0.030
epoch=93 step=435/500 loss=1.1116 time=0.0223 stft=1.7884 cons=0.00000 teacher=0.0000 teacher_w=0.030
epoch=93 step=440/500 loss=1.1129 time=0.0223 stft=1.7906 cons=0.00000 teacher=0.0000 teacher_w=0.030
epoch=93 step=445/500 loss=1.1188 time=0.0223 stft=1.8005 cons=0.00000 teacher=0.0000 teacher_w=0.030
epoch=93 step=450/500 loss=1.1233 time=0.0223 stft=1.8080 cons=0.00000 teacher=0.0000 teacher_w=0.030
epoch=93 step=455/500 loss=1.1280 time=0.0222 stft=1.8159 cons=0.00000 teacher=0.0000 teacher_w=0.030
epoch=93 step=460/500 loss=1.1270 time=0.0222 stft=1.8143 cons=0.00000 teacher=0.0000 teacher_w=0.030
epoch=93 step=465/500 loss=1.1322 time=0.0223 stft=1.8225 cons=0.00000 teacher=0.0000 teacher_w=0.030
epoch=93 step=470/500 loss=1.1326 time=0.0223 stft=1.8234 cons=0.00000 teacher=0.0000 teacher_w=0.030
epoch=93 step=475/500 loss=1.1313 time=0.0223 stft=1.8211 cons=0.00000 teacher=0.0000 teacher_w=0.030
epoch=93 step=480/500 loss=1.1291 time=0.0224 stft=1.8174 cons=0.00000 teacher=0.0000 teacher_w=0.030
epoch=93 step=485/500 loss=1.1282 time=0.0223 stft=1.8160 cons=0.00000 teacher=0.0000 teacher_w=0.030
epoch=93 step=490/500 loss=1.1285 time=0.0222 stft=1.8164 cons=0.00000 teacher=0.0000 teacher_w=0.030
epoch=93 step=495/500 loss=1.1261 time=0.0222 stft=1.8122 cons=0.00000 teacher=0.0000 teacher_w=0.030
epoch=93 step=500/500 loss=1.1260 time=0.0223 stft=1.8121 cons=0.00000 teacher=0.0000 teacher_w=0.030
epoch=93 train_loss=1.1158 valid_loss=1.7762 valid_si_sdr=-18.14dB cons=0.000000 lr=2.22854e-05
epoch=94 step=1/500 loss=0.7242 time=0.0267 stft=1.1232 cons=0.00000 teacher=0.0000 teacher_w=0.030
epoch=94 step=5/500 loss=1.0861 time=0.0168 stft=1.7570 cons=0.00000 teacher=0.0000 teacher_w=0.030
epoch=94 step=10/500 loss=1.0083 time=0.0233 stft=1.6130 cons=0.00000 teacher=0.0000 teacher_w=0.030
epoch=94 step=15/500 loss=1.0884 time=0.0223 stft=1.7542 cons=0.00000 teacher=0.0000 teacher_w=0.030
epoch=94 step=20/500 loss=1.0746 time=0.0208 stft=1.7353 cons=0.00000 teacher=0.0000 teacher_w=0.030
epoch=94 step=25/500 loss=1.1007 time=0.0222 stft=1.7714 cons=0.00000 teacher=0.0000 teacher_w=0.030
epoch=94 step=30/500 loss=1.1333 time=0.0218 stft=1.8275 cons=0.00000 teacher=0.0000 teacher_w=0.030
epoch=94 step=35/500 loss=1.1158 time=0.0220 stft=1.7973 cons=0.00000 teacher=0.0000 teacher_w=0.030
epoch=94 step=40/500 loss=1.1073 time=0.0224 stft=1.7824 cons=0.00000 teacher=0.0000 teacher_w=0.030
epoch=94 step=45/500 loss=1.0992 time=0.0232 stft=1.7664 cons=0.00000 teacher=0.0000 teacher_w=0.030
epoch=94 step=50/500 loss=1.1296 time=0.0229 stft=1.8183 cons=0.00000 teacher=0.0000 teacher_w=0.030
epoch=94 step=55/500 loss=1.1403 time=0.0228 stft=1.8356 cons=0.00000 teacher=0.0000 teacher_w=0.030
epoch=94 step=60/500 loss=1.1097 time=0.0228 stft=1.7846 cons=0.00000 teacher=0.0000 teacher_w=0.030
epoch=94 step=65/500 loss=1.1249 time=0.0227 stft=1.8101 cons=0.00000 teacher=0.0000 teacher_w=0.030
epoch=94 step=70/500 loss=1.0974 time=0.0230 stft=1.7638 cons=0.00000 teacher=0.0000 teacher_w=0.030
epoch=94 step=75/500 loss=1.0982 time=0.0227 stft=1.7663 cons=0.00000 teacher=0.0000 teacher_w=0.030
epoch=94 step=80/500 loss=1.1003 time=0.0219 stft=1.7713 cons=0.00000 teacher=0.0000 teacher_w=0.030
epoch=94 step=85/500 loss=1.0975 time=0.0217 stft=1.7674 cons=0.00000 teacher=0.0000 teacher_w=0.030
epoch=94 step=90/500 loss=1.1044 time=0.0217 stft=1.7795 cons=0.00000 teacher=0.0000 teacher_w=0.030
epoch=94 step=95/500 loss=1.1310 time=0.0220 stft=1.8228 cons=0.00000 teacher=0.0000 teacher_w=0.030
epoch=94 step=100/500 loss=1.1387 time=0.0221 stft=1.8358 cons=0.00000 teacher=0.0000 teacher_w=0.030
epoch=94 step=105/500 loss=1.1608 time=0.0222 stft=1.8717 cons=0.00000 teacher=0.0000 teacher_w=0.030
epoch=94 step=110/500 loss=1.1649 time=0.0222 stft=1.8785 cons=0.00000 teacher=0.0000 teacher_w=0.030
epoch=94 step=115/500 loss=1.1684 time=0.0224 stft=1.8834 cons=0.00000 teacher=0.0000 teacher_w=0.030
epoch=94 step=120/500 loss=1.1662 time=0.0225 stft=1.8796 cons=0.00000 teacher=0.0000 teacher_w=0.030
epoch=94 step=125/500 loss=1.1606 time=0.0223 stft=1.8706 cons=0.00000 teacher=0.0000 teacher_w=0.030
epoch=94 step=130/500 loss=1.1511 time=0.0220 stft=1.8560 cons=0.00000 teacher=0.0000 teacher_w=0.030
epoch=94 step=135/500 loss=1.1373 time=0.0220 stft=1.8329 cons=0.00000 teacher=0.0000 teacher_w=0.030
epoch=94 step=140/500 loss=1.1297 time=0.0222 stft=1.8202 cons=0.00000 teacher=0.0000 teacher_w=0.030
epoch=94 step=145/500 loss=1.1197 time=0.0220 stft=1.8040 cons=0.00000 teacher=0.0000 teacher_w=0.030
epoch=94 step=150/500 loss=1.1155 time=0.0221 stft=1.7966 cons=0.00000 teacher=0.0000 teacher_w=0.030
epoch=94 step=155/500 loss=1.1269 time=0.0222 stft=1.8153 cons=0.00000 teacher=0.0000 teacher_w=0.030
epoch=94 step=160/500 loss=1.1421 time=0.0220 stft=1.8413 cons=0.00000 teacher=0.0000 teacher_w=0.030
epoch=94 step=165/500 loss=1.1372 time=0.0217 stft=1.8337 cons=0.00000 teacher=0.0000 teacher_w=0.030
epoch=94 step=170/500 loss=1.1266 time=0.0220 stft=1.8154 cons=0.00000 teacher=0.0000 teacher_w=0.030
epoch=94 step=175/500 loss=1.1250 time=0.0220 stft=1.8128 cons=0.00000 teacher=0.0000 teacher_w=0.030
epoch=94 step=180/500 loss=1.1205 time=0.0220 stft=1.8055 cons=0.00000 teacher=0.0000 teacher_w=0.030
epoch=94 step=185/500 loss=1.1241 time=0.0219 stft=1.8118 cons=0.00000 teacher=0.0000 teacher_w=0.030
epoch=94 step=190/500 loss=1.1223 time=0.0220 stft=1.8082 cons=0.00000 teacher=0.0000 teacher_w=0.030
epoch=94 step=195/500 loss=1.1206 time=0.0223 stft=1.8050 cons=0.00000 teacher=0.0000 teacher_w=0.030
epoch=94 step=200/500 loss=1.1192 time=0.0224 stft=1.8023 cons=0.00000 teacher=0.0000 teacher_w=0.030
epoch=94 step=205/500 loss=1.1188 time=0.0226 stft=1.8014 cons=0.00000 teacher=0.0000 teacher_w=0.030
epoch=94 step=210/500 loss=1.1237 time=0.0226 stft=1.8091 cons=0.00000 teacher=0.0000 teacher_w=0.030
epoch=94 step=215/500 loss=1.1237 time=0.0225 stft=1.8094 cons=0.00000 teacher=0.0000 teacher_w=0.030
epoch=94 step=220/500 loss=1.1224 time=0.0226 stft=1.8072 cons=0.00000 teacher=0.0000 teacher_w=0.030
epoch=94 step=225/500 loss=1.1257 time=0.0225 stft=1.8126 cons=0.00000 teacher=0.0000 teacher_w=0.030
epoch=94 step=230/500 loss=1.1361 time=0.0225 stft=1.8298 cons=0.00000 teacher=0.0000 teacher_w=0.030
epoch=94 step=235/500 loss=1.1396 time=0.0226 stft=1.8354 cons=0.00000 teacher=0.0000 teacher_w=0.030
epoch=94 step=240/500 loss=1.1332 time=0.0226 stft=1.8247 cons=0.00000 teacher=0.0000 teacher_w=0.030
epoch=94 step=245/500 loss=1.1313 time=0.0226 stft=1.8213 cons=0.00000 teacher=0.0000 teacher_w=0.030
epoch=94 step=250/500 loss=1.1291 time=0.0225 stft=1.8180 cons=0.00000 teacher=0.0000 teacher_w=0.030
epoch=94 step=255/500 loss=1.1273 time=0.0226 stft=1.8148 cons=0.00000 teacher=0.0000 teacher_w=0.030
epoch=94 step=260/500 loss=1.1308 time=0.0228 stft=1.8201 cons=0.00000 teacher=0.0000 teacher_w=0.030
epoch=94 step=265/500 loss=1.1385 time=0.0228 stft=1.8332 cons=0.00000 teacher=0.0000 teacher_w=0.030
epoch=94 step=270/500 loss=1.1352 time=0.0227 stft=1.8278 cons=0.00000 teacher=0.0000 teacher_w=0.030
epoch=94 step=275/500 loss=1.1334 time=0.0226 stft=1.8249 cons=0.00000 teacher=0.0000 teacher_w=0.030
epoch=94 step=280/500 loss=1.1376 time=0.0226 stft=1.8323 cons=0.00000 teacher=0.0000 teacher_w=0.030
epoch=94 step=285/500 loss=1.1393 time=0.0224 stft=1.8356 cons=0.00000 teacher=0.0000 teacher_w=0.030
epoch=94 step=290/500 loss=1.1383 time=0.0225 stft=1.8338 cons=0.00000 teacher=0.0000 teacher_w=0.030
epoch=94 step=295/500 loss=1.1349 time=0.0224 stft=1.8283 cons=0.00000 teacher=0.0000 teacher_w=0.030
epoch=94 step=300/500 loss=1.1416 time=0.0223 stft=1.8396 cons=0.00000 teacher=0.0000 teacher_w=0.030
epoch=94 step=305/500 loss=1.1390 time=0.0224 stft=1.8352 cons=0.00000 teacher=0.0000 teacher_w=0.030
epoch=94 step=310/500 loss=1.1434 time=0.0223 stft=1.8428 cons=0.00000 teacher=0.0000 teacher_w=0.030
epoch=94 step=315/500 loss=1.1385 time=0.0222 stft=1.8350 cons=0.00000 teacher=0.0000 teacher_w=0.030
epoch=94 step=320/500 loss=1.1357 time=0.0223 stft=1.8301 cons=0.00000 teacher=0.0000 teacher_w=0.030
epoch=94 step=325/500 loss=1.1318 time=0.0222 stft=1.8238 cons=0.00000 teacher=0.0000 teacher_w=0.030
epoch=94 step=330/500 loss=1.1333 time=0.0222 stft=1.8264 cons=0.00000 teacher=0.0000 teacher_w=0.030
epoch=94 step=335/500 loss=1.1323 time=0.0221 stft=1.8250 cons=0.00000 teacher=0.0000 teacher_w=0.030
epoch=94 step=340/500 loss=1.1319 time=0.0221 stft=1.8245 cons=0.00000 teacher=0.0000 teacher_w=0.030
epoch=94 step=345/500 loss=1.1384 time=0.0221 stft=1.8355 cons=0.00000 teacher=0.0000 teacher_w=0.030
epoch=94 step=350/500 loss=1.1420 time=0.0221 stft=1.8411 cons=0.00000 teacher=0.0000 teacher_w=0.030
epoch=94 step=355/500 loss=1.1406 time=0.0223 stft=1.8385 cons=0.00000 teacher=0.0000 teacher_w=0.030
epoch=94 step=360/500 loss=1.1437 time=0.0223 stft=1.8438 cons=0.00000 teacher=0.0000 teacher_w=0.030
epoch=94 step=365/500 loss=1.1395 time=0.0223 stft=1.8368 cons=0.00000 teacher=0.0000 teacher_w=0.030
epoch=94 step=370/500 loss=1.1445 time=0.0223 stft=1.8450 cons=0.00000 teacher=0.0000 teacher_w=0.030
epoch=94 step=375/500 loss=1.1424 time=0.0223 stft=1.8416 cons=0.00000 teacher=0.0000 teacher_w=0.030
epoch=94 step=380/500 loss=1.1374 time=0.0223 stft=1.8330 cons=0.00000 teacher=0.0000 teacher_w=0.030
epoch=94 step=385/500 loss=1.1385 time=0.0224 stft=1.8349 cons=0.00000 teacher=0.0000 teacher_w=0.030
epoch=94 step=390/500 loss=1.1398 time=0.0224 stft=1.8373 cons=0.00000 teacher=0.0000 teacher_w=0.030
epoch=94 step=395/500 loss=1.1449 time=0.0224 stft=1.8455 cons=0.00000 teacher=0.0000 teacher_w=0.030
epoch=94 step=400/500 loss=1.1465 time=0.0226 stft=1.8479 cons=0.00000 teacher=0.0000 teacher_w=0.030
epoch=94 step=405/500 loss=1.1428 time=0.0226 stft=1.8417 cons=0.00000 teacher=0.0000 teacher_w=0.030
epoch=94 step=410/500 loss=1.1409 time=0.0224 stft=1.8388 cons=0.00000 teacher=0.0000 teacher_w=0.030
epoch=94 step=415/500 loss=1.1442 time=0.0224 stft=1.8446 cons=0.00000 teacher=0.0000 teacher_w=0.030
epoch=94 step=420/500 loss=1.1465 time=0.0224 stft=1.8483 cons=0.00000 teacher=0.0000 teacher_w=0.030
epoch=94 step=425/500 loss=1.1499 time=0.0223 stft=1.8543 cons=0.00000 teacher=0.0000 teacher_w=0.030
epoch=94 step=430/500 loss=1.1492 time=0.0224 stft=1.8529 cons=0.00000 teacher=0.0000 teacher_w=0.030
epoch=94 step=435/500 loss=1.1511 time=0.0224 stft=1.8561 cons=0.00000 teacher=0.0000 teacher_w=0.030
epoch=94 step=440/500 loss=1.1501 time=0.0224 stft=1.8542 cons=0.00000 teacher=0.0000 teacher_w=0.030
epoch=94 step=445/500 loss=1.1525 time=0.0223 stft=1.8585 cons=0.00000 teacher=0.0000 teacher_w=0.030
epoch=94 step=450/500 loss=1.1505 time=0.0222 stft=1.8554 cons=0.00000 teacher=0.0000 teacher_w=0.030
epoch=94 step=455/500 loss=1.1471 time=0.0223 stft=1.8495 cons=0.00000 teacher=0.0000 teacher_w=0.030
epoch=94 step=460/500 loss=1.1486 time=0.0223 stft=1.8519 cons=0.00000 teacher=0.0000 teacher_w=0.030
epoch=94 step=465/500 loss=1.1474 time=0.0223 stft=1.8500 cons=0.00000 teacher=0.0000 teacher_w=0.030
epoch=94 step=470/500 loss=1.1470 time=0.0224 stft=1.8494 cons=0.00000 teacher=0.0000 teacher_w=0.030
epoch=94 step=475/500 loss=1.1459 time=0.0225 stft=1.8472 cons=0.00000 teacher=0.0000 teacher_w=0.030
epoch=94 step=480/500 loss=1.1475 time=0.0226 stft=1.8495 cons=0.00000 teacher=0.0000 teacher_w=0.030
epoch=94 step=485/500 loss=1.1491 time=0.0226 stft=1.8522 cons=0.00000 teacher=0.0000 teacher_w=0.030
epoch=94 step=490/500 loss=1.1473 time=0.0226 stft=1.8492 cons=0.00000 teacher=0.0000 teacher_w=0.030
epoch=94 step=495/500 loss=1.1517 time=0.0226 stft=1.8566 cons=0.00000 teacher=0.0000 teacher_w=0.030
epoch=94 step=500/500 loss=1.1536 time=0.0227 stft=1.8597 cons=0.00000 teacher=0.0000 teacher_w=0.030
epoch=94 train_loss=1.1608 valid_loss=1.7724 valid_si_sdr=-18.07dB cons=0.000000 lr=2.06647e-05
epoch=95 step=1/500 loss=0.7647 time=0.0191 stft=1.2236 cons=0.00000 teacher=0.0000 teacher_w=0.030
epoch=95 step=5/500 loss=1.0453 time=0.0219 stft=1.6823 cons=0.00000 teacher=0.0000 teacher_w=0.030
epoch=95 step=10/500 loss=1.1625 time=0.0255 stft=1.8579 cons=0.00000 teacher=0.0000 teacher_w=0.030
epoch=95 step=15/500 loss=1.1008 time=0.0252 stft=1.7584 cons=0.00000 teacher=0.0000 teacher_w=0.030
epoch=95 step=20/500 loss=1.1608 time=0.0279 stft=1.8519 cons=0.00000 teacher=0.0000 teacher_w=0.030
epoch=95 step=25/500 loss=1.1562 time=0.0265 stft=1.8508 cons=0.00000 teacher=0.0000 teacher_w=0.030
epoch=95 step=30/500 loss=1.1545 time=0.0253 stft=1.8518 cons=0.00000 teacher=0.0000 teacher_w=0.030
epoch=95 step=35/500 loss=1.1730 time=0.0241 stft=1.8848 cons=0.00000 teacher=0.0000 teacher_w=0.030
epoch=95 step=40/500 loss=1.1302 time=0.0243 stft=1.8124 cons=0.00000 teacher=0.0000 teacher_w=0.030
epoch=95 step=45/500 loss=1.1457 time=0.0242 stft=1.8393 cons=0.00000 teacher=0.0000 teacher_w=0.030
epoch=95 step=50/500 loss=1.1518 time=0.0249 stft=1.8481 cons=0.00000 teacher=0.0000 teacher_w=0.030
epoch=95 step=55/500 loss=1.1394 time=0.0258 stft=1.8231 cons=0.00000 teacher=0.0000 teacher_w=0.030
epoch=95 step=60/500 loss=1.1371 time=0.0256 stft=1.8211 cons=0.00000 teacher=0.0000 teacher_w=0.030
epoch=95 step=65/500 loss=1.1819 time=0.0256 stft=1.8961 cons=0.00000 teacher=0.0000 teacher_w=0.030
epoch=95 step=70/500 loss=1.1730 time=0.0257 stft=1.8814 cons=0.00000 teacher=0.0000 teacher_w=0.030
epoch=95 step=75/500 loss=1.1811 time=0.0249 stft=1.8975 cons=0.00000 teacher=0.0000 teacher_w=0.030
epoch=95 step=80/500 loss=1.1842 time=0.0244 stft=1.9041 cons=0.00000 teacher=0.0000 teacher_w=0.030
epoch=95 step=85/500 loss=1.1822 time=0.0239 stft=1.9017 cons=0.00000 teacher=0.0000 teacher_w=0.030
epoch=95 step=90/500 loss=1.1652 time=0.0239 stft=1.8738 cons=0.00000 teacher=0.0000 teacher_w=0.030
epoch=95 step=95/500 loss=1.1642 time=0.0238 stft=1.8723 cons=0.00000 teacher=0.0000 teacher_w=0.030
epoch=95 step=100/500 loss=1.1615 time=0.0239 stft=1.8677 cons=0.00000 teacher=0.0000 teacher_w=0.030
epoch=95 step=105/500 loss=1.1680 time=0.0233 stft=1.8801 cons=0.00000 teacher=0.0000 teacher_w=0.030
epoch=95 step=110/500 loss=1.1602 time=0.0232 stft=1.8677 cons=0.00000 teacher=0.0000 teacher_w=0.030
epoch=95 step=115/500 loss=1.1755 time=0.0231 stft=1.8936 cons=0.00000 teacher=0.0000 teacher_w=0.030
epoch=95 step=120/500 loss=1.1760 time=0.0229 stft=1.8943 cons=0.00000 teacher=0.0000 teacher_w=0.030
epoch=95 step=125/500 loss=1.1709 time=0.0230 stft=1.8852 cons=0.00000 teacher=0.0000 teacher_w=0.030
epoch=95 step=130/500 loss=1.1729 time=0.0231 stft=1.8884 cons=0.00000 teacher=0.0000 teacher_w=0.030
epoch=95 step=135/500 loss=1.1777 time=0.0230 stft=1.8969 cons=0.00000 teacher=0.0000 teacher_w=0.030
epoch=95 step=140/500 loss=1.1826 time=0.0229 stft=1.9058 cons=0.00000 teacher=0.0000 teacher_w=0.030
epoch=95 step=145/500 loss=1.1854 time=0.0228 stft=1.9105 cons=0.00000 teacher=0.0000 teacher_w=0.030
epoch=95 step=150/500 loss=1.1992 time=0.0228 stft=1.9336 cons=0.00000 teacher=0.0000 teacher_w=0.030
epoch=95 step=155/500 loss=1.1859 time=0.0226 stft=1.9121 cons=0.00000 teacher=0.0000 teacher_w=0.030
epoch=95 step=160/500 loss=1.1795 time=0.0224 stft=1.9020 cons=0.00000 teacher=0.0000 teacher_w=0.030
epoch=95 step=165/500 loss=1.1891 time=0.0223 stft=1.9183 cons=0.00000 teacher=0.0000 teacher_w=0.030
epoch=95 step=170/500 loss=1.1976 time=0.0223 stft=1.9325 cons=0.00000 teacher=0.0000 teacher_w=0.030
epoch=95 step=175/500 loss=1.1944 time=0.0222 stft=1.9278 cons=0.00000 teacher=0.0000 teacher_w=0.030
epoch=95 step=180/500 loss=1.1986 time=0.0225 stft=1.9341 cons=0.00000 teacher=0.0000 teacher_w=0.030
epoch=95 step=185/500 loss=1.1951 time=0.0224 stft=1.9287 cons=0.00000 teacher=0.0000 teacher_w=0.030
epoch=95 step=190/500 loss=1.1869 time=0.0224 stft=1.9148 cons=0.00000 teacher=0.0000 teacher_w=0.030
epoch=95 step=195/500 loss=1.1753 time=0.0223 stft=1.8959 cons=0.00000 teacher=0.0000 teacher_w=0.030
epoch=95 step=200/500 loss=1.1758 time=0.0223 stft=1.8969 cons=0.00000 teacher=0.0000 teacher_w=0.030
epoch=95 step=205/500 loss=1.1751 time=0.0224 stft=1.8956 cons=0.00000 teacher=0.0000 teacher_w=0.030
epoch=95 step=210/500 loss=1.1718 time=0.0225 stft=1.8900 cons=0.00000 teacher=0.0000 teacher_w=0.030
epoch=95 step=215/500 loss=1.1761 time=0.0223 stft=1.8975 cons=0.00000 teacher=0.0000 teacher_w=0.030
epoch=95 step=220/500 loss=1.1692 time=0.0222 stft=1.8861 cons=0.00000 teacher=0.0000 teacher_w=0.030
epoch=95 step=225/500 loss=1.1690 time=0.0222 stft=1.8861 cons=0.00000 teacher=0.0000 teacher_w=0.030
epoch=95 step=230/500 loss=1.1678 time=0.0220 stft=1.8842 cons=0.00000 teacher=0.0000 teacher_w=0.030
epoch=95 step=235/500 loss=1.1621 time=0.0220 stft=1.8750 cons=0.00000 teacher=0.0000 teacher_w=0.030
epoch=95 step=240/500 loss=1.1646 time=0.0220 stft=1.8788 cons=0.00000 teacher=0.0000 teacher_w=0.030
epoch=95 step=245/500 loss=1.1729 time=0.0221 stft=1.8921 cons=0.00000 teacher=0.0000 teacher_w=0.030
epoch=95 step=250/500 loss=1.1649 time=0.0222 stft=1.8785 cons=0.00000 teacher=0.0000 teacher_w=0.030
epoch=95 step=255/500 loss=1.1652 time=0.0221 stft=1.8795 cons=0.00000 teacher=0.0000 teacher_w=0.030
epoch=95 step=260/500 loss=1.1624 time=0.0222 stft=1.8746 cons=0.00000 teacher=0.0000 teacher_w=0.030
epoch=95 step=265/500 loss=1.1562 time=0.0222 stft=1.8641 cons=0.00000 teacher=0.0000 teacher_w=0.030
epoch=95 step=270/500 loss=1.1680 time=0.0222 stft=1.8840 cons=0.00000 teacher=0.0000 teacher_w=0.030
epoch=95 step=275/500 loss=1.1671 time=0.0220 stft=1.8828 cons=0.00000 teacher=0.0000 teacher_w=0.030
epoch=95 step=280/500 loss=1.1686 time=0.0219 stft=1.8857 cons=0.00000 teacher=0.0000 teacher_w=0.030
epoch=95 step=285/500 loss=1.1714 time=0.0219 stft=1.8904 cons=0.00000 teacher=0.0000 teacher_w=0.030
epoch=95 step=290/500 loss=1.1836 time=0.0218 stft=1.9110 cons=0.00000 teacher=0.0000 teacher_w=0.030
epoch=95 step=295/500 loss=1.1888 time=0.0217 stft=1.9199 cons=0.00000 teacher=0.0000 teacher_w=0.030
epoch=95 step=300/500 loss=1.1895 time=0.0217 stft=1.9210 cons=0.00000 teacher=0.0000 teacher_w=0.030
epoch=95 step=305/500 loss=1.1911 time=0.0218 stft=1.9237 cons=0.00000 teacher=0.0000 teacher_w=0.030
epoch=95 step=310/500 loss=1.1920 time=0.0218 stft=1.9249 cons=0.00000 teacher=0.0000 teacher_w=0.030
epoch=95 step=315/500 loss=1.1927 time=0.0218 stft=1.9261 cons=0.00000 teacher=0.0000 teacher_w=0.030
epoch=95 step=320/500 loss=1.1947 time=0.0218 stft=1.9293 cons=0.00000 teacher=0.0000 teacher_w=0.030
epoch=95 step=325/500 loss=1.1916 time=0.0220 stft=1.9235 cons=0.00000 teacher=0.0000 teacher_w=0.030
epoch=95 step=330/500 loss=1.1949 time=0.0219 stft=1.9292 cons=0.00000 teacher=0.0000 teacher_w=0.030
epoch=95 step=335/500 loss=1.1915 time=0.0220 stft=1.9228 cons=0.00000 teacher=0.0000 teacher_w=0.030
epoch=95 step=340/500 loss=1.1972 time=0.0221 stft=1.9322 cons=0.00000 teacher=0.0000 teacher_w=0.030
epoch=95 step=345/500 loss=1.1933 time=0.0221 stft=1.9254 cons=0.00000 teacher=0.0000 teacher_w=0.030
epoch=95 step=350/500 loss=1.1886 time=0.0222 stft=1.9175 cons=0.00000 teacher=0.0000 teacher_w=0.030
epoch=95 step=355/500 loss=1.1859 time=0.0223 stft=1.9128 cons=0.00000 teacher=0.0000 teacher_w=0.030
epoch=95 step=360/500 loss=1.1814 time=0.0224 stft=1.9051 cons=0.00000 teacher=0.0000 teacher_w=0.030
epoch=95 step=365/500 loss=1.1814 time=0.0223 stft=1.9051 cons=0.00000 teacher=0.0000 teacher_w=0.030
epoch=95 step=370/500 loss=1.1817 time=0.0224 stft=1.9056 cons=0.00000 teacher=0.0000 teacher_w=0.030
epoch=95 step=375/500 loss=1.1837 time=0.0223 stft=1.9090 cons=0.00000 teacher=0.0000 teacher_w=0.030
epoch=95 step=380/500 loss=1.1828 time=0.0223 stft=1.9076 cons=0.00000 teacher=0.0000 teacher_w=0.030
epoch=95 step=385/500 loss=1.1915 time=0.0223 stft=1.9219 cons=0.00000 teacher=0.0000 teacher_w=0.030
epoch=95 step=390/500 loss=1.1896 time=0.0223 stft=1.9188 cons=0.00000 teacher=0.0000 teacher_w=0.030
epoch=95 step=395/500 loss=1.1881 time=0.0223 stft=1.9165 cons=0.00000 teacher=0.0000 teacher_w=0.030
epoch=95 step=400/500 loss=1.1832 time=0.0222 stft=1.9084 cons=0.00000 teacher=0.0000 teacher_w=0.030
epoch=95 step=405/500 loss=1.1827 time=0.0222 stft=1.9077 cons=0.00000 teacher=0.0000 teacher_w=0.030
epoch=95 step=410/500 loss=1.1834 time=0.0222 stft=1.9088 cons=0.00000 teacher=0.0000 teacher_w=0.030
epoch=95 step=415/500 loss=1.1811 time=0.0222 stft=1.9049 cons=0.00000 teacher=0.0000 teacher_w=0.030
epoch=95 step=420/500 loss=1.1879 time=0.0222 stft=1.9165 cons=0.00000 teacher=0.0000 teacher_w=0.030
epoch=95 step=425/500 loss=1.1907 time=0.0221 stft=1.9213 cons=0.00000 teacher=0.0000 teacher_w=0.030
epoch=95 step=430/500 loss=1.1886 time=0.0221 stft=1.9179 cons=0.00000 teacher=0.0000 teacher_w=0.030
epoch=95 step=435/500 loss=1.1849 time=0.0221 stft=1.9115 cons=0.00000 teacher=0.0000 teacher_w=0.030
epoch=95 step=440/500 loss=1.1804 time=0.0221 stft=1.9041 cons=0.00000 teacher=0.0000 teacher_w=0.030
epoch=95 step=445/500 loss=1.1777 time=0.0221 stft=1.8997 cons=0.00000 teacher=0.0000 teacher_w=0.030
epoch=95 step=450/500 loss=1.1788 time=0.0221 stft=1.9015 cons=0.00000 teacher=0.0000 teacher_w=0.030
epoch=95 step=455/500 loss=1.1761 time=0.0222 stft=1.8969 cons=0.00000 teacher=0.0000 teacher_w=0.030
epoch=95 step=460/500 loss=1.1772 time=0.0220 stft=1.8990 cons=0.00000 teacher=0.0000 teacher_w=0.030
epoch=95 step=465/500 loss=1.1746 time=0.0222 stft=1.8944 cons=0.00000 teacher=0.0000 teacher_w=0.030
epoch=95 step=470/500 loss=1.1770 time=0.0223 stft=1.8979 cons=0.00000 teacher=0.0000 teacher_w=0.030
epoch=95 step=475/500 loss=1.1752 time=0.0223 stft=1.8950 cons=0.00000 teacher=0.0000 teacher_w=0.030
epoch=95 step=480/500 loss=1.1787 time=0.0222 stft=1.9010 cons=0.00000 teacher=0.0000 teacher_w=0.030
epoch=95 step=485/500 loss=1.1762 time=0.0222 stft=1.8970 cons=0.00000 teacher=0.0000 teacher_w=0.030
epoch=95 step=490/500 loss=1.1725 time=0.0222 stft=1.8908 cons=0.00000 teacher=0.0000 teacher_w=0.030
epoch=95 step=495/500 loss=1.1771 time=0.0221 stft=1.8987 cons=0.00000 teacher=0.0000 teacher_w=0.030
epoch=95 step=500/500 loss=1.1794 time=0.0221 stft=1.9024 cons=0.00000 teacher=0.0000 teacher_w=0.030
epoch=95 train_loss=1.1815 valid_loss=1.7689 valid_si_sdr=-17.99dB cons=0.000000 lr=1.90983e-05
epoch=96 step=1/500 loss=1.2482 time=0.0179 stft=2.0527 cons=0.00000 teacher=0.0000 teacher_w=0.030
epoch=96 step=5/500 loss=1.1846 time=0.0289 stft=1.8935 cons=0.00000 teacher=0.0000 teacher_w=0.030
epoch=96 step=10/500 loss=1.1422 time=0.0256 stft=1.8320 cons=0.00000 teacher=0.0000 teacher_w=0.030
epoch=96 step=15/500 loss=1.1838 time=0.0234 stft=1.9081 cons=0.00000 teacher=0.0000 teacher_w=0.030
epoch=96 step=20/500 loss=1.1786 time=0.0208 stft=1.9064 cons=0.00000 teacher=0.0000 teacher_w=0.030
epoch=96 step=25/500 loss=1.1571 time=0.0195 stft=1.8745 cons=0.00000 teacher=0.0000 teacher_w=0.030
epoch=96 step=30/500 loss=1.1383 time=0.0204 stft=1.8432 cons=0.00000 teacher=0.0000 teacher_w=0.030
epoch=96 step=35/500 loss=1.1491 time=0.0204 stft=1.8603 cons=0.00000 teacher=0.0000 teacher_w=0.030
epoch=96 step=40/500 loss=1.1446 time=0.0201 stft=1.8531 cons=0.00000 teacher=0.0000 teacher_w=0.030
epoch=96 step=45/500 loss=1.1478 time=0.0223 stft=1.8552 cons=0.00000 teacher=0.0000 teacher_w=0.030
epoch=96 step=50/500 loss=1.1427 time=0.0219 stft=1.8471 cons=0.00000 teacher=0.0000 teacher_w=0.030
epoch=96 step=55/500 loss=1.1303 time=0.0222 stft=1.8235 cons=0.00000 teacher=0.0000 teacher_w=0.030
epoch=96 step=60/500 loss=1.1559 time=0.0220 stft=1.8651 cons=0.00000 teacher=0.0000 teacher_w=0.030
epoch=96 step=65/500 loss=1.1461 time=0.0222 stft=1.8487 cons=0.00000 teacher=0.0000 teacher_w=0.030
epoch=96 step=70/500 loss=1.1362 time=0.0221 stft=1.8326 cons=0.00000 teacher=0.0000 teacher_w=0.030
epoch=96 step=75/500 loss=1.1109 time=0.0216 stft=1.7920 cons=0.00000 teacher=0.0000 teacher_w=0.030
epoch=96 step=80/500 loss=1.1389 time=0.0215 stft=1.8389 cons=0.00000 teacher=0.0000 teacher_w=0.030
epoch=96 step=85/500 loss=1.1266 time=0.0220 stft=1.8171 cons=0.00000 teacher=0.0000 teacher_w=0.030
epoch=96 step=90/500 loss=1.1301 time=0.0221 stft=1.8226 cons=0.00000 teacher=0.0000 teacher_w=0.030
epoch=96 step=95/500 loss=1.1311 time=0.0223 stft=1.8244 cons=0.00000 teacher=0.0000 teacher_w=0.030
epoch=96 step=100/500 loss=1.1287 time=0.0225 stft=1.8205 cons=0.00000 teacher=0.0000 teacher_w=0.030
epoch=96 step=105/500 loss=1.1202 time=0.0226 stft=1.8061 cons=0.00000 teacher=0.0000 teacher_w=0.030
epoch=96 step=110/500 loss=1.1155 time=0.0227 stft=1.7974 cons=0.00000 teacher=0.0000 teacher_w=0.030
epoch=96 step=115/500 loss=1.1374 time=0.0228 stft=1.8339 cons=0.00000 teacher=0.0000 teacher_w=0.030
epoch=96 step=120/500 loss=1.1326 time=0.0232 stft=1.8248 cons=0.00000 teacher=0.0000 teacher_w=0.030
epoch=96 step=125/500 loss=1.1278 time=0.0232 stft=1.8170 cons=0.00000 teacher=0.0000 teacher_w=0.030
epoch=96 step=130/500 loss=1.1135 time=0.0228 stft=1.7943 cons=0.00000 teacher=0.0000 teacher_w=0.030
epoch=96 step=135/500 loss=1.1213 time=0.0230 stft=1.8068 cons=0.00000 teacher=0.0000 teacher_w=0.030
epoch=96 step=140/500 loss=1.1179 time=0.0227 stft=1.8017 cons=0.00000 teacher=0.0000 teacher_w=0.030
epoch=96 step=145/500 loss=1.1228 time=0.0230 stft=1.8087 cons=0.00000 teacher=0.0000 teacher_w=0.030
epoch=96 step=150/500 loss=1.1236 time=0.0228 stft=1.8104 cons=0.00000 teacher=0.0000 teacher_w=0.030
epoch=96 step=155/500 loss=1.1245 time=0.0228 stft=1.8117 cons=0.00000 teacher=0.0000 teacher_w=0.030
epoch=96 step=160/500 loss=1.1233 time=0.0227 stft=1.8103 cons=0.00000 teacher=0.0000 teacher_w=0.030
epoch=96 step=165/500 loss=1.1291 time=0.0230 stft=1.8192 cons=0.00000 teacher=0.0000 teacher_w=0.030
epoch=96 step=170/500 loss=1.1301 time=0.0233 stft=1.8201 cons=0.00000 teacher=0.0000 teacher_w=0.030
epoch=96 step=175/500 loss=1.1431 time=0.0232 stft=1.8419 cons=0.00000 teacher=0.0000 teacher_w=0.030
epoch=96 step=180/500 loss=1.1470 time=0.0230 stft=1.8489 cons=0.00000 teacher=0.0000 teacher_w=0.030
epoch=96 step=185/500 loss=1.1536 time=0.0232 stft=1.8592 cons=0.00000 teacher=0.0000 teacher_w=0.030
epoch=96 step=190/500 loss=1.1483 time=0.0233 stft=1.8502 cons=0.00000 teacher=0.0000 teacher_w=0.030
epoch=96 step=195/500 loss=1.1402 time=0.0232 stft=1.8369 cons=0.00000 teacher=0.0000 teacher_w=0.030
epoch=96 step=200/500 loss=1.1458 time=0.0232 stft=1.8463 cons=0.00000 teacher=0.0000 teacher_w=0.030
epoch=96 step=205/500 loss=1.1446 time=0.0230 stft=1.8447 cons=0.00000 teacher=0.0000 teacher_w=0.030
epoch=96 step=210/500 loss=1.1450 time=0.0231 stft=1.8451 cons=0.00000 teacher=0.0000 teacher_w=0.030
epoch=96 step=215/500 loss=1.1361 time=0.0233 stft=1.8300 cons=0.00000 teacher=0.0000 teacher_w=0.030
epoch=96 step=220/500 loss=1.1341 time=0.0232 stft=1.8271 cons=0.00000 teacher=0.0000 teacher_w=0.030
epoch=96 step=225/500 loss=1.1340 time=0.0230 stft=1.8274 cons=0.00000 teacher=0.0000 teacher_w=0.030
epoch=96 step=230/500 loss=1.1460 time=0.0231 stft=1.8469 cons=0.00000 teacher=0.0000 teacher_w=0.030
epoch=96 step=235/500 loss=1.1555 time=0.0230 stft=1.8629 cons=0.00000 teacher=0.0000 teacher_w=0.030
epoch=96 step=240/500 loss=1.1534 time=0.0232 stft=1.8589 cons=0.00000 teacher=0.0000 teacher_w=0.030
epoch=96 step=245/500 loss=1.1492 time=0.0232 stft=1.8518 cons=0.00000 teacher=0.0000 teacher_w=0.030
epoch=96 step=250/500 loss=1.1551 time=0.0234 stft=1.8609 cons=0.00000 teacher=0.0000 teacher_w=0.030
epoch=96 step=255/500 loss=1.1533 time=0.0232 stft=1.8584 cons=0.00000 teacher=0.0000 teacher_w=0.030
epoch=96 step=260/500 loss=1.1574 time=0.0233 stft=1.8657 cons=0.00000 teacher=0.0000 teacher_w=0.030
epoch=96 step=265/500 loss=1.1631 time=0.0231 stft=1.8755 cons=0.00000 teacher=0.0000 teacher_w=0.030
epoch=96 step=270/500 loss=1.1673 time=0.0230 stft=1.8829 cons=0.00000 teacher=0.0000 teacher_w=0.030
epoch=96 step=275/500 loss=1.1723 time=0.0228 stft=1.8917 cons=0.00000 teacher=0.0000 teacher_w=0.030
epoch=96 step=280/500 loss=1.1718 time=0.0229 stft=1.8907 cons=0.00000 teacher=0.0000 teacher_w=0.030
epoch=96 step=285/500 loss=1.1693 time=0.0230 stft=1.8859 cons=0.00000 teacher=0.0000 teacher_w=0.030
epoch=96 step=290/500 loss=1.1669 time=0.0230 stft=1.8820 cons=0.00000 teacher=0.0000 teacher_w=0.030
epoch=96 step=295/500 loss=1.1743 time=0.0231 stft=1.8942 cons=0.00000 teacher=0.0000 teacher_w=0.030
epoch=96 step=300/500 loss=1.1692 time=0.0233 stft=1.8848 cons=0.00000 teacher=0.0000 teacher_w=0.030
epoch=96 step=305/500 loss=1.1720 time=0.0233 stft=1.8896 cons=0.00000 teacher=0.0000 teacher_w=0.030
epoch=96 step=310/500 loss=1.1712 time=0.0233 stft=1.8884 cons=0.00000 teacher=0.0000 teacher_w=0.030
epoch=96 step=315/500 loss=1.1683 time=0.0232 stft=1.8836 cons=0.00000 teacher=0.0000 teacher_w=0.030
epoch=96 step=320/500 loss=1.1661 time=0.0232 stft=1.8801 cons=0.00000 teacher=0.0000 teacher_w=0.030
epoch=96 step=325/500 loss=1.1609 time=0.0233 stft=1.8711 cons=0.00000 teacher=0.0000 teacher_w=0.030
epoch=96 step=330/500 loss=1.1600 time=0.0232 stft=1.8697 cons=0.00000 teacher=0.0000 teacher_w=0.030
epoch=96 step=335/500 loss=1.1571 time=0.0233 stft=1.8648 cons=0.00000 teacher=0.0000 teacher_w=0.030
epoch=96 step=340/500 loss=1.1551 time=0.0233 stft=1.8615 cons=0.00000 teacher=0.0000 teacher_w=0.030
epoch=96 step=345/500 loss=1.1515 time=0.0234 stft=1.8554 cons=0.00000 teacher=0.0000 teacher_w=0.030
epoch=96 step=350/500 loss=1.1521 time=0.0232 stft=1.8567 cons=0.00000 teacher=0.0000 teacher_w=0.030
epoch=96 step=355/500 loss=1.1514 time=0.0231 stft=1.8558 cons=0.00000 teacher=0.0000 teacher_w=0.030
epoch=96 step=360/500 loss=1.1479 time=0.0231 stft=1.8498 cons=0.00000 teacher=0.0000 teacher_w=0.030
epoch=96 step=365/500 loss=1.1471 time=0.0231 stft=1.8485 cons=0.00000 teacher=0.0000 teacher_w=0.030
epoch=96 step=370/500 loss=1.1481 time=0.0232 stft=1.8500 cons=0.00000 teacher=0.0000 teacher_w=0.030
epoch=96 step=375/500 loss=1.1446 time=0.0232 stft=1.8442 cons=0.00000 teacher=0.0000 teacher_w=0.030
epoch=96 step=380/500 loss=1.1517 time=0.0232 stft=1.8561 cons=0.00000 teacher=0.0000 teacher_w=0.030
epoch=96 step=385/500 loss=1.1478 time=0.0232 stft=1.8497 cons=0.00000 teacher=0.0000 teacher_w=0.030
epoch=96 step=390/500 loss=1.1476 time=0.0232 stft=1.8494 cons=0.00000 teacher=0.0000 teacher_w=0.030
epoch=96 step=395/500 loss=1.1459 time=0.0232 stft=1.8464 cons=0.00000 teacher=0.0000 teacher_w=0.030
epoch=96 step=400/500 loss=1.1449 time=0.0232 stft=1.8448 cons=0.00000 teacher=0.0000 teacher_w=0.030
epoch=96 step=405/500 loss=1.1440 time=0.0231 stft=1.8435 cons=0.00000 teacher=0.0000 teacher_w=0.030
epoch=96 step=410/500 loss=1.1472 time=0.0231 stft=1.8488 cons=0.00000 teacher=0.0000 teacher_w=0.030
epoch=96 step=415/500 loss=1.1459 time=0.0232 stft=1.8465 cons=0.00000 teacher=0.0000 teacher_w=0.030
epoch=96 step=420/500 loss=1.1475 time=0.0231 stft=1.8494 cons=0.00000 teacher=0.0000 teacher_w=0.030
epoch=96 step=425/500 loss=1.1506 time=0.0232 stft=1.8543 cons=0.00000 teacher=0.0000 teacher_w=0.030
epoch=96 step=430/500 loss=1.1518 time=0.0231 stft=1.8564 cons=0.00000 teacher=0.0000 teacher_w=0.030
epoch=96 step=435/500 loss=1.1511 time=0.0231 stft=1.8554 cons=0.00000 teacher=0.0000 teacher_w=0.030
epoch=96 step=440/500 loss=1.1530 time=0.0230 stft=1.8589 cons=0.00000 teacher=0.0000 teacher_w=0.030
epoch=96 step=445/500 loss=1.1535 time=0.0229 stft=1.8598 cons=0.00000 teacher=0.0000 teacher_w=0.030
epoch=96 step=450/500 loss=1.1555 time=0.0229 stft=1.8631 cons=0.00000 teacher=0.0000 teacher_w=0.030
epoch=96 step=455/500 loss=1.1509 time=0.0230 stft=1.8551 cons=0.00000 teacher=0.0000 teacher_w=0.030
epoch=96 step=460/500 loss=1.1542 time=0.0230 stft=1.8605 cons=0.00000 teacher=0.0000 teacher_w=0.030
epoch=96 step=465/500 loss=1.1528 time=0.0229 stft=1.8583 cons=0.00000 teacher=0.0000 teacher_w=0.030
epoch=96 step=470/500 loss=1.1524 time=0.0229 stft=1.8580 cons=0.00000 teacher=0.0000 teacher_w=0.030
epoch=96 step=475/500 loss=1.1542 time=0.0228 stft=1.8610 cons=0.00000 teacher=0.0000 teacher_w=0.030
epoch=96 step=480/500 loss=1.1529 time=0.0228 stft=1.8590 cons=0.00000 teacher=0.0000 teacher_w=0.030
epoch=96 step=485/500 loss=1.1507 time=0.0229 stft=1.8551 cons=0.00000 teacher=0.0000 teacher_w=0.030
epoch=96 step=490/500 loss=1.1475 time=0.0229 stft=1.8497 cons=0.00000 teacher=0.0000 teacher_w=0.030
epoch=96 step=495/500 loss=1.1480 time=0.0229 stft=1.8505 cons=0.00000 teacher=0.0000 teacher_w=0.030
epoch=96 step=500/500 loss=1.1480 time=0.0229 stft=1.8505 cons=0.00000 teacher=0.0000 teacher_w=0.030
epoch=96 train_loss=1.1662 valid_loss=1.7644 valid_si_sdr=-17.92dB cons=0.000000 lr=1.75874e-05
epoch=97 step=1/500 loss=1.4475 time=0.0243 stft=2.3503 cons=0.00000 teacher=0.0000 teacher_w=0.030
epoch=97 step=5/500 loss=0.9354 time=0.0279 stft=1.4878 cons=0.00000 teacher=0.0000 teacher_w=0.030
epoch=97 step=10/500 loss=0.9345 time=0.0274 stft=1.4825 cons=0.00000 teacher=0.0000 teacher_w=0.030
epoch=97 step=15/500 loss=0.9817 time=0.0289 stft=1.5616 cons=0.00000 teacher=0.0000 teacher_w=0.030
epoch=97 step=20/500 loss=0.9829 time=0.0279 stft=1.5643 cons=0.00000 teacher=0.0000 teacher_w=0.030
epoch=97 step=25/500 loss=1.0023 time=0.0278 stft=1.5971 cons=0.00000 teacher=0.0000 teacher_w=0.030
epoch=97 step=30/500 loss=1.0101 time=0.0268 stft=1.6097 cons=0.00000 teacher=0.0000 teacher_w=0.030
epoch=97 step=35/500 loss=1.0664 time=0.0262 stft=1.7047 cons=0.00000 teacher=0.0000 teacher_w=0.030
epoch=97 step=40/500 loss=1.1136 time=0.0263 stft=1.7849 cons=0.00000 teacher=0.0000 teacher_w=0.030
epoch=97 step=45/500 loss=1.1529 time=0.0259 stft=1.8519 cons=0.00000 teacher=0.0000 teacher_w=0.030
epoch=97 step=50/500 loss=1.1681 time=0.0264 stft=1.8748 cons=0.00000 teacher=0.0000 teacher_w=0.030
epoch=97 step=55/500 loss=1.1595 time=0.0260 stft=1.8617 cons=0.00000 teacher=0.0000 teacher_w=0.030
epoch=97 step=60/500 loss=1.1580 time=0.0262 stft=1.8589 cons=0.00000 teacher=0.0000 teacher_w=0.030
epoch=97 step=65/500 loss=1.1694 time=0.0260 stft=1.8785 cons=0.00000 teacher=0.0000 teacher_w=0.030
epoch=97 step=70/500 loss=1.1744 time=0.0255 stft=1.8885 cons=0.00000 teacher=0.0000 teacher_w=0.030
epoch=97 step=75/500 loss=1.1749 time=0.0249 stft=1.8904 cons=0.00000 teacher=0.0000 teacher_w=0.030
epoch=97 step=80/500 loss=1.1624 time=0.0251 stft=1.8688 cons=0.00000 teacher=0.0000 teacher_w=0.030
epoch=97 step=85/500 loss=1.1904 time=0.0250 stft=1.9158 cons=0.00000 teacher=0.0000 teacher_w=0.030
epoch=97 step=90/500 loss=1.1839 time=0.0254 stft=1.9041 cons=0.00000 teacher=0.0000 teacher_w=0.030
epoch=97 step=95/500 loss=1.1655 time=0.0254 stft=1.8733 cons=0.00000 teacher=0.0000 teacher_w=0.030
epoch=97 step=100/500 loss=1.1602 time=0.0253 stft=1.8648 cons=0.00000 teacher=0.0000 teacher_w=0.030
epoch=97 step=105/500 loss=1.1484 time=0.0254 stft=1.8454 cons=0.00000 teacher=0.0000 teacher_w=0.030
epoch=97 step=110/500 loss=1.1592 time=0.0257 stft=1.8617 cons=0.00000 teacher=0.0000 teacher_w=0.030
epoch=97 step=115/500 loss=1.1531 time=0.0257 stft=1.8510 cons=0.00000 teacher=0.0000 teacher_w=0.030
epoch=97 step=120/500 loss=1.1824 time=0.0253 stft=1.9001 cons=0.00000 teacher=0.0000 teacher_w=0.030
epoch=97 step=125/500 loss=1.1802 time=0.0253 stft=1.8966 cons=0.00000 teacher=0.0000 teacher_w=0.030
epoch=97 step=130/500 loss=1.1734 time=0.0250 stft=1.8856 cons=0.00000 teacher=0.0000 teacher_w=0.030
epoch=97 step=135/500 loss=1.1588 time=0.0250 stft=1.8619 cons=0.00000 teacher=0.0000 teacher_w=0.030
epoch=97 step=140/500 loss=1.1562 time=0.0250 stft=1.8572 cons=0.00000 teacher=0.0000 teacher_w=0.030
epoch=97 step=145/500 loss=1.1572 time=0.0249 stft=1.8591 cons=0.00000 teacher=0.0000 teacher_w=0.030
epoch=97 step=150/500 loss=1.1525 time=0.0247 stft=1.8517 cons=0.00000 teacher=0.0000 teacher_w=0.030
epoch=97 step=155/500 loss=1.1399 time=0.0246 stft=1.8310 cons=0.00000 teacher=0.0000 teacher_w=0.030
epoch=97 step=160/500 loss=1.1300 time=0.0245 stft=1.8148 cons=0.00000 teacher=0.0000 teacher_w=0.030
epoch=97 step=165/500 loss=1.1365 time=0.0247 stft=1.8252 cons=0.00000 teacher=0.0000 teacher_w=0.030
epoch=97 step=170/500 loss=1.1368 time=0.0246 stft=1.8259 cons=0.00000 teacher=0.0000 teacher_w=0.030
epoch=97 step=175/500 loss=1.1401 time=0.0245 stft=1.8315 cons=0.00000 teacher=0.0000 teacher_w=0.030
epoch=97 step=180/500 loss=1.1466 time=0.0242 stft=1.8435 cons=0.00000 teacher=0.0000 teacher_w=0.030
epoch=97 step=185/500 loss=1.1546 time=0.0241 stft=1.8571 cons=0.00000 teacher=0.0000 teacher_w=0.030
epoch=97 step=190/500 loss=1.1480 time=0.0238 stft=1.8469 cons=0.00000 teacher=0.0000 teacher_w=0.030
epoch=97 step=195/500 loss=1.1443 time=0.0240 stft=1.8405 cons=0.00000 teacher=0.0000 teacher_w=0.030
epoch=97 step=200/500 loss=1.1414 time=0.0241 stft=1.8356 cons=0.00000 teacher=0.0000 teacher_w=0.030
epoch=97 step=205/500 loss=1.1348 time=0.0242 stft=1.8242 cons=0.00000 teacher=0.0000 teacher_w=0.030
epoch=97 step=210/500 loss=1.1387 time=0.0240 stft=1.8313 cons=0.00000 teacher=0.0000 teacher_w=0.030
epoch=97 step=215/500 loss=1.1363 time=0.0239 stft=1.8275 cons=0.00000 teacher=0.0000 teacher_w=0.030
epoch=97 step=220/500 loss=1.1350 time=0.0240 stft=1.8252 cons=0.00000 teacher=0.0000 teacher_w=0.030
epoch=97 step=225/500 loss=1.1399 time=0.0238 stft=1.8339 cons=0.00000 teacher=0.0000 teacher_w=0.030
epoch=97 step=230/500 loss=1.1379 time=0.0239 stft=1.8305 cons=0.00000 teacher=0.0000 teacher_w=0.030
epoch=97 step=235/500 loss=1.1515 time=0.0238 stft=1.8533 cons=0.00000 teacher=0.0000 teacher_w=0.030
epoch=97 step=240/500 loss=1.1501 time=0.0238 stft=1.8511 cons=0.00000 teacher=0.0000 teacher_w=0.030
epoch=97 step=245/500 loss=1.1518 time=0.0237 stft=1.8541 cons=0.00000 teacher=0.0000 teacher_w=0.030
epoch=97 step=250/500 loss=1.1454 time=0.0237 stft=1.8435 cons=0.00000 teacher=0.0000 teacher_w=0.030
epoch=97 step=255/500 loss=1.1420 time=0.0236 stft=1.8382 cons=0.00000 teacher=0.0000 teacher_w=0.030
epoch=97 step=260/500 loss=1.1460 time=0.0234 stft=1.8455 cons=0.00000 teacher=0.0000 teacher_w=0.030
epoch=97 step=265/500 loss=1.1432 time=0.0233 stft=1.8406 cons=0.00000 teacher=0.0000 teacher_w=0.030
epoch=97 step=270/500 loss=1.1418 time=0.0233 stft=1.8384 cons=0.00000 teacher=0.0000 teacher_w=0.030
epoch=97 step=275/500 loss=1.1402 time=0.0232 stft=1.8358 cons=0.00000 teacher=0.0000 teacher_w=0.030
epoch=97 step=280/500 loss=1.1449 time=0.0232 stft=1.8436 cons=0.00000 teacher=0.0000 teacher_w=0.030
epoch=97 step=285/500 loss=1.1484 time=0.0232 stft=1.8493 cons=0.00000 teacher=0.0000 teacher_w=0.030
epoch=97 step=290/500 loss=1.1506 time=0.0234 stft=1.8527 cons=0.00000 teacher=0.0000 teacher_w=0.030
epoch=97 step=295/500 loss=1.1512 time=0.0232 stft=1.8538 cons=0.00000 teacher=0.0000 teacher_w=0.030
epoch=97 step=300/500 loss=1.1542 time=0.0233 stft=1.8586 cons=0.00000 teacher=0.0000 teacher_w=0.030
epoch=97 step=305/500 loss=1.1553 time=0.0232 stft=1.8607 cons=0.00000 teacher=0.0000 teacher_w=0.030
epoch=97 step=310/500 loss=1.1572 time=0.0231 stft=1.8641 cons=0.00000 teacher=0.0000 teacher_w=0.030
epoch=97 step=315/500 loss=1.1547 time=0.0232 stft=1.8598 cons=0.00000 teacher=0.0000 teacher_w=0.030
epoch=97 step=320/500 loss=1.1596 time=0.0232 stft=1.8679 cons=0.00000 teacher=0.0000 teacher_w=0.030
epoch=97 step=325/500 loss=1.1577 time=0.0234 stft=1.8645 cons=0.00000 teacher=0.0000 teacher_w=0.030
epoch=97 step=330/500 loss=1.1570 time=0.0231 stft=1.8639 cons=0.00000 teacher=0.0000 teacher_w=0.030
epoch=97 step=335/500 loss=1.1544 time=0.0231 stft=1.8595 cons=0.00000 teacher=0.0000 teacher_w=0.030
epoch=97 step=340/500 loss=1.1589 time=0.0231 stft=1.8672 cons=0.00000 teacher=0.0000 teacher_w=0.030
epoch=97 step=345/500 loss=1.1572 time=0.0233 stft=1.8639 cons=0.00000 teacher=0.0000 teacher_w=0.030
epoch=97 step=350/500 loss=1.1586 time=0.0232 stft=1.8663 cons=0.00000 teacher=0.0000 teacher_w=0.030
epoch=97 step=355/500 loss=1.1567 time=0.0232 stft=1.8632 cons=0.00000 teacher=0.0000 teacher_w=0.030
epoch=97 step=360/500 loss=1.1557 time=0.0233 stft=1.8614 cons=0.00000 teacher=0.0000 teacher_w=0.030
epoch=97 step=365/500 loss=1.1575 time=0.0233 stft=1.8643 cons=0.00000 teacher=0.0000 teacher_w=0.030
epoch=97 step=370/500 loss=1.1544 time=0.0233 stft=1.8591 cons=0.00000 teacher=0.0000 teacher_w=0.030
epoch=97 step=375/500 loss=1.1520 time=0.0234 stft=1.8545 cons=0.00000 teacher=0.0000 teacher_w=0.030
epoch=97 step=380/500 loss=1.1521 time=0.0234 stft=1.8550 cons=0.00000 teacher=0.0000 teacher_w=0.030
epoch=97 step=385/500 loss=1.1535 time=0.0233 stft=1.8573 cons=0.00000 teacher=0.0000 teacher_w=0.030
epoch=97 step=390/500 loss=1.1519 time=0.0233 stft=1.8546 cons=0.00000 teacher=0.0000 teacher_w=0.030
epoch=97 step=395/500 loss=1.1499 time=0.0232 stft=1.8514 cons=0.00000 teacher=0.0000 teacher_w=0.030
epoch=97 step=400/500 loss=1.1468 time=0.0232 stft=1.8463 cons=0.00000 teacher=0.0000 teacher_w=0.030
epoch=97 step=405/500 loss=1.1432 time=0.0233 stft=1.8402 cons=0.00000 teacher=0.0000 teacher_w=0.030
epoch=97 step=410/500 loss=1.1432 time=0.0232 stft=1.8402 cons=0.00000 teacher=0.0000 teacher_w=0.030
epoch=97 step=415/500 loss=1.1424 time=0.0233 stft=1.8387 cons=0.00000 teacher=0.0000 teacher_w=0.030
epoch=97 step=420/500 loss=1.1464 time=0.0231 stft=1.8458 cons=0.00000 teacher=0.0000 teacher_w=0.030
epoch=97 step=425/500 loss=1.1535 time=0.0230 stft=1.8577 cons=0.00000 teacher=0.0000 teacher_w=0.030
epoch=97 step=430/500 loss=1.1589 time=0.0230 stft=1.8672 cons=0.00000 teacher=0.0000 teacher_w=0.030
epoch=97 step=435/500 loss=1.1562 time=0.0229 stft=1.8628 cons=0.00000 teacher=0.0000 teacher_w=0.030
epoch=97 step=440/500 loss=1.1574 time=0.0229 stft=1.8649 cons=0.00000 teacher=0.0000 teacher_w=0.030
epoch=97 step=445/500 loss=1.1597 time=0.0229 stft=1.8688 cons=0.00000 teacher=0.0000 teacher_w=0.030
epoch=97 step=450/500 loss=1.1583 time=0.0230 stft=1.8663 cons=0.00000 teacher=0.0000 teacher_w=0.030
epoch=97 step=455/500 loss=1.1569 time=0.0229 stft=1.8641 cons=0.00000 teacher=0.0000 teacher_w=0.030
epoch=97 step=460/500 loss=1.1566 time=0.0229 stft=1.8638 cons=0.00000 teacher=0.0000 teacher_w=0.030
epoch=97 step=465/500 loss=1.1596 time=0.0228 stft=1.8689 cons=0.00000 teacher=0.0000 teacher_w=0.030
epoch=97 step=470/500 loss=1.1630 time=0.0227 stft=1.8749 cons=0.00000 teacher=0.0000 teacher_w=0.030
epoch=97 step=475/500 loss=1.1624 time=0.0226 stft=1.8740 cons=0.00000 teacher=0.0000 teacher_w=0.030
epoch=97 step=480/500 loss=1.1607 time=0.0227 stft=1.8710 cons=0.00000 teacher=0.0000 teacher_w=0.030
epoch=97 step=485/500 loss=1.1596 time=0.0228 stft=1.8690 cons=0.00000 teacher=0.0000 teacher_w=0.030
epoch=97 step=490/500 loss=1.1589 time=0.0227 stft=1.8677 cons=0.00000 teacher=0.0000 teacher_w=0.030
epoch=97 step=495/500 loss=1.1584 time=0.0227 stft=1.8669 cons=0.00000 teacher=0.0000 teacher_w=0.030
epoch=97 step=500/500 loss=1.1597 time=0.0227 stft=1.8691 cons=0.00000 teacher=0.0000 teacher_w=0.030
epoch=97 train_loss=1.1603 valid_loss=1.7597 valid_si_sdr=-17.84dB cons=0.000000 lr=1.61329e-05
epoch=98 step=1/500 loss=1.8020 time=0.0172 stft=2.9198 cons=0.00000 teacher=0.0000 teacher_w=0.030
epoch=98 step=5/500 loss=1.8655 time=0.0136 stft=3.0655 cons=0.00000 teacher=0.0000 teacher_w=0.030
epoch=98 step=10/500 loss=1.5274 time=0.0224 stft=2.4679 cons=0.00000 teacher=0.0000 teacher_w=0.030
epoch=98 step=15/500 loss=1.4280 time=0.0232 stft=2.3026 cons=0.00000 teacher=0.0000 teacher_w=0.030
epoch=98 step=20/500 loss=1.2995 time=0.0244 stft=2.0848 cons=0.00000 teacher=0.0000 teacher_w=0.030
epoch=98 step=25/500 loss=1.3879 time=0.0239 stft=2.2365 cons=0.00000 teacher=0.0000 teacher_w=0.030
epoch=98 step=30/500 loss=1.3704 time=0.0236 stft=2.2104 cons=0.00000 teacher=0.0000 teacher_w=0.030
epoch=98 step=35/500 loss=1.2994 time=0.0238 stft=2.0930 cons=0.00000 teacher=0.0000 teacher_w=0.030
epoch=98 step=40/500 loss=1.3031 time=0.0235 stft=2.0999 cons=0.00000 teacher=0.0000 teacher_w=0.030
epoch=98 step=45/500 loss=1.2850 time=0.0241 stft=2.0682 cons=0.00000 teacher=0.0000 teacher_w=0.030
epoch=98 step=50/500 loss=1.3001 time=0.0231 stft=2.0966 cons=0.00000 teacher=0.0000 teacher_w=0.030
epoch=98 step=55/500 loss=1.2908 time=0.0225 stft=2.0835 cons=0.00000 teacher=0.0000 teacher_w=0.030
epoch=98 step=60/500 loss=1.2444 time=0.0230 stft=2.0052 cons=0.00000 teacher=0.0000 teacher_w=0.030
epoch=98 step=65/500 loss=1.2160 time=0.0226 stft=1.9598 cons=0.00000 teacher=0.0000 teacher_w=0.030
epoch=98 step=70/500 loss=1.2356 time=0.0225 stft=1.9931 cons=0.00000 teacher=0.0000 teacher_w=0.030
epoch=98 step=75/500 loss=1.2139 time=0.0227 stft=1.9556 cons=0.00000 teacher=0.0000 teacher_w=0.030
epoch=98 step=80/500 loss=1.2080 time=0.0223 stft=1.9466 cons=0.00000 teacher=0.0000 teacher_w=0.030
epoch=98 step=85/500 loss=1.2098 time=0.0224 stft=1.9498 cons=0.00000 teacher=0.0000 teacher_w=0.030
epoch=98 step=90/500 loss=1.1905 time=0.0224 stft=1.9180 cons=0.00000 teacher=0.0000 teacher_w=0.030
epoch=98 step=95/500 loss=1.1889 time=0.0223 stft=1.9157 cons=0.00000 teacher=0.0000 teacher_w=0.030
epoch=98 step=100/500 loss=1.1866 time=0.0224 stft=1.9118 cons=0.00000 teacher=0.0000 teacher_w=0.030
epoch=98 step=105/500 loss=1.1865 time=0.0223 stft=1.9121 cons=0.00000 teacher=0.0000 teacher_w=0.030
epoch=98 step=110/500 loss=1.1844 time=0.0221 stft=1.9093 cons=0.00000 teacher=0.0000 teacher_w=0.030
epoch=98 step=115/500 loss=1.1754 time=0.0221 stft=1.8948 cons=0.00000 teacher=0.0000 teacher_w=0.030
epoch=98 step=120/500 loss=1.1760 time=0.0220 stft=1.8957 cons=0.00000 teacher=0.0000 teacher_w=0.030
epoch=98 step=125/500 loss=1.1744 time=0.0220 stft=1.8932 cons=0.00000 teacher=0.0000 teacher_w=0.030
epoch=98 step=130/500 loss=1.1710 time=0.0220 stft=1.8875 cons=0.00000 teacher=0.0000 teacher_w=0.030
epoch=98 step=135/500 loss=1.1794 time=0.0222 stft=1.9010 cons=0.00000 teacher=0.0000 teacher_w=0.030
epoch=98 step=140/500 loss=1.1810 time=0.0218 stft=1.9049 cons=0.00000 teacher=0.0000 teacher_w=0.030
epoch=98 step=145/500 loss=1.1849 time=0.0222 stft=1.9107 cons=0.00000 teacher=0.0000 teacher_w=0.030
epoch=98 step=150/500 loss=1.1986 time=0.0221 stft=1.9340 cons=0.00000 teacher=0.0000 teacher_w=0.030
epoch=98 step=155/500 loss=1.1883 time=0.0222 stft=1.9166 cons=0.00000 teacher=0.0000 teacher_w=0.030
epoch=98 step=160/500 loss=1.1841 time=0.0219 stft=1.9105 cons=0.00000 teacher=0.0000 teacher_w=0.030
epoch=98 step=165/500 loss=1.1730 time=0.0223 stft=1.8913 cons=0.00000 teacher=0.0000 teacher_w=0.030
epoch=98 step=170/500 loss=1.1698 time=0.0223 stft=1.8862 cons=0.00000 teacher=0.0000 teacher_w=0.030
epoch=98 step=175/500 loss=1.1585 time=0.0226 stft=1.8666 cons=0.00000 teacher=0.0000 teacher_w=0.030
epoch=98 step=180/500 loss=1.1824 time=0.0225 stft=1.9067 cons=0.00000 teacher=0.0000 teacher_w=0.030
epoch=98 step=185/500 loss=1.1892 time=0.0226 stft=1.9179 cons=0.00000 teacher=0.0000 teacher_w=0.030
epoch=98 step=190/500 loss=1.1889 time=0.0225 stft=1.9175 cons=0.00000 teacher=0.0000 teacher_w=0.030
epoch=98 step=195/500 loss=1.1885 time=0.0223 stft=1.9174 cons=0.00000 teacher=0.0000 teacher_w=0.030
epoch=98 step=200/500 loss=1.1905 time=0.0227 stft=1.9198 cons=0.00000 teacher=0.0000 teacher_w=0.030
epoch=98 step=205/500 loss=1.1960 time=0.0225 stft=1.9296 cons=0.00000 teacher=0.0000 teacher_w=0.030
epoch=98 step=210/500 loss=1.1914 time=0.0228 stft=1.9213 cons=0.00000 teacher=0.0000 teacher_w=0.030
epoch=98 step=215/500 loss=1.1834 time=0.0228 stft=1.9079 cons=0.00000 teacher=0.0000 teacher_w=0.030
epoch=98 step=220/500 loss=1.1767 time=0.0228 stft=1.8966 cons=0.00000 teacher=0.0000 teacher_w=0.030
epoch=98 step=225/500 loss=1.1769 time=0.0227 stft=1.8973 cons=0.00000 teacher=0.0000 teacher_w=0.030
epoch=98 step=230/500 loss=1.1739 time=0.0227 stft=1.8925 cons=0.00000 teacher=0.0000 teacher_w=0.030
epoch=98 step=235/500 loss=1.1743 time=0.0226 stft=1.8933 cons=0.00000 teacher=0.0000 teacher_w=0.030
epoch=98 step=240/500 loss=1.1730 time=0.0225 stft=1.8915 cons=0.00000 teacher=0.0000 teacher_w=0.030
epoch=98 step=245/500 loss=1.1831 time=0.0223 stft=1.9089 cons=0.00000 teacher=0.0000 teacher_w=0.030
epoch=98 step=250/500 loss=1.1792 time=0.0223 stft=1.9023 cons=0.00000 teacher=0.0000 teacher_w=0.030
epoch=98 step=255/500 loss=1.1768 time=0.0224 stft=1.8982 cons=0.00000 teacher=0.0000 teacher_w=0.030
epoch=98 step=260/500 loss=1.1784 time=0.0224 stft=1.9007 cons=0.00000 teacher=0.0000 teacher_w=0.030
epoch=98 step=265/500 loss=1.1897 time=0.0224 stft=1.9196 cons=0.00000 teacher=0.0000 teacher_w=0.030
epoch=98 step=270/500 loss=1.1877 time=0.0223 stft=1.9165 cons=0.00000 teacher=0.0000 teacher_w=0.030
epoch=98 step=275/500 loss=1.1854 time=0.0222 stft=1.9128 cons=0.00000 teacher=0.0000 teacher_w=0.030
epoch=98 step=280/500 loss=1.1856 time=0.0221 stft=1.9136 cons=0.00000 teacher=0.0000 teacher_w=0.030
epoch=98 step=285/500 loss=1.1777 time=0.0222 stft=1.9001 cons=0.00000 teacher=0.0000 teacher_w=0.030
epoch=98 step=290/500 loss=1.1780 time=0.0223 stft=1.9002 cons=0.00000 teacher=0.0000 teacher_w=0.030
epoch=98 step=295/500 loss=1.1814 time=0.0221 stft=1.9066 cons=0.00000 teacher=0.0000 teacher_w=0.030
epoch=98 step=300/500 loss=1.1823 time=0.0222 stft=1.9079 cons=0.00000 teacher=0.0000 teacher_w=0.030
epoch=98 step=305/500 loss=1.1801 time=0.0222 stft=1.9043 cons=0.00000 teacher=0.0000 teacher_w=0.030
epoch=98 step=310/500 loss=1.1865 time=0.0222 stft=1.9149 cons=0.00000 teacher=0.0000 teacher_w=0.030
epoch=98 step=315/500 loss=1.1803 time=0.0222 stft=1.9045 cons=0.00000 teacher=0.0000 teacher_w=0.030
epoch=98 step=320/500 loss=1.1783 time=0.0223 stft=1.9010 cons=0.00000 teacher=0.0000 teacher_w=0.030
epoch=98 step=325/500 loss=1.1743 time=0.0223 stft=1.8940 cons=0.00000 teacher=0.0000 teacher_w=0.030
epoch=98 step=330/500 loss=1.1758 time=0.0223 stft=1.8965 cons=0.00000 teacher=0.0000 teacher_w=0.030
epoch=98 step=335/500 loss=1.1793 time=0.0222 stft=1.9025 cons=0.00000 teacher=0.0000 teacher_w=0.030
epoch=98 step=340/500 loss=1.1792 time=0.0224 stft=1.9019 cons=0.00000 teacher=0.0000 teacher_w=0.030
epoch=98 step=345/500 loss=1.1783 time=0.0225 stft=1.9001 cons=0.00000 teacher=0.0000 teacher_w=0.030
epoch=98 step=350/500 loss=1.1804 time=0.0225 stft=1.9035 cons=0.00000 teacher=0.0000 teacher_w=0.030
epoch=98 step=355/500 loss=1.1792 time=0.0225 stft=1.9014 cons=0.00000 teacher=0.0000 teacher_w=0.030
epoch=98 step=360/500 loss=1.1795 time=0.0226 stft=1.9016 cons=0.00000 teacher=0.0000 teacher_w=0.030
epoch=98 step=365/500 loss=1.1759 time=0.0225 stft=1.8957 cons=0.00000 teacher=0.0000 teacher_w=0.030
epoch=98 step=370/500 loss=1.1807 time=0.0224 stft=1.9038 cons=0.00000 teacher=0.0000 teacher_w=0.030
epoch=98 step=375/500 loss=1.1787 time=0.0224 stft=1.9005 cons=0.00000 teacher=0.0000 teacher_w=0.030
epoch=98 step=380/500 loss=1.1798 time=0.0225 stft=1.9021 cons=0.00000 teacher=0.0000 teacher_w=0.030
epoch=98 step=385/500 loss=1.1772 time=0.0226 stft=1.8973 cons=0.00000 teacher=0.0000 teacher_w=0.030
epoch=98 step=390/500 loss=1.1748 time=0.0226 stft=1.8934 cons=0.00000 teacher=0.0000 teacher_w=0.030
epoch=98 step=395/500 loss=1.1835 time=0.0226 stft=1.9082 cons=0.00000 teacher=0.0000 teacher_w=0.030
epoch=98 step=400/500 loss=1.1862 time=0.0225 stft=1.9129 cons=0.00000 teacher=0.0000 teacher_w=0.030
epoch=98 step=405/500 loss=1.1859 time=0.0225 stft=1.9124 cons=0.00000 teacher=0.0000 teacher_w=0.030
epoch=98 step=410/500 loss=1.1883 time=0.0226 stft=1.9163 cons=0.00000 teacher=0.0000 teacher_w=0.030
epoch=98 step=415/500 loss=1.1905 time=0.0226 stft=1.9197 cons=0.00000 teacher=0.0000 teacher_w=0.030
epoch=98 step=420/500 loss=1.1886 time=0.0226 stft=1.9169 cons=0.00000 teacher=0.0000 teacher_w=0.030
epoch=98 step=425/500 loss=1.1935 time=0.0225 stft=1.9253 cons=0.00000 teacher=0.0000 teacher_w=0.030
epoch=98 step=430/500 loss=1.1874 time=0.0224 stft=1.9153 cons=0.00000 teacher=0.0000 teacher_w=0.030
epoch=98 step=435/500 loss=1.1860 time=0.0224 stft=1.9129 cons=0.00000 teacher=0.0000 teacher_w=0.030
epoch=98 step=440/500 loss=1.1853 time=0.0224 stft=1.9118 cons=0.00000 teacher=0.0000 teacher_w=0.030
epoch=98 step=445/500 loss=1.1822 time=0.0225 stft=1.9064 cons=0.00000 teacher=0.0000 teacher_w=0.030
epoch=98 step=450/500 loss=1.1805 time=0.0225 stft=1.9036 cons=0.00000 teacher=0.0000 teacher_w=0.030
epoch=98 step=455/500 loss=1.1811 time=0.0224 stft=1.9047 cons=0.00000 teacher=0.0000 teacher_w=0.030
epoch=98 step=460/500 loss=1.1796 time=0.0225 stft=1.9018 cons=0.00000 teacher=0.0000 teacher_w=0.030
epoch=98 step=465/500 loss=1.1792 time=0.0225 stft=1.9014 cons=0.00000 teacher=0.0000 teacher_w=0.030
epoch=98 step=470/500 loss=1.1768 time=0.0224 stft=1.8975 cons=0.00000 teacher=0.0000 teacher_w=0.030
epoch=98 step=475/500 loss=1.1773 time=0.0224 stft=1.8984 cons=0.00000 teacher=0.0000 teacher_w=0.030
epoch=98 step=480/500 loss=1.1785 time=0.0225 stft=1.9003 cons=0.00000 teacher=0.0000 teacher_w=0.030
epoch=98 step=485/500 loss=1.1754 time=0.0225 stft=1.8951 cons=0.00000 teacher=0.0000 teacher_w=0.030
epoch=98 step=490/500 loss=1.1752 time=0.0225 stft=1.8948 cons=0.00000 teacher=0.0000 teacher_w=0.030
epoch=98 step=495/500 loss=1.1765 time=0.0225 stft=1.8968 cons=0.00000 teacher=0.0000 teacher_w=0.030
epoch=98 step=500/500 loss=1.1773 time=0.0225 stft=1.8984 cons=0.00000 teacher=0.0000 teacher_w=0.030
epoch=98 train_loss=1.1812 valid_loss=1.7547 valid_si_sdr=-17.76dB cons=0.000000 lr=1.4736e-05
epoch=99 step=1/500 loss=2.1100 time=0.0009 stft=3.5146 cons=0.00000 teacher=0.0000 teacher_w=0.030
epoch=99 step=5/500 loss=1.5757 time=0.0118 stft=2.5954 cons=0.00000 teacher=0.0000 teacher_w=0.030
epoch=99 step=10/500 loss=1.5182 time=0.0152 stft=2.4882 cons=0.00000 teacher=0.0000 teacher_w=0.030
epoch=99 step=15/500 loss=1.4426 time=0.0147 stft=2.3626 cons=0.00000 teacher=0.0000 teacher_w=0.030
epoch=99 step=20/500 loss=1.3228 time=0.0161 stft=2.1576 cons=0.00000 teacher=0.0000 teacher_w=0.030
epoch=99 step=25/500 loss=1.2990 time=0.0176 stft=2.1135 cons=0.00000 teacher=0.0000 teacher_w=0.030
epoch=99 step=30/500 loss=1.2814 time=0.0183 stft=2.0811 cons=0.00000 teacher=0.0000 teacher_w=0.030
epoch=99 step=35/500 loss=1.2421 time=0.0184 stft=2.0165 cons=0.00000 teacher=0.0000 teacher_w=0.030
epoch=99 step=40/500 loss=1.2560 time=0.0192 stft=2.0389 cons=0.00000 teacher=0.0000 teacher_w=0.030
epoch=99 step=45/500 loss=1.2262 time=0.0190 stft=1.9905 cons=0.00000 teacher=0.0000 teacher_w=0.030
epoch=99 step=50/500 loss=1.2301 time=0.0186 stft=1.9974 cons=0.00000 teacher=0.0000 teacher_w=0.030
epoch=99 step=55/500 loss=1.2375 time=0.0182 stft=2.0113 cons=0.00000 teacher=0.0000 teacher_w=0.030
epoch=99 step=60/500 loss=1.2509 time=0.0183 stft=2.0343 cons=0.00000 teacher=0.0000 teacher_w=0.030
epoch=99 step=65/500 loss=1.2322 time=0.0189 stft=2.0013 cons=0.00000 teacher=0.0000 teacher_w=0.030
epoch=99 step=70/500 loss=1.2335 time=0.0188 stft=2.0030 cons=0.00000 teacher=0.0000 teacher_w=0.030
epoch=99 step=75/500 loss=1.2281 time=0.0194 stft=1.9920 cons=0.00000 teacher=0.0000 teacher_w=0.030
epoch=99 step=80/500 loss=1.2069 time=0.0196 stft=1.9563 cons=0.00000 teacher=0.0000 teacher_w=0.030
epoch=99 step=85/500 loss=1.2228 time=0.0195 stft=1.9832 cons=0.00000 teacher=0.0000 teacher_w=0.030
epoch=99 step=90/500 loss=1.2011 time=0.0202 stft=1.9450 cons=0.00000 teacher=0.0000 teacher_w=0.030
epoch=99 step=95/500 loss=1.1798 time=0.0208 stft=1.9087 cons=0.00000 teacher=0.0000 teacher_w=0.030
epoch=99 step=100/500 loss=1.1878 time=0.0205 stft=1.9232 cons=0.00000 teacher=0.0000 teacher_w=0.030
epoch=99 step=105/500 loss=1.1749 time=0.0207 stft=1.9008 cons=0.00000 teacher=0.0000 teacher_w=0.030
epoch=99 step=110/500 loss=1.1666 time=0.0211 stft=1.8857 cons=0.00000 teacher=0.0000 teacher_w=0.030
epoch=99 step=115/500 loss=1.1745 time=0.0210 stft=1.8990 cons=0.00000 teacher=0.0000 teacher_w=0.030
epoch=99 step=120/500 loss=1.1563 time=0.0212 stft=1.8679 cons=0.00000 teacher=0.0000 teacher_w=0.030
epoch=99 step=125/500 loss=1.1686 time=0.0209 stft=1.8892 cons=0.00000 teacher=0.0000 teacher_w=0.030
epoch=99 step=130/500 loss=1.1802 time=0.0210 stft=1.9084 cons=0.00000 teacher=0.0000 teacher_w=0.030
epoch=99 step=135/500 loss=1.1823 time=0.0208 stft=1.9123 cons=0.00000 teacher=0.0000 teacher_w=0.030
epoch=99 step=140/500 loss=1.1866 time=0.0206 stft=1.9199 cons=0.00000 teacher=0.0000 teacher_w=0.030
epoch=99 step=145/500 loss=1.1836 time=0.0207 stft=1.9148 cons=0.00000 teacher=0.0000 teacher_w=0.030
epoch=99 step=150/500 loss=1.1899 time=0.0204 stft=1.9263 cons=0.00000 teacher=0.0000 teacher_w=0.030
epoch=99 step=155/500 loss=1.1953 time=0.0206 stft=1.9349 cons=0.00000 teacher=0.0000 teacher_w=0.030
epoch=99 step=160/500 loss=1.2082 time=0.0204 stft=1.9567 cons=0.00000 teacher=0.0000 teacher_w=0.030
epoch=99 step=165/500 loss=1.1986 time=0.0208 stft=1.9396 cons=0.00000 teacher=0.0000 teacher_w=0.030
epoch=99 step=170/500 loss=1.1860 time=0.0208 stft=1.9185 cons=0.00000 teacher=0.0000 teacher_w=0.030
epoch=99 step=175/500 loss=1.1964 time=0.0206 stft=1.9363 cons=0.00000 teacher=0.0000 teacher_w=0.030
epoch=99 step=180/500 loss=1.2005 time=0.0206 stft=1.9428 cons=0.00000 teacher=0.0000 teacher_w=0.030
epoch=99 step=185/500 loss=1.2004 time=0.0208 stft=1.9420 cons=0.00000 teacher=0.0000 teacher_w=0.030
epoch=99 step=190/500 loss=1.2157 time=0.0209 stft=1.9671 cons=0.00000 teacher=0.0000 teacher_w=0.030
epoch=99 step=195/500 loss=1.2088 time=0.0207 stft=1.9558 cons=0.00000 teacher=0.0000 teacher_w=0.030
epoch=99 step=200/500 loss=1.2039 time=0.0207 stft=1.9481 cons=0.00000 teacher=0.0000 teacher_w=0.030
epoch=99 step=205/500 loss=1.1982 time=0.0207 stft=1.9388 cons=0.00000 teacher=0.0000 teacher_w=0.030
epoch=99 step=210/500 loss=1.2069 time=0.0206 stft=1.9536 cons=0.00000 teacher=0.0000 teacher_w=0.030
epoch=99 step=215/500 loss=1.2044 time=0.0207 stft=1.9489 cons=0.00000 teacher=0.0000 teacher_w=0.030
epoch=99 step=220/500 loss=1.2007 time=0.0207 stft=1.9428 cons=0.00000 teacher=0.0000 teacher_w=0.030
epoch=99 step=225/500 loss=1.2050 time=0.0206 stft=1.9504 cons=0.00000 teacher=0.0000 teacher_w=0.030
epoch=99 step=230/500 loss=1.2010 time=0.0206 stft=1.9436 cons=0.00000 teacher=0.0000 teacher_w=0.030
epoch=99 step=235/500 loss=1.2006 time=0.0209 stft=1.9424 cons=0.00000 teacher=0.0000 teacher_w=0.030
epoch=99 step=240/500 loss=1.1968 time=0.0210 stft=1.9360 cons=0.00000 teacher=0.0000 teacher_w=0.030
epoch=99 step=245/500 loss=1.2001 time=0.0210 stft=1.9417 cons=0.00000 teacher=0.0000 teacher_w=0.030
epoch=99 step=250/500 loss=1.2020 time=0.0210 stft=1.9451 cons=0.00000 teacher=0.0000 teacher_w=0.030
epoch=99 step=255/500 loss=1.1987 time=0.0210 stft=1.9396 cons=0.00000 teacher=0.0000 teacher_w=0.030
epoch=99 step=260/500 loss=1.1994 time=0.0209 stft=1.9410 cons=0.00000 teacher=0.0000 teacher_w=0.030
epoch=99 step=265/500 loss=1.1941 time=0.0210 stft=1.9320 cons=0.00000 teacher=0.0000 teacher_w=0.030
epoch=99 step=270/500 loss=1.1875 time=0.0210 stft=1.9210 cons=0.00000 teacher=0.0000 teacher_w=0.030
epoch=99 step=275/500 loss=1.1822 time=0.0211 stft=1.9122 cons=0.00000 teacher=0.0000 teacher_w=0.030
epoch=99 step=280/500 loss=1.1853 time=0.0212 stft=1.9170 cons=0.00000 teacher=0.0000 teacher_w=0.030
epoch=99 step=285/500 loss=1.1862 time=0.0213 stft=1.9181 cons=0.00000 teacher=0.0000 teacher_w=0.030
epoch=99 step=290/500 loss=1.1809 time=0.0213 stft=1.9090 cons=0.00000 teacher=0.0000 teacher_w=0.030
epoch=99 step=295/500 loss=1.1881 time=0.0215 stft=1.9207 cons=0.00000 teacher=0.0000 teacher_w=0.030
epoch=99 step=300/500 loss=1.1868 time=0.0215 stft=1.9185 cons=0.00000 teacher=0.0000 teacher_w=0.030
epoch=99 step=305/500 loss=1.1835 time=0.0217 stft=1.9126 cons=0.00000 teacher=0.0000 teacher_w=0.030
epoch=99 step=310/500 loss=1.1806 time=0.0219 stft=1.9070 cons=0.00000 teacher=0.0000 teacher_w=0.030
epoch=99 step=315/500 loss=1.1791 time=0.0221 stft=1.9039 cons=0.00000 teacher=0.0000 teacher_w=0.030
epoch=99 step=320/500 loss=1.1809 time=0.0221 stft=1.9071 cons=0.00000 teacher=0.0000 teacher_w=0.030
epoch=99 step=325/500 loss=1.1792 time=0.0220 stft=1.9045 cons=0.00000 teacher=0.0000 teacher_w=0.030
epoch=99 step=330/500 loss=1.1792 time=0.0220 stft=1.9046 cons=0.00000 teacher=0.0000 teacher_w=0.030
epoch=99 step=335/500 loss=1.1789 time=0.0220 stft=1.9040 cons=0.00000 teacher=0.0000 teacher_w=0.030
epoch=99 step=340/500 loss=1.1797 time=0.0222 stft=1.9053 cons=0.00000 teacher=0.0000 teacher_w=0.030
epoch=99 step=345/500 loss=1.1839 time=0.0220 stft=1.9127 cons=0.00000 teacher=0.0000 teacher_w=0.030
epoch=99 step=350/500 loss=1.1824 time=0.0219 stft=1.9103 cons=0.00000 teacher=0.0000 teacher_w=0.030
epoch=99 step=355/500 loss=1.1814 time=0.0218 stft=1.9088 cons=0.00000 teacher=0.0000 teacher_w=0.030
epoch=99 step=360/500 loss=1.1795 time=0.0218 stft=1.9058 cons=0.00000 teacher=0.0000 teacher_w=0.030
epoch=99 step=365/500 loss=1.1797 time=0.0218 stft=1.9061 cons=0.00000 teacher=0.0000 teacher_w=0.030
epoch=99 step=370/500 loss=1.1801 time=0.0219 stft=1.9066 cons=0.00000 teacher=0.0000 teacher_w=0.030
epoch=99 step=375/500 loss=1.1828 time=0.0219 stft=1.9110 cons=0.00000 teacher=0.0000 teacher_w=0.030
epoch=99 step=380/500 loss=1.1808 time=0.0219 stft=1.9074 cons=0.00000 teacher=0.0000 teacher_w=0.030
epoch=99 step=385/500 loss=1.1799 time=0.0220 stft=1.9058 cons=0.00000 teacher=0.0000 teacher_w=0.030
epoch=99 step=390/500 loss=1.1850 time=0.0219 stft=1.9143 cons=0.00000 teacher=0.0000 teacher_w=0.030
epoch=99 step=395/500 loss=1.1867 time=0.0219 stft=1.9172 cons=0.00000 teacher=0.0000 teacher_w=0.030
epoch=99 step=400/500 loss=1.1851 time=0.0219 stft=1.9147 cons=0.00000 teacher=0.0000 teacher_w=0.030
epoch=99 step=405/500 loss=1.1913 time=0.0218 stft=1.9253 cons=0.00000 teacher=0.0000 teacher_w=0.030
epoch=99 step=410/500 loss=1.1885 time=0.0218 stft=1.9207 cons=0.00000 teacher=0.0000 teacher_w=0.030
epoch=99 step=415/500 loss=1.1850 time=0.0217 stft=1.9150 cons=0.00000 teacher=0.0000 teacher_w=0.030
epoch=99 step=420/500 loss=1.1856 time=0.0218 stft=1.9157 cons=0.00000 teacher=0.0000 teacher_w=0.030
epoch=99 step=425/500 loss=1.1870 time=0.0218 stft=1.9181 cons=0.00000 teacher=0.0000 teacher_w=0.030
epoch=99 step=430/500 loss=1.1899 time=0.0218 stft=1.9228 cons=0.00000 teacher=0.0000 teacher_w=0.030
epoch=99 step=435/500 loss=1.1936 time=0.0217 stft=1.9291 cons=0.00000 teacher=0.0000 teacher_w=0.030
epoch=99 step=440/500 loss=1.1921 time=0.0217 stft=1.9267 cons=0.00000 teacher=0.0000 teacher_w=0.030
epoch=99 step=445/500 loss=1.1900 time=0.0217 stft=1.9232 cons=0.00000 teacher=0.0000 teacher_w=0.030
epoch=99 step=450/500 loss=1.1923 time=0.0217 stft=1.9271 cons=0.00000 teacher=0.0000 teacher_w=0.030
epoch=99 step=455/500 loss=1.1904 time=0.0216 stft=1.9240 cons=0.00000 teacher=0.0000 teacher_w=0.030
epoch=99 step=460/500 loss=1.1914 time=0.0216 stft=1.9260 cons=0.00000 teacher=0.0000 teacher_w=0.030
epoch=99 step=465/500 loss=1.1907 time=0.0217 stft=1.9243 cons=0.00000 teacher=0.0000 teacher_w=0.030
epoch=99 step=470/500 loss=1.1987 time=0.0217 stft=1.9378 cons=0.00000 teacher=0.0000 teacher_w=0.030
epoch=99 step=475/500 loss=1.1960 time=0.0218 stft=1.9331 cons=0.00000 teacher=0.0000 teacher_w=0.030
epoch=99 step=480/500 loss=1.1976 time=0.0218 stft=1.9357 cons=0.00000 teacher=0.0000 teacher_w=0.030
epoch=99 step=485/500 loss=1.1945 time=0.0218 stft=1.9303 cons=0.00000 teacher=0.0000 teacher_w=0.030
epoch=99 step=490/500 loss=1.1913 time=0.0218 stft=1.9252 cons=0.00000 teacher=0.0000 teacher_w=0.030
epoch=99 step=495/500 loss=1.1892 time=0.0219 stft=1.9213 cons=0.00000 teacher=0.0000 teacher_w=0.030
epoch=99 step=500/500 loss=1.1867 time=0.0219 stft=1.9171 cons=0.00000 teacher=0.0000 teacher_w=0.030
epoch=99 train_loss=1.1844 valid_loss=1.7504 valid_si_sdr=-17.70dB cons=0.000000 lr=1.33975e-05
epoch=100 step=1/500 loss=0.8195 time=0.0150 stft=1.3256 cons=0.00000 teacher=0.0000 teacher_w=0.030
epoch=100 step=5/500 loss=1.1550 time=0.0214 stft=1.8734 cons=0.00000 teacher=0.0000 teacher_w=0.030
epoch=100 step=10/500 loss=1.1243 time=0.0223 stft=1.8189 cons=0.00000 teacher=0.0000 teacher_w=0.030
epoch=100 step=15/500 loss=1.1315 time=0.0225 stft=1.8260 cons=0.00000 teacher=0.0000 teacher_w=0.030
epoch=100 step=20/500 loss=1.2601 time=0.0209 stft=2.0428 cons=0.00000 teacher=0.0000 teacher_w=0.030
epoch=100 step=25/500 loss=1.2134 time=0.0189 stft=1.9705 cons=0.00000 teacher=0.0000 teacher_w=0.030
epoch=100 step=30/500 loss=1.2473 time=0.0190 stft=2.0273 cons=0.00000 teacher=0.0000 teacher_w=0.030
epoch=100 step=35/500 loss=1.2081 time=0.0202 stft=1.9585 cons=0.00000 teacher=0.0000 teacher_w=0.030
epoch=100 step=40/500 loss=1.1558 time=0.0203 stft=1.8717 cons=0.00000 teacher=0.0000 teacher_w=0.030
epoch=100 step=45/500 loss=1.1624 time=0.0207 stft=1.8812 cons=0.00000 teacher=0.0000 teacher_w=0.030
epoch=100 step=50/500 loss=1.1570 time=0.0213 stft=1.8696 cons=0.00000 teacher=0.0000 teacher_w=0.030
epoch=100 step=55/500 loss=1.1578 time=0.0218 stft=1.8698 cons=0.00000 teacher=0.0000 teacher_w=0.030
epoch=100 step=60/500 loss=1.1437 time=0.0222 stft=1.8458 cons=0.00000 teacher=0.0000 teacher_w=0.030
epoch=100 step=65/500 loss=1.1528 time=0.0226 stft=1.8593 cons=0.00000 teacher=0.0000 teacher_w=0.030
epoch=100 step=70/500 loss=1.1749 time=0.0224 stft=1.8955 cons=0.00000 teacher=0.0000 teacher_w=0.030
epoch=100 step=75/500 loss=1.1850 time=0.0221 stft=1.9131 cons=0.00000 teacher=0.0000 teacher_w=0.030
epoch=100 step=80/500 loss=1.1800 time=0.0222 stft=1.9040 cons=0.00000 teacher=0.0000 teacher_w=0.030
epoch=100 step=85/500 loss=1.1717 time=0.0226 stft=1.8891 cons=0.00000 teacher=0.0000 teacher_w=0.030
epoch=100 step=90/500 loss=1.1476 time=0.0229 stft=1.8476 cons=0.00000 teacher=0.0000 teacher_w=0.030
epoch=100 step=95/500 loss=1.1608 time=0.0231 stft=1.8696 cons=0.00000 teacher=0.0000 teacher_w=0.030
epoch=100 step=100/500 loss=1.1721 time=0.0232 stft=1.8875 cons=0.00000 teacher=0.0000 teacher_w=0.030
epoch=100 step=105/500 loss=1.1647 time=0.0229 stft=1.8761 cons=0.00000 teacher=0.0000 teacher_w=0.030
epoch=100 step=110/500 loss=1.1520 time=0.0233 stft=1.8537 cons=0.00000 teacher=0.0000 teacher_w=0.030
epoch=100 step=115/500 loss=1.1466 time=0.0236 stft=1.8439 cons=0.00000 teacher=0.0000 teacher_w=0.030
epoch=100 step=120/500 loss=1.1426 time=0.0233 stft=1.8379 cons=0.00000 teacher=0.0000 teacher_w=0.030
epoch=100 step=125/500 loss=1.1281 time=0.0232 stft=1.8137 cons=0.00000 teacher=0.0000 teacher_w=0.030
epoch=100 step=130/500 loss=1.1507 time=0.0226 stft=1.8529 cons=0.00000 teacher=0.0000 teacher_w=0.030
epoch=100 step=135/500 loss=1.1616 time=0.0233 stft=1.8686 cons=0.00000 teacher=0.0000 teacher_w=0.030
epoch=100 step=140/500 loss=1.1832 time=0.0228 stft=1.9060 cons=0.00000 teacher=0.0000 teacher_w=0.030
epoch=100 step=145/500 loss=1.1707 time=0.0229 stft=1.8850 cons=0.00000 teacher=0.0000 teacher_w=0.030
epoch=100 step=150/500 loss=1.1775 time=0.0229 stft=1.8963 cons=0.00000 teacher=0.0000 teacher_w=0.030
epoch=100 step=155/500 loss=1.1983 time=0.0227 stft=1.9319 cons=0.00000 teacher=0.0000 teacher_w=0.030
epoch=100 step=160/500 loss=1.1986 time=0.0228 stft=1.9324 cons=0.00000 teacher=0.0000 teacher_w=0.030
epoch=100 step=165/500 loss=1.2015 time=0.0228 stft=1.9375 cons=0.00000 teacher=0.0000 teacher_w=0.030
epoch=100 step=170/500 loss=1.1984 time=0.0227 stft=1.9322 cons=0.00000 teacher=0.0000 teacher_w=0.030
epoch=100 step=175/500 loss=1.2033 time=0.0227 stft=1.9404 cons=0.00000 teacher=0.0000 teacher_w=0.030
epoch=100 step=180/500 loss=1.2025 time=0.0225 stft=1.9397 cons=0.00000 teacher=0.0000 teacher_w=0.030
epoch=100 step=185/500 loss=1.2126 time=0.0224 stft=1.9571 cons=0.00000 teacher=0.0000 teacher_w=0.030
epoch=100 step=190/500 loss=1.2053 time=0.0223 stft=1.9452 cons=0.00000 teacher=0.0000 teacher_w=0.030
epoch=100 step=195/500 loss=1.2014 time=0.0222 stft=1.9391 cons=0.00000 teacher=0.0000 teacher_w=0.030
epoch=100 step=200/500 loss=1.1997 time=0.0222 stft=1.9362 cons=0.00000 teacher=0.0000 teacher_w=0.030
epoch=100 step=205/500 loss=1.2118 time=0.0220 stft=1.9568 cons=0.00000 teacher=0.0000 teacher_w=0.030
epoch=100 step=210/500 loss=1.2107 time=0.0219 stft=1.9553 cons=0.00000 teacher=0.0000 teacher_w=0.030
epoch=100 step=215/500 loss=1.2041 time=0.0221 stft=1.9441 cons=0.00000 teacher=0.0000 teacher_w=0.030
epoch=100 step=220/500 loss=1.2005 time=0.0221 stft=1.9381 cons=0.00000 teacher=0.0000 teacher_w=0.030
epoch=100 step=225/500 loss=1.1944 time=0.0219 stft=1.9284 cons=0.00000 teacher=0.0000 teacher_w=0.030
epoch=100 step=230/500 loss=1.1917 time=0.0219 stft=1.9239 cons=0.00000 teacher=0.0000 teacher_w=0.030
epoch=100 step=235/500 loss=1.1948 time=0.0219 stft=1.9292 cons=0.00000 teacher=0.0000 teacher_w=0.030
epoch=100 step=240/500 loss=1.1872 time=0.0219 stft=1.9163 cons=0.00000 teacher=0.0000 teacher_w=0.030
epoch=100 step=245/500 loss=1.1871 time=0.0219 stft=1.9162 cons=0.00000 teacher=0.0000 teacher_w=0.030
epoch=100 step=250/500 loss=1.1971 time=0.0218 stft=1.9334 cons=0.00000 teacher=0.0000 teacher_w=0.030
epoch=100 step=255/500 loss=1.1971 time=0.0218 stft=1.9331 cons=0.00000 teacher=0.0000 teacher_w=0.030
epoch=100 step=260/500 loss=1.2001 time=0.0218 stft=1.9380 cons=0.00000 teacher=0.0000 teacher_w=0.030
epoch=100 step=265/500 loss=1.2068 time=0.0217 stft=1.9494 cons=0.00000 teacher=0.0000 teacher_w=0.030
epoch=100 step=270/500 loss=1.2088 time=0.0216 stft=1.9532 cons=0.00000 teacher=0.0000 teacher_w=0.030
epoch=100 step=275/500 loss=1.2059 time=0.0219 stft=1.9479 cons=0.00000 teacher=0.0000 teacher_w=0.030
epoch=100 step=280/500 loss=1.2098 time=0.0218 stft=1.9548 cons=0.00000 teacher=0.0000 teacher_w=0.030
epoch=100 step=285/500 loss=1.2098 time=0.0217 stft=1.9549 cons=0.00000 teacher=0.0000 teacher_w=0.030
epoch=100 step=290/500 loss=1.2070 time=0.0218 stft=1.9500 cons=0.00000 teacher=0.0000 teacher_w=0.030
epoch=100 step=295/500 loss=1.2025 time=0.0217 stft=1.9427 cons=0.00000 teacher=0.0000 teacher_w=0.030
epoch=100 step=300/500 loss=1.2032 time=0.0217 stft=1.9438 cons=0.00000 teacher=0.0000 teacher_w=0.030
epoch=100 step=305/500 loss=1.2047 time=0.0216 stft=1.9465 cons=0.00000 teacher=0.0000 teacher_w=0.030
epoch=100 step=310/500 loss=1.2071 time=0.0217 stft=1.9505 cons=0.00000 teacher=0.0000 teacher_w=0.030
epoch=100 step=315/500 loss=1.2087 time=0.0217 stft=1.9532 cons=0.00000 teacher=0.0000 teacher_w=0.030
epoch=100 step=320/500 loss=1.2075 time=0.0217 stft=1.9513 cons=0.00000 teacher=0.0000 teacher_w=0.030
epoch=100 step=325/500 loss=1.2218 time=0.0216 stft=1.9754 cons=0.00000 teacher=0.0000 teacher_w=0.030
epoch=100 step=330/500 loss=1.2180 time=0.0215 stft=1.9694 cons=0.00000 teacher=0.0000 teacher_w=0.030
epoch=100 step=335/500 loss=1.2140 time=0.0214 stft=1.9630 cons=0.00000 teacher=0.0000 teacher_w=0.030
epoch=100 step=340/500 loss=1.2106 time=0.0215 stft=1.9570 cons=0.00000 teacher=0.0000 teacher_w=0.030
epoch=100 step=345/500 loss=1.2120 time=0.0215 stft=1.9590 cons=0.00000 teacher=0.0000 teacher_w=0.030
epoch=100 step=350/500 loss=1.2107 time=0.0214 stft=1.9571 cons=0.00000 teacher=0.0000 teacher_w=0.030
epoch=100 step=355/500 loss=1.2123 time=0.0214 stft=1.9598 cons=0.00000 teacher=0.0000 teacher_w=0.030
epoch=100 step=360/500 loss=1.2123 time=0.0214 stft=1.9600 cons=0.00000 teacher=0.0000 teacher_w=0.030
epoch=100 step=365/500 loss=1.2109 time=0.0213 stft=1.9578 cons=0.00000 teacher=0.0000 teacher_w=0.030
epoch=100 step=370/500 loss=1.2122 time=0.0213 stft=1.9601 cons=0.00000 teacher=0.0000 teacher_w=0.030
epoch=100 step=375/500 loss=1.2116 time=0.0213 stft=1.9593 cons=0.00000 teacher=0.0000 teacher_w=0.030
epoch=100 step=380/500 loss=1.2088 time=0.0213 stft=1.9546 cons=0.00000 teacher=0.0000 teacher_w=0.030
epoch=100 step=385/500 loss=1.2044 time=0.0213 stft=1.9472 cons=0.00000 teacher=0.0000 teacher_w=0.030
epoch=100 step=390/500 loss=1.2075 time=0.0212 stft=1.9526 cons=0.00000 teacher=0.0000 teacher_w=0.030
epoch=100 step=395/500 loss=1.2088 time=0.0213 stft=1.9546 cons=0.00000 teacher=0.0000 teacher_w=0.030
